year,team,slot,round,pick,player,pos
2025,Ach,1,1,1,Ja'Marr Chase,WR
2025,Ach,1,2,20,Jonathan Taylor,RB
2025,Ach,1,3,21,Tyreek Hill,WR
2025,Ach,1,4,40,Joe Burrow,QB
2025,Ach,1,5,41,DK Metcalf,WR
2025,Ach,1,6,60,Zay Flowers,WR
2025,Ach,1,7,61,Sam LaPorta,TE
2025,Ach,1,8,80,Jaylen Warren,RB
2025,Ach,1,9,81,Jerry Jeudy,WR
2025,Ach,1,10,100,Chris Godwin,WR
2025,Ach,1,11,101,Cam Skattebo,RB
2025,Ach,1,12,120,Najee Harris,RB
2025,Ach,1,13,121,Jerome Ford,RB
2025,Ach,1,14,140,Houston Texans,DST
2025,Ach,1,15,141,Marquise Brown,WR
2025,Abu Ali,2,1,2,Saquon Barkley,RB
2025,Abu Ali,2,2,19,Bucky Irving,RB
2025,Abu Ali,2,3,22,Tee Higgins,WR
2025,Abu Ali,2,4,39,Lamar Jackson,QB
2025,Abu Ali,2,5,42,Tetairoa McMillan,WR
2025,Abu Ali,2,6,59,DJ Moore,WR
2025,Abu Ali,2,7,62,Travis Kelce,TE
2025,Abu Ali,2,8,79,Javonte Williams,RB
2025,Abu Ali,2,9,82,Michael Pittman,WR
2025,Abu Ali,2,10,99,Austin Ekeler,RB
2025,Abu Ali,2,11,102,Rashid Shaheed,WR
2025,Abu Ali,2,12,119,Adam Thielen,WR
2025,Abu Ali,2,13,122,Raheem Mostert,RB
2025,Abu Ali,2,14,139,Minnesota Vikings,DST
2025,Abu Ali,2,15,142,Jalen McMillan,WR
2025,Ish,3,1,3,Bijan Robinson,RB
2025,Ish,3,2,18,Josh Jacobs,RB
2025,Ish,3,3,23,Kenneth Walker,RB
2025,Ish,3,4,38,Garrett Wilson,WR
2025,Ish,3,5,43,Jalen Hurts,QB
2025,Ish,3,6,58,George Pickens,WR
2025,Ish,3,7,63,RJ Harvey,RB
2025,Ish,3,8,78,Stefon Diggs,WR
2025,Ish,3,9,83,Travis Etienne,RB
2025,Ish,3,10,98,Jayden Higgins,WR
2025,Ish,3,11,103,Tre Harris,WR
2025,Ish,3,12,118,Colston Loveland,TE
2025,Ish,3,13,123,Dont'e Thornton,WR
2025,Ish,3,14,138,San Francisco 49ers,DST
2025,Ish,3,15,143,Woody Marks,RB
2025,Sleiman,4,1,4,Jahmyr Gibbs,RB
2025,Sleiman,4,2,17,Drake London,WR
2025,Sleiman,4,3,24,Chase Brown,RB
2025,Sleiman,4,4,37,TreVeyon Henderson,RB
2025,Sleiman,4,5,44,Courtland Sutton,WR
2025,Sleiman,4,6,57,Emeka Egbuka,WR
2025,Sleiman,4,7,64,David Montgomery,RB
2025,Sleiman,4,8,77,Chris Olave,WR
2025,Sleiman,4,9,84,Travis Hunter,WR
2025,Sleiman,4,10,97,Khalil Shakir,WR
2025,Sleiman,4,11,104,Josh Downs,WR
2025,Sleiman,4,12,117,Evan Engram,TE
2025,Sleiman,4,13,124,Jauan Jennings,WR
2025,Sleiman,4,14,137,Los Angeles Rams,DST
2025,Sleiman,4,15,144,Dak Prescott,QB
2025,Doug,5,1,5,Justin Jefferson,WR
2025,Doug,5,2,16,De'Von Achane,RB
2025,Doug,5,3,25,Ladd McConkey,WR
2025,Doug,5,4,36,Terry McLaurin,WR
2025,Doug,5,5,45,Tony Pollard,RB
2025,Doug,5,6,56,George Kittle,TE
2025,Doug,5,7,65,Calvin Ridley,WR
2025,Doug,5,8,76,Tyrone Tracy,RB
2025,Doug,5,9,85,Bo Nix,QB
2025,Doug,5,10,96,Jordan Mason,RB
2025,Doug,5,11,105,Trey Benson,RB
2025,Doug,5,12,116,Ollie Gordon,RB
2025,Doug,5,13,125,Christian Kirk,WR
2025,Doug,5,14,136,New England Patriots,DST
2025,Doug,5,15,145,Trevor Lawrence,QB
2025,Kass,6,1,6,Christian McCaffrey,RB
2025,Kass,6,2,15,A.J. Brown,WR
2025,Kass,6,3,26,Davante Adams,WR
2025,Kass,6,4,35,Marvin Harrison,WR
2025,Kass,6,5,46,Breece Hall,RB
2025,Kass,6,6,55,Aaron Jones,RB
2025,Kass,6,7,66,DeVonta Smith,WR
2025,Kass,6,8,75,T.J. Hockenson,TE
2025,Kass,6,9,86,Deebo Samuel,WR
2025,Kass,6,10,95,Brian Robinson,RB
2025,Kass,6,11,106,Keon Coleman,WR
2025,Kass,6,12,115,Nick Chubb,RB
2025,Kass,6,13,126,Tyler Allgeier,RB
2025,Kass,6,14,135,Jared Goff,QB
2025,Kass,6,15,146,Philadelphia Eagles,DST
2025,Mexican (you),7,1,7,CeeDee Lamb,WR
2025,Mexican (you),7,2,14,Brian Thomas,WR
2025,Mexican (you),7,3,27,James Cook,RB
2025,Mexican (you),7,4,34,Omarion Hampton,RB
2025,Mexican (you),7,5,47,Patrick Mahomes,QB
2025,Mexican (you),7,6,54,Rashee Rice,WR
2025,Mexican (you),7,7,67,Xavier Worthy,WR
2025,Mexican (you),7,8,74,Cooper Kupp,WR
2025,Mexican (you),7,9,87,J.K. Dobbins,RB
2025,Mexican (you),7,10,94,Joe Mixon,RB
2025,Mexican (you),7,11,107,Keenan Allen,WR
2025,Mexican (you),7,12,114,Darnell Mooney,WR
2025,Mexican (you),7,13,127,Brandon Aiyuk,WR
2025,Mexican (you),7,14,134,Detroit Lions,DST
2025,Mexican (you),7,15,147,Dalton Kincaid,TE
2025,Moe,8,1,8,Malik Nabers,WR
2025,Moe,8,2,13,Puka Nacua,WR
2025,Moe,8,3,28,Brock Bowers,TE
2025,Moe,8,4,33,Kyren Williams,RB
2025,Moe,8,5,48,Alvin Kamara,RB
2025,Moe,8,6,53,James Conner,RB
2025,Moe,8,7,68,Jaylen Waddle,WR
2025,Moe,8,8,73,Baker Mayfield,QB
2025,Moe,8,9,88,Rome Odunze,WR
2025,Moe,8,10,93,Jakobi Meyers,WR
2025,Moe,8,11,108,Jayden Reed,WR
2025,Moe,8,12,113,Rhamondre Stevenson,RB
2025,Moe,8,13,128,Xavier Legette,WR
2025,Moe,8,14,133,Denver Broncos,DST
2025,Moe,8,15,148,Tank Bigsby,RB
2025,Betto,9,1,9,Ashton Jeanty,RB
2025,Betto,9,2,12,Amon-Ra St. Brown,WR
2025,Betto,9,3,29,Jaxon Smith-Njigba,WR
2025,Betto,9,4,32,Jayden Daniels,QB
2025,Betto,9,5,49,Chuba Hubbard,RB
2025,Betto,9,6,52,Jameson Williams,WR
2025,Betto,9,7,69,Matthew Golden,WR
2025,Betto,9,8,72,Jacory Croskey-Merritt,RB
2025,Betto,9,9,89,Kaleb Johnson,RB
2025,Betto,9,10,92,Mark Andrews,TE
2025,Betto,9,11,109,Rachaad White,RB
2025,Betto,9,12,112,Pittsburgh Steelers,DST
2025,Betto,9,13,129,Marvin Mims,WR
2025,Betto,9,14,132,Isaac TeSlaa,WR
2025,Betto,9,15,149,Luther Burden,WR
2025,Billy,10,1,10,Nico Collins,WR
2025,Billy,10,2,11,Derrick Henry,RB
2025,Billy,10,3,30,Josh Allen,QB
2025,Billy,10,4,31,Trey McBride,TE
2025,Billy,10,5,50,Mike Evans,WR
2025,Billy,10,6,51,D'Andre Swift,RB
2025,Billy,10,7,70,Isiah Pacheco,RB
2025,Billy,10,8,71,Ricky Pearsall,WR
2025,Billy,10,9,90,Zach Charbonnet,RB
2025,Billy,10,10,91,Jordan Addison,WR
2025,Billy,10,11,110,Tyler Warren,TE
2025,Billy,10,12,111,Braelon Allen,RB
2025,Billy,10,13,130,Baltimore Ravens,DST
2025,Billy,10,14,131,Kyle Williams,WR
2025,Billy,10,15,150,Jack Bech,WR
