manager,player,pos,nfl,age,draft_pick,draft_round,pre_ecr,ros_ovr,ros_pos,ros_delta,wk3_rank,pts_w1,pts_w2,ep_w1,ep_w2,snap_w1,snap_w2,tgt_car_w1,tgt_car_w2,inj,inj_type,practice,name_value,draft_value,current_value,ppg,ep2,perceived,flags
Aoc,Jahmyr Gibbs,RB,DET,24.0,2.0,1.0,2.48,1.0,1.0,,1.42,33.6,23.3,32.6,21.8,0.74,0.83,"(5, 29)","(8, 16)",,,,94.6,95.7,97.8,28.450000000000003,27.200000000000003,96.1,
Aoc,Zay Flowers,WR,BAL,26.0,42.0,5.0,30.3,24.5,11.67,,28.55,26.0,,11.9,,0.29,,"(6, 0)",,,,,51.0,39.3,58.0,26.0,11.9,57.4,OUTPUT>USAGE
Aoc,A.J. Brown,WR,NE,29.0,19.0,2.0,14.25,39.17,19.33,-13.0,,5.6,,5.7,,0.44,,"(4, 0)",,,,,72.9,65.6,41.9,5.6,5.7,51.3,BUY-LOW FALLING
Aoc,Garrett Wilson,WR,NYJ,26.0,39.0,4.0,29.62,33.67,16.17,,11.23,13.9,16.7,12.5,,0.75,0.88,"(7, 0)","(7, 0)",,,,51.8,42.0,47.3,15.3,12.5,48.4,
Aoc,Brock Bowers,TE,LV,24.0,22.0,3.0,19.03,35.67,2.0,-1.0,34.6,,,,,,,,,,,,65.5,61.3,45.3,,,47.0,
Aoc,Joe Burrow,QB,CIN,30.0,62.0,7.0,45.81,59.83,6.0,,10.37,16.2,20.2,21.2,,1.0,1.0,"(0, 5)","(0, 1)",,,,36.1,25.2,26.5,18.2,21.2,34.3,
Aoc,Marvin Harrison Jr.,WR,ARI,24.0,59.0,6.0,68.6,74.0,37.67,,42.35,4.3,0.0,4.8,,0.79,0.74,"(3, 0)","(1, 0)",,,,21.8,27.0,19.3,2.15,4.8,19.4,
Aoc,Deebo Samuel Sr.,WR,SF,30.0,122.0,13.0,138.51,89.33,46.0,,36.18,18.0,6.5,16.8,,0.42,0.6,"(7, 1)","(4, 1)",,,,4.6,6.6,13.7,12.25,16.8,14.0,USAGE>OUTPUT AGE NAME<CURRENT
Aoc,Rico Dowdle,RB,PIT,28.0,84.0,9.0,88.82,100.17,28.2,6.0,33.64,4.1,6.4,11.0,,0.58,0.26,"(5, 8)","(2, 7)",,,,13.9,15.5,10.8,5.25,11.0,13.4,USAGE>OUTPUT AGE RISING
Aoc,Kyle Monangai,RB,CHI,24.0,102.0,11.0,116.95,149.33,37.6,,33.45,20.4,7.8,9.0,,0.43,0.34,"(2, 10)","(2, 10)",,,,7.4,10.4,3.6,14.1,9.0,12.3,SELL-HIGH OUTPUT>USAGE NAME>CURRENT
Aoc,RJ Harvey,RB,DEN,25.0,99.0,10.0,97.46,133.83,34.2,5.0,34.24,8.1,,7.0,,0.51,,"(4, 3)",,,,,11.5,11.1,5.1,8.1,7.0,11.2,RISING NAME>CURRENT
Aoc,Juwan Johnson,TE,NO,30.0,,,134.2,122.83,13.8,,10.82,14.4,10.6,14.7,,0.84,0.53,"(7, 0)","(4, 0)",,,,5.1,5.0,6.5,12.5,14.7,11.1,AGE
Aoc,J.K. Dobbins,RB,DEN,28.0,79.0,8.0,100.48,129.67,32.4,5.0,32.86,3.6,3.6,3.9,,0.43,0.34,"(0, 8)","(0, 10)",,,,10.7,17.3,5.6,3.6,3.9,9.8,AGE RISING NAME>CURRENT
Aoc,MarShawn Lloyd,RB,GB,25.0,82.0,9.0,179.03,136.17,34.6,-5.0,30.59,3.7,8.6,9.1,,0.44,0.27,"(1, 13)","(2, 6)",,,,1.9,16.2,4.9,6.15,9.1,8.0,FALLING NAME<CURRENT
Aoc,Denver Broncos,DST,DEN,,119.0,12.0,163.88,171.0,3.14,,,,,,,,,,,,,,2.6,7.1,2.2,,,2.7,
Aoc,Kansas City Chiefs,DST,KC,,,,209.54,208.0,13.86,,,,,,,,,,,,,,1.0,5.0,1.0,,,1.5,
Betto,Amon-Ra St. Brown,WR,DET,27.0,6.0,1.0,5.42,7.33,3.33,-1.0,2.27,28.7,35.2,26.1,24.9,0.9,0.95,"(14, 0)","(13, 0)",,,,88.7,87.5,85.0,31.950000000000003,25.5,88.7,OUTPUT>USAGE
Betto,Trey McBride,TE,ARI,27.0,26.0,3.0,21.0,26.33,1.0,1.0,1.0,24.5,18.1,24.2,,0.8,0.88,"(13, 0)","(10, 0)",,,,62.7,56.1,55.7,21.3,24.2,60.2,
Betto,Omarion Hampton,RB,LAC,23.0,15.0,2.0,25.57,21.67,11.6,-2.0,12.74,8.3,17.5,7.2,,0.58,0.63,"(0, 12)","(2, 23)",,,,56.7,71.7,61.8,12.9,7.2,58.9,OUTPUT>USAGE
Betto,Ladd McConkey,WR,LAC,25.0,35.0,4.0,34.85,40.67,20.5,,40.98,19.2,6.5,16.5,,0.49,0.46,"(7, 0)","(3, 0)",,,,46.1,45.9,40.5,12.85,16.5,43.3,
Betto,D'Andre Swift,RB,CHI,27.0,55.0,6.0,54.7,39.33,15.4,,15.01,32.4,12.9,17.5,,0.57,0.68,"(1, 18)","(5, 16)",,,,29.7,29.5,41.7,22.65,17.5,41.3,OUTPUT>USAGE
Betto,Luther Burden III,WR,CHI,23.0,46.0,5.0,46.99,50.5,25.5,,24.13,9.5,6.2,8.6,,0.73,0.57,"(5, 1)","(7, 0)",,,,35.2,36.0,32.6,7.85,8.6,32.9,
Betto,Justin Herbert,QB,LAC,28.0,75.0,8.0,71.63,69.5,9.4,,9.39,15.3,9.9,20.1,,1.0,1.0,"(0, 5)","(0, 3)",,,,20.4,18.9,21.3,12.600000000000001,20.1,23.8,USAGE>OUTPUT
Betto,Stefon Diggs,WR,WAS,33.0,95.0,10.0,96.49,70.83,36.17,,29.9,15.5,21.7,14.2,,0.63,0.51,"(9, 0)","(6, 0)",,,,11.7,12.1,20.7,18.6,14.2,22.9,SELL-HIGH AGE NAME<CURRENT
Betto,Jared Goff,QB,DET,32.0,,,106.4,106.0,14.6,,12.65,20.4,39.8,22.0,20.9,1.0,1.0,"(0, 2)","(0, 3)",,,,9.4,5.0,9.5,30.099999999999998,21.45,22.4,SELL-HIGH OUTPUT>USAGE
Betto,Rhamondre Stevenson,RB,NE,28.0,66.0,7.0,77.27,74.5,24.0,5.0,20.97,14.5,3.6,17.5,,0.85,0.36,"(6, 18)","(2, 6)",,,,18.0,23.1,19.1,9.05,17.5,21.0,USAGE>OUTPUT AGE RISING
Betto,Tucker Kraft,TE,GB,26.0,86.0,9.0,80.46,88.67,6.0,-1.0,7.21,9.5,3.5,10.7,,0.66,0.98,"(6, 0)","(3, 0)",,,,16.7,14.8,13.9,6.5,10.7,16.0,USAGE>OUTPUT
Betto,Khalil Shakir,WR,BUF,26.0,115.0,12.0,123.36,105.83,53.17,,42.79,9.0,6.8,14.5,11.7,0.53,0.49,"(6, 0)","(6, 0)",,,,6.4,7.8,9.5,7.9,13.1,10.8,USAGE>OUTPUT
Betto,Kenny Gainwell,RB,TB,27.0,106.0,11.0,100.1,137.83,36.6,-4.0,33.86,2.8,4.5,3.7,,,,"(1, 5)","(4, 2)",,,,10.8,9.5,4.7,3.65,3.7,8.4,NAME>CURRENT
Betto,Zach Charbonnet,RB,SEA,25.0,135.0,14.0,154.18,221.17,54.0,,,,,,,,,,,,,,3.3,5.0,0.7,,,2.0,NAME>CURRENT
Betto,Jalen McMillan,WR,TB,25.0,146.0,15.0,172.6,179.0,71.83,,90.98,,,,,,0.11,,,,,,2.2,3.9,1.9,,,2.0,
Betto,Baltimore Ravens,DST,BAL,,126.0,13.0,198.22,188.67,10.71,,,,,,,,,,,,,,1.2,6.1,1.5,,,1.9,
Billy,Ja'Marr Chase,WR,CIN,26.0,3.0,1.0,1.55,2.67,1.17,,3.7,3.2,26.5,7.8,,0.94,0.88,"(4, 0)","(9, 0)",,,,96.6,93.6,94.2,14.85,7.8,88.1,OUTPUT>USAGE
Billy,Kenneth Walker III,RB,KC,26.0,23.0,3.0,26.05,12.17,6.2,,5.19,34.1,23.8,26.1,,0.68,0.82,"(6, 23)","(10, 24)",,,,56.1,60.0,76.3,28.950000000000003,26.1,70.8,
Billy,Ashton Jeanty,RB,LV,23.0,18.0,2.0,26.37,17.33,9.2,2.0,6.45,32.7,10.3,24.4,,0.74,0.81,"(6, 23)","(7, 21)",,,,55.7,67.0,68.0,21.5,24.4,64.7,
Billy,Rashee Rice,WR,KC,26.0,38.0,4.0,24.68,35.5,17.33,3.0,14.74,9.9,12.3,3.0,,0.83,0.79,"(2, 0)","(6, 0)",,,,57.8,43.0,45.4,11.100000000000001,3.0,47.5,OUTPUT>USAGE
Billy,Parker Washington,WR,JAC,24.0,63.0,7.0,63.29,44.67,22.17,3.0,18.47,19.3,16.8,11.9,,0.61,0.81,"(6, 0)","(12, 0)",,,,24.5,24.7,37.1,18.05,11.9,34.9,OUTPUT>USAGE
Billy,Caleb Williams,QB,CHI,25.0,123.0,13.0,67.1,44.83,4.8,,4.48,41.3,7.7,30.9,,1.0,0.86,"(0, 10)","(0, 5)",,,,22.5,6.5,36.9,24.5,30.9,34.7,USAGE>OUTPUT
Billy,Colston Loveland,TE,CHI,22.0,43.0,5.0,37.44,43.0,3.0,,3.09,0.0,1.3,6.3,,0.87,0.86,"(2, 0)","(3, 0)",,,,43.5,38.5,38.5,0.65,6.3,34.6,BUY-LOW USAGE>OUTPUT
Billy,Bhayshul Tuten,RB,JAC,24.0,58.0,6.0,67.19,58.83,22.0,,27.22,9.8,14.2,9.5,,0.49,0.51,"(1, 15)","(2, 13)",,,,22.5,27.6,27.1,12.0,9.5,27.7,
Billy,Trevor Lawrence,QB,JAC,27.0,,,77.84,61.17,6.2,,10.63,34.1,6.2,15.4,,0.88,1.0,"(0, 2)","(0, 2)",,,,17.7,5.0,25.7,20.150000000000002,15.4,26.4,
Billy,Jaylen Warren,RB,PIT,28.0,78.0,8.0,77.34,86.67,26.2,,26.66,10.3,9.7,16.6,,0.37,0.71,"(6, 10)","(4, 11)",,,,17.9,17.7,14.6,10.0,16.6,18.9,USAGE>OUTPUT AGE
Billy,Dalton Kincaid,TE,BUF,27.0,138.0,14.0,112.42,105.67,9.2,3.0,4.35,18.0,22.5,10.7,16.7,0.72,0.66,"(6, 0)","(8, 0)",,,,8.2,4.7,9.6,20.25,13.7,17.1,SELL-HIGH OUTPUT>USAGE
Billy,Alec Pierce,WR,IND,26.0,83.0,9.0,100.32,79.17,41.5,,48.46,10.1,2.1,11.7,,0.59,0.26,"(6, 0)","(1, 0)",,,,10.8,15.8,17.2,6.1,11.7,15.5,USAGE>OUTPUT
Billy,Jordan Mason,RB,MIN,27.0,103.0,11.0,115.68,133.17,35.8,,,11.9,,10.0,,0.45,,"(0, 15)",,,,,7.6,10.1,5.2,11.9,10.0,11.8,
Billy,Antonio Williams,WR,WAS,22.0,,,233.94,211.0,79.5,,74.78,16.4,5.4,8.5,,0.37,0.49,"(4, 0)","(3, 0)",,,,0.6,5.0,0.9,10.899999999999999,8.5,6.7,
Billy,Houston Texans,DST,HOU,,118.0,12.0,152.91,154.33,1.86,,,,,,,,,,,,,,3.3,7.3,3.2,,,3.4,
Billy,Ja'Kobi Lane,WR,BAL,22.0,143.0,15.0,222.62,203.67,76.83,-8.0,109.0,2.1,,8.3,,0.4,,"(3, 0)",,,,,0.7,4.2,1.1,2.1,8.3,2.3,USAGE>OUTPUT FALLING
Daoud,James Cook III,RB,BUF,27.0,12.0,2.0,15.97,4.67,3.8,-1.0,8.41,9.9,20.9,11.8,21.6,0.72,0.74,"(4, 13)","(3, 21)",,,,70.1,76.6,90.1,15.399999999999999,16.700000000000003,76.3,
Daoud,Chris Olave,WR,NO,26.0,32.0,4.0,17.99,17.17,8.67,,6.66,28.2,22.6,21.9,,0.86,0.84,"(13, 0)","(10, 0)",,,,67.0,49.1,68.3,25.4,21.9,67.5,
Daoud,Saquon Barkley,RB,PHI,29.0,9.0,1.0,24.35,16.33,9.2,,8.89,9.0,3.0,11.1,,0.71,0.16,"(2, 15)","(2, 4)",,,,58.2,81.9,69.6,6.0,11.1,60.6,BUY-LOW USAGE>OUTPUT AGE
Daoud,Lamar Jackson,QB,BAL,28.0,49.0,5.0,32.06,27.0,2.0,,2.17,29.0,16.8,19.3,,1.0,1.0,"(0, 7)","(0, 4)",,,,49.0,33.7,54.9,22.9,19.3,53.2,
Daoud,Javonte Williams,RB,DAL,26.0,29.0,3.0,44.62,37.33,14.4,-2.0,10.73,24.2,8.0,20.1,,0.71,0.8,"(5, 12)","(4, 12)",,,,37.1,52.5,43.6,16.1,20.1,44.5,USAGE>OUTPUT
Daoud,Terry McLaurin,WR,WAS,31.0,52.0,6.0,47.16,54.5,27.0,-5.0,26.07,3.4,7.0,6.4,,0.87,0.7,"(4, 0)","(9, 0)",,,,35.1,31.5,29.8,5.2,6.4,29.8,AGE FALLING
Daoud,Chris Godwin Jr.,WR,TB,30.0,72.0,8.0,76.5,63.33,32.33,,29.75,8.3,8.8,6.9,,0.86,0.86,"(4, 1)","(3, 1)",,,,18.3,20.2,24.5,8.55,6.9,22.6,AGE
Daoud,Michael Wilson,WR,ARI,26.0,69.0,7.0,88.37,90.5,46.17,6.0,35.7,10.6,3.8,11.1,,0.85,0.94,"(7, 0)","(7, 0)",,,,14.0,21.6,13.4,7.199999999999999,11.1,16.4,RISING
Daoud,Isaiah Likely,TE,NYG,26.0,89.0,9.0,123.13,111.17,10.8,-3.0,8.1,27.8,8.3,17.7,,0.49,0.69,"(8, 0)","(10, 0)",,,,6.5,13.8,8.5,18.05,17.7,16.4,SELL-HIGH
Daoud,KC Concepcion,WR,CLE,22.0,109.0,11.0,118.1,82.17,42.67,-7.0,48.31,7.8,8.2,9.2,,0.69,0.66,"(5, 3)","(6, 1)",,,,7.2,8.9,16.1,8.0,9.2,13.9,FALLING NAME<CURRENT
Daoud,Blake Corum,RB,LAR,26.0,92.0,10.0,112.07,105.5,30.2,,38.28,5.4,10.2,4.8,,0.23,0.45,"(0, 10)","(1, 12)",,,,8.3,12.9,9.6,7.8,4.8,12.2,
Daoud,Caleb Douglas,WR,MIA,23.0,,,211.13,164.67,69.0,16.0,52.48,14.4,3.9,11.5,,0.91,0.86,"(7, 0)","(3, 0)",,,,0.9,5.0,2.6,9.15,11.5,6.6,RISING NAME<CURRENT
Daoud,Tank Bigsby,RB,PHI,24.0,112.0,12.0,171.53,206.17,51.2,,58.07,0.3,11.8,0.5,,0.11,0.34,"(0, 1)","(2, 13)",,,,2.2,8.3,1.0,6.050000000000001,0.5,5.3,OUTPUT>USAGE NAME>CURRENT
Daoud,Jordyn Tyson,WR,NO,22.0,132.0,14.0,135.15,118.0,56.83,-7.0,,,,,,,,,,,,,5.0,5.3,7.3,,,5.2,FALLING
Daoud,Philadelphia Eagles,DST,PHI,,129.0,13.0,174.88,171.67,4.29,,,,,,,,,,,,,,2.1,5.7,2.2,,,2.4,
Hazime,Jonathan Taylor,RB,IND,27.0,8.0,1.0,11.93,5.33,3.8,2.0,6.32,25.1,29.2,22.6,,0.89,0.94,"(4, 19)","(4, 24)",,,,76.7,83.7,88.8,27.15,22.6,84.7,
Hazime,Derrick Henry,RB,BAL,32.0,13.0,2.0,37.72,19.83,10.0,3.0,4.95,35.3,17.7,20.1,,0.54,0.53,"(1, 24)","(3, 16)",,,,43.2,74.9,64.4,26.5,20.1,63.2,OUTPUT>USAGE AGE
Hazime,Tee Higgins,WR,CIN,27.0,28.0,3.0,36.89,37.5,19.0,,20.1,8.9,14.5,12.2,,0.72,0.72,"(6, 0)","(10, 0)",,,,44.1,53.7,43.5,11.7,12.2,44.5,
Hazime,Tetairoa McMillan,WR,CAR,23.0,33.0,4.0,35.61,39.5,19.5,,20.4,10.5,15.1,12.9,,0.82,0.8,"(8, 0)","(10, 0)",,,,45.3,48.0,41.6,12.8,12.9,43.8,
Hazime,Davante Adams,WR,LAR,34.0,48.0,5.0,50.13,58.5,28.5,,24.9,5.6,39.5,8.7,,0.54,0.65,"(6, 0)","(10, 0)",,,,32.8,34.4,27.3,22.55,8.7,37.2,OUTPUT>USAGE AGE
Hazime,Bucky Irving,RB,TB,24.0,53.0,6.0,58.68,50.67,18.6,,16.7,20.3,13.0,14.0,,0.61,0.78,"(7, 8)","(4, 17)",,,,27.1,30.8,32.4,16.65,14.0,34.0,
Hazime,DK Metcalf,WR,PIT,29.0,68.0,7.0,78.91,67.17,33.5,4.0,30.06,8.0,6.7,16.8,,0.96,0.97,"(10, 0)","(9, 0)",,,,17.3,22.1,22.5,7.35,16.8,21.2,USAGE>OUTPUT
Hazime,Sam LaPorta,TE,DET,25.0,73.0,8.0,85.85,88.0,5.4,2.0,6.21,9.8,17.2,15.2,13.7,0.81,0.98,"(8, 0)","(7, 0)",,,,14.8,19.7,14.1,13.5,14.45,19.8,SELL-HIGH
Hazime,Matthew Stafford,QB,LAR,38.0,108.0,11.0,104.33,111.0,17.4,,14.52,4.1,37.0,13.9,,0.84,1.0,"(0, 2)","(0, 4)",,,,9.8,9.1,8.5,20.55,13.9,18.0,SELL-HIGH OUTPUT>USAGE
Hazime,Quentin Johnston,WR,LAC,25.0,88.0,9.0,95.75,75.83,39.17,5.0,33.2,3.7,2.4,9.3,,0.78,0.81,"(6, 0)","(5, 1)",,,,11.9,14.1,18.5,3.05,9.3,14.6,USAGE>OUTPUT RISING
Hazime,Jakobi Meyers,WR,JAC,30.0,128.0,13.0,104.5,91.33,48.0,,41.39,12.2,3.8,4.8,,0.65,0.9,"(2, 1)","(1, 0)",,,,9.8,5.8,13.1,8.0,4.8,13.0,AGE
Hazime,Tyjae Spears,RB,TEN,25.0,113.0,12.0,139.37,176.67,46.4,,42.14,4.4,9.0,7.3,,0.5,0.36,"(4, 3)","(2, 7)",,,,4.5,8.1,2.0,6.7,7.3,6.7,NAME>CURRENT
Hazime,Keon Coleman,WR,BUF,23.0,148.0,15.0,246.9,272.4,102.6,,88.0,1.1,12.3,2.5,10.4,0.5,0.74,"(1, 0)","(6, 0)",,,,0.4,3.7,0.2,6.7,6.45,4.1,NAME>CURRENT
Hazime,Cooper Kupp,WR,SEA,33.0,133.0,14.0,222.96,217.5,81.0,,69.21,5.5,4.0,4.5,,0.78,0.43,"(3, 0)","(2, 0)",,,,0.7,5.2,0.8,4.75,4.5,3.7,AGE
Hazime,Los Angeles Rams,DST,LAR,,93.0,10.0,167.92,168.33,4.86,,,,,,,,,,,,,,2.4,12.7,2.4,,,3.6,
Ish,Bijan Robinson,RB,ATL,24.0,1.0,1.0,4.1,3.0,2.0,,1.88,31.3,11.1,22.6,,0.77,0.51,"(10, 21)","(4, 16)",,,,91.3,97.8,93.6,21.2,22.6,90.1,
Ish,Nico Collins,WR,HOU,27.0,20.0,2.0,16.0,15.0,7.67,3.0,19.82,21.2,,19.9,,0.72,,"(10, 1)",,,,,70.1,64.1,71.7,21.2,19.9,69.9,
Ish,Josh Allen,QB,BUF,30.0,21.0,3.0,25.84,25.0,1.0,,1.02,41.7,46.8,23.1,29.4,1.0,1.0,"(0, 6)","(0, 14)",,,,56.3,62.7,57.4,44.25,26.25,64.3,OUTPUT>USAGE
Ish,DJ Moore,WR,BUF,29.0,41.0,5.0,52.06,48.0,24.0,,11.45,21.0,-0.1,14.9,0.8,0.76,0.31,"(8, 0)","(0, 1)",,,,31.4,40.2,34.4,10.45,7.8500000000000005,34.4,
Ish,David Montgomery,RB,HOU,29.0,40.0,4.0,61.35,54.33,19.6,,17.58,28.9,4.4,23.0,,0.49,0.52,"(3, 20)","(2, 6)",,,,25.6,41.1,29.9,16.65,23.0,34.1,USAGE>OUTPUT AGE
Ish,TreVeyon Henderson,RB,NE,24.0,61.0,7.0,70.96,88.67,27.6,,41.67,,13.6,,,,0.6,,"(0, 16)",,,,20.7,25.8,13.9,13.6,,22.4,SELL-HIGH
Ish,Brian Thomas Jr.,WR,JAC,24.0,60.0,6.0,80.0,80.67,41.0,,49.08,7.0,7.0,5.7,,0.35,0.54,"(3, 0)","(8, 0)",,,,16.9,26.4,16.7,7.0,5.7,19.2,
Ish,Josh Downs,WR,IND,25.0,100.0,10.0,87.25,81.0,42.33,,41.04,5.7,14.2,6.1,,0.89,0.83,"(4, 0)","(9, 0)",,,,14.4,10.8,16.5,9.95,6.1,17.5,
Ish,Dallas Goedert,TE,PHI,31.0,120.0,12.0,117.24,112.0,10.4,2.0,6.63,23.7,1.4,9.4,,0.95,0.25,"(5, 0)","(2, 0)",,,,7.4,6.9,8.3,12.549999999999999,9.4,12.8,AGE
Ish,Dalton Schultz,TE,HOU,30.0,,,163.71,136.83,17.6,,15.06,7.5,26.0,10.2,,0.66,0.68,"(8, 0)","(14, 0)",,,,2.6,5.0,4.8,16.75,10.2,11.8,SELL-HIGH OUTPUT>USAGE AGE NAME<CURRENT
Ish,Jordan Addison,WR,MIN,24.0,80.0,8.0,105.63,93.67,48.33,,45.95,0.0,4.1,3.2,,0.83,0.88,"(2, 0)","(5, 0)",,,,9.6,16.9,12.5,2.05,3.2,11.4,
Ish,Rachaad White,RB,WAS,27.0,101.0,11.0,111.88,142.17,36.8,-6.0,39.99,4.7,14.3,6.3,,0.41,0.52,"(2, 7)","(6, 7)",,,,8.3,10.6,4.2,9.5,6.3,10.5,FALLING NAME>CURRENT
Ish,Adonai Mitchell,WR,NYJ,24.0,141.0,15.0,166.84,130.33,60.83,,60.03,9.0,12.3,5.5,,0.69,0.82,"(3, 0)","(12, 0)",,,,2.5,4.4,5.5,10.65,5.5,8.9,OUTPUT>USAGE NAME<CURRENT
Ish,Oronde Gadsden II,TE,LAC,23.0,,,211.73,178.83,28.6,,34.46,5.2,9.8,2.8,,0.18,0.44,"(2, 0)","(2, 0)",,,,0.9,5.0,1.9,7.5,2.8,5.5,NAME<CURRENT
Ish,Seattle Seahawks,DST,SEA,,121.0,13.0,167.85,158.67,1.14,,,,,,,,,,,,,,2.4,6.8,2.9,,,2.9,
Jamal,Puka Nacua,WR,LAR,25.0,4.0,1.0,3.19,6.33,2.33,,1.57,12.4,,17.8,,0.7,,"(9, 0)",,,,,93.2,91.5,86.9,12.4,17.8,82.6,BUY-LOW USAGE>OUTPUT
Jamal,Chase Brown,RB,CIN,26.0,17.0,2.0,17.86,12.17,6.0,,11.97,18.8,11.2,20.3,,0.72,0.7,"(6, 16)","(5, 20)",,,,67.2,68.5,76.3,15.0,20.3,68.5,USAGE>OUTPUT
Jamal,George Pickens,WR,DAL,25.0,24.0,3.0,20.43,17.5,9.17,2.0,10.18,5.8,10.0,8.9,,0.84,0.76,"(6, 0)","(8, 0)",,,,63.5,58.7,67.8,7.9,8.9,58.9,BUY-LOW
Jamal,Kyren Williams,RB,LAR,26.0,37.0,4.0,41.52,43.33,16.8,-2.0,16.18,15.5,15.7,12.6,,0.64,0.55,"(3, 11)","(2, 12)",,,,39.7,43.9,38.2,15.6,12.6,41.6,
Jamal,Drake Maye,QB,NE,24.0,44.0,5.0,37.67,45.67,4.8,,11.14,11.8,8.0,17.4,,1.0,1.0,"(0, 7)","(0, 4)",,,,43.3,37.6,36.2,9.9,17.4,38.1,USAGE>OUTPUT
Jamal,Brock Purdy,QB,SF,27.0,,,96.5,82.33,10.0,,6.32,27.1,32.5,23.5,,1.0,0.85,"(0, 5)","(0, 3)",,,,11.7,5.0,16.0,29.8,23.5,25.6,SELL-HIGH OUTPUT>USAGE
Jamal,Carnell Tate,WR,TEN,21.0,64.0,7.0,68.27,61.0,30.67,,45.46,7.8,5.7,9.0,,0.88,0.75,"(6, 0)","(5, 0)",,,,21.9,24.1,25.8,6.75,9.0,23.9,
Jamal,Jadarian Price,RB,SEA,23.0,57.0,6.0,73.22,74.83,24.2,,24.55,7.8,5.0,7.7,,0.48,0.34,"(2, 10)","(2, 13)",,,,19.6,28.2,19.0,6.4,7.7,20.9,
Jamal,Harold Fannin Jr.,TE,CLE,22.0,77.0,8.0,73.44,99.0,8.2,,13.26,4.1,10.4,3.0,,0.82,0.86,"(3, 0)","(6, 0)",,,,19.6,18.1,11.1,7.25,3.0,16.7,NAME>CURRENT
Jamal,Wan'Dale Robinson,WR,TEN,25.0,97.0,10.0,85.58,80.17,41.83,-8.0,47.95,8.8,1.9,8.3,,0.82,0.53,"(6, 0)","(1, 0)",,,,14.9,11.6,16.8,5.3500000000000005,8.3,15.6,FALLING
Jamal,Kyle Pitts Sr.,TE,ATL,26.0,104.0,11.0,78.91,108.67,10.2,-4.0,16.11,0.0,2.5,1.6,,0.63,0.38,"(1, 0)","(3, 0)",,,,17.3,9.9,8.9,1.25,1.6,10.9,NAME>CURRENT
Jamal,Romeo Doubs,WR,NE,26.0,124.0,13.0,127.35,100.33,51.17,,43.03,0.0,12.6,6.3,,0.56,0.67,"(3, 0)","(4, 0)",,,,5.9,6.4,10.8,6.3,6.3,10.2,NAME<CURRENT
Jamal,Devaughn Vele,WR,NO,29.0,,,248.58,197.33,77.33,13.0,47.87,19.9,11.4,16.0,,0.91,0.96,"(9, 0)","(7, 0)",,,,0.4,5.0,1.2,15.649999999999999,16.0,9.2,SELL-HIGH RISING NAME<CURRENT
Jamal,Kyler Murray,QB,MIN,29.0,,,112.82,126.83,20.6,,32.82,-0.4,,2.9,,0.17,,"(0, 2)",,,,,8.2,5.0,6.0,-0.4,2.9,5.6,
Jamal,San Francisco 49ers,DST,SF,,,,257.6,207.4,12.57,,,,,,,,,,,,,,0.3,5.0,1.0,,,1.2,NAME<CURRENT
Kass,Christian McCaffrey,RB,SF,30.0,7.0,1.0,9.24,11.5,5.0,-1.0,3.45,13.8,22.6,17.4,,0.55,0.52,"(8, 10)","(4, 10)",,,,81.4,85.6,77.4,18.200000000000003,17.4,77.3,AGE
Kass,Drake London,WR,ATL,25.0,14.0,2.0,12.91,20.0,9.83,-3.0,17.72,5.5,8.9,6.3,,0.98,0.62,"(4, 1)","(5, 1)",,,,75.1,73.3,64.1,7.2,6.3,62.8,BUY-LOW
Kass,DeVonta Smith,WR,PHI,24.0,34.0,4.0,24.04,26.67,12.5,,10.62,8.3,27.7,10.4,,0.95,0.88,"(6, 0)","(13, 0)",,,,58.6,47.0,55.3,18.0,10.4,55.8,OUTPUT>USAGE
Kass,Breece Hall,RB,NYJ,25.0,27.0,3.0,39.93,39.67,14.2,,15.11,19.8,14.2,16.2,,0.58,0.65,"(2, 22)","(5, 16)",,,,41.2,54.9,41.4,17.0,16.2,45.7,
Kass,Jaylen Waddle,WR,DEN,28.0,47.0,5.0,34.78,34.17,16.17,,21.8,1.2,21.8,4.0,,0.75,0.61,"(3, 0)","(10, 0)",,,,46.2,35.2,46.8,11.5,4.0,43.6,OUTPUT>USAGE
Kass,Jameson Williams,WR,DET,25.0,54.0,6.0,54.74,53.33,26.17,,23.9,8.5,5.3,19.3,5.8,0.84,0.97,"(9, 0)","(4, 0)",,,,29.6,30.1,30.6,6.9,12.55,29.1,USAGE>OUTPUT
Kass,Jayden Daniels,QB,WAS,26.0,107.0,11.0,53.22,67.67,8.0,,6.25,21.7,16.7,21.6,,1.0,0.55,"(0, 5)","(0, 7)",,,,30.6,9.3,22.2,19.2,21.6,29.1,
Kass,Michael Pittman Jr.,WR,PIT,29.0,74.0,8.0,80.44,79.33,40.83,,36.89,8.8,,4.7,,0.88,,"(3, 0)",,,,,16.7,19.3,17.2,8.8,4.7,19.2,
Kass,Travis Kelce,TE,KC,37.0,87.0,9.0,98.53,118.83,12.2,-2.0,8.65,10.1,25.1,8.0,,0.71,0.85,"(5, 0)","(11, 0)",,,,11.2,14.5,7.1,17.6,8.0,17.2,SELL-HIGH OUTPUT>USAGE AGE
Kass,Chuba Hubbard,RB,CAR,27.0,94.0,10.0,98.94,139.17,36.4,4.0,21.88,23.7,14.4,14.9,,0.71,0.65,"(3, 10)","(2, 12)",,,,11.1,12.4,4.5,19.05,14.9,16.5,SELL-HIGH NAME>CURRENT
Kass,Tony Pollard,RB,TEN,29.0,67.0,7.0,84.99,130.0,34.6,,34.76,4.4,7.5,6.9,,0.52,0.55,"(2, 7)","(1, 14)",,,,15.1,22.6,5.6,5.95,6.9,13.1,AGE NAME>CURRENT
Kass,Jake Ferguson,TE,DAL,27.0,114.0,12.0,118.47,133.33,16.8,,15.74,2.6,20.3,6.0,,0.76,0.6,"(2, 0)","(4, 0)",,,,7.2,7.9,5.2,11.450000000000001,6.0,11.2,OUTPUT>USAGE
Kass,Tre Tucker,WR,LV,25.0,127.0,13.0,162.97,136.67,62.83,,54.88,4.7,22.9,7.1,,0.71,0.59,"(4, 0)","(7, 0)",,,,2.7,5.9,4.8,13.799999999999999,7.1,10.5,SELL-HIGH OUTPUT>USAGE NAME<CURRENT
Kass,Braelon Allen,RB,NYJ,22.0,147.0,15.0,175.43,227.83,56.6,,49.45,4.0,8.5,6.4,,0.4,0.31,"(1, 10)","(1, 5)",,,,2.0,3.8,0.6,6.25,6.4,4.5,NAME>CURRENT
Kass,New England Patriots,DST,NE,,,,186.74,191.5,8.14,,,,,,,,,,,,,,1.6,5.0,1.4,,,1.8,
Kdouh,CeeDee Lamb,WR,DAL,27.0,10.0,1.0,9.0,10.67,5.67,-1.0,6.45,15.4,35.3,16.0,,0.81,0.75,"(8, 1)","(9, 0)",,,,81.9,80.1,78.9,25.349999999999998,16.0,80.8,OUTPUT>USAGE
Kdouh,Justin Jefferson,WR,MIN,23.0,11.0,2.0,9.36,10.5,5.5,3.0,4.54,29.2,8.5,17.7,,0.92,1.0,"(9, 0)","(6, 0)",,,,81.2,78.3,79.2,18.85,17.7,77.2,
Kdouh,Malik Nabers,WR,NYG,23.0,30.0,3.0,24.54,24.83,11.5,3.0,14.53,12.9,1.1,15.6,,0.52,0.74,"(9, 0)","(4, 0)",,,,58.0,51.3,57.6,7.0,15.6,51.6,BUY-LOW USAGE>OUTPUT
Kdouh,Travis Etienne Jr.,RB,NO,27.0,31.0,4.0,47.64,51.83,18.2,,22.44,14.8,5.1,18.4,,0.59,0.54,"(9, 9)","(2, 8)",,,,34.7,50.2,31.6,9.95,18.4,35.6,USAGE>OUTPUT
Kdouh,Mike Evans,WR,SF,33.0,70.0,7.0,56.16,51.0,25.5,,15.84,16.9,8.4,13.7,,0.75,0.54,"(7, 0)","(3, 0)",,,,28.7,21.1,32.2,12.649999999999999,13.7,31.0,AGE
Kdouh,Tyler Warren,TE,IND,24.0,51.0,6.0,53.13,73.0,4.0,,4.01,10.3,14.4,7.6,,0.93,0.89,"(5, 0)","(7, 1)",,,,30.7,32.2,19.7,12.350000000000001,7.6,28.1,
Kdouh,Quinshon Judkins,RB,CLE,23.0,50.0,5.0,62.03,68.33,24.0,,26.47,7.0,9.8,8.8,,0.65,0.67,"(2, 12)","(5, 12)",,,,25.2,32.9,21.9,8.4,8.8,25.5,
Kdouh,Dak Prescott,QB,DAL,33.0,130.0,13.0,78.25,90.67,11.0,,5.28,18.4,37.8,16.0,,1.0,1.0,"(0, 2)","(0, 4)",,,,17.6,5.6,13.3,28.099999999999998,16.0,25.5,SELL-HIGH OUTPUT>USAGE
Kdouh,Patrick Mahomes,QB,KC,31.0,,,101.49,103.17,14.2,,12.85,25.7,37.0,15.9,,1.0,1.0,"(0, 7)","(0, 2)",,,,10.5,5.0,10.1,31.35,15.9,22.9,SELL-HIGH OUTPUT>USAGE
Kdouh,Jalen Coker,WR,CAR,25.0,150.0,15.0,124.68,82.67,42.5,,28.51,33.8,14.6,16.7,,0.84,0.76,"(9, 0)","(9, 0)",,,,6.3,3.6,15.9,24.2,16.7,20.9,SELL-HIGH OUTPUT>USAGE NAME<CURRENT
Kdouh,Matthew Golden,WR,GB,23.0,90.0,9.0,128.79,85.83,44.83,9.0,34.88,15.5,9.8,22.0,,0.82,0.86,"(12, 0)","(6, 0)",,,,5.7,13.5,14.8,12.65,22.0,16.0,USAGE>OUTPUT RISING NAME<CURRENT
Kdouh,Josh Jacobs,RB,GB,28.0,71.0,8.0,46.94,164.33,40.4,-4.0,107.6,,,,,,,,,,,,35.2,20.6,2.6,,,14.7,AGE NAME>CURRENT
Kdouh,Aaron Jones Sr.,RB,MIN,32.0,91.0,10.0,115.78,155.33,39.2,,23.28,10.0,10.5,9.6,,0.46,0.81,"(1, 12)","(0, 23)",,,,7.6,13.2,3.2,10.25,9.6,10.7,AGE NAME>CURRENT
Kdouh,Brian Robinson Jr.,RB,ATL,27.0,111.0,12.0,177.08,230.5,55.2,,53.9,3.1,8.7,4.0,,0.25,0.48,"(0, 9)","(2, 11)",listed,Ankle,Full Participation in Practice,2.0,8.5,0.6,5.8999999999999995,4.0,5.1,NAME>CURRENT
Kdouh,Green Bay Packers,DST,GB,,131.0,14.0,204.15,210.17,12.86,,,,,,,,,,,,,,1.1,5.4,0.9,,,1.5,
Kdouh,Tampa Bay Buccaneers,DST,TB,,,,271.14,273.67,18.71,,,,,,,,,,,,,,0.2,5.0,0.2,,,0.9,
Moe,Jaxon Smith-Njigba,WR,SEA,24.0,5.0,1.0,4.67,6.67,3.17,1.0,3.73,26.2,42.5,18.6,,0.9,0.67,"(11, 0)","(11, 0)",,,,90.1,89.5,86.2,34.35,18.6,89.9,OUTPUT>USAGE
Moe,De'Von Achane,RB,MIA,25.0,16.0,2.0,20.99,19.0,10.2,-3.0,10.99,10.6,12.3,11.6,,0.86,0.76,"(5, 11)","(6, 20)",,,,62.7,70.1,65.6,11.45,11.6,61.3,
Moe,Jeremiyah Love,RB,ARI,21.0,25.0,3.0,41.44,38.83,15.2,,22.09,13.0,7.5,13.2,,0.43,0.4,"(4, 11)","(3, 9)",,,,39.8,57.4,42.2,10.25,13.2,42.6,
Moe,Emeka Egbuka,WR,TB,24.0,36.0,4.0,40.83,36.17,18.17,,20.81,11.3,10.3,11.2,,0.86,0.86,"(6, 0)","(5, 1)",,,,40.4,44.9,44.8,10.8,11.2,42.2,
Moe,Christian Watson,WR,GB,27.0,76.0,8.0,57.65,42.17,21.0,,13.97,32.7,14.1,16.6,,0.76,0.9,"(8, 0)","(11, 0)",,,,27.8,18.5,39.2,23.400000000000002,16.6,38.5,OUTPUT>USAGE
Moe,Jalen Hurts,QB,PHI,28.0,105.0,11.0,56.5,42.5,3.6,,4.13,30.7,20.2,14.6,,1.0,1.0,"(0, 7)","(0, 5)",,,,28.5,9.7,38.9,25.45,14.6,38.3,OUTPUT>USAGE
Moe,Cam Skattebo,RB,NYG,24.0,45.0,5.0,57.42,55.83,20.8,,19.5,14.1,9.5,11.8,,0.61,0.59,"(0, 18)","(4, 12)",,,,27.9,36.8,28.9,11.8,11.8,31.4,
Moe,Rome Odunze,WR,CHI,24.0,56.0,6.0,57.49,63.17,30.83,,31.68,7.2,7.3,6.3,,0.48,0.84,"(3, 0)","(4, 0)",,,,27.9,28.8,24.6,7.25,6.3,26.2,
Moe,Jaxson Dart,QB,NYG,23.0,145.0,15.0,97.46,93.33,11.2,,11.81,32.6,0.8,20.0,,1.0,0.12,"(0, 11)","(0, 0)",,,,11.5,4.0,12.6,16.7,20.0,17.4,SELL-HIGH
Moe,Courtland Sutton,WR,DEN,31.0,85.0,9.0,83.3,77.17,40.17,,38.64,3.1,5.5,7.3,,0.76,0.73,"(5, 0)","(4, 0)",,,,15.7,15.1,18.0,4.3,7.3,16.3,AGE
Moe,George Kittle,TE,SF,33.0,65.0,7.0,98.93,103.33,9.0,2.0,11.67,3.2,18.0,11.2,,0.46,0.48,"(5, 0)","(4, 0)",,,,11.1,23.6,10.1,10.6,11.2,16.2,AGE
Moe,Makai Lemon,WR,PHI,22.0,96.0,10.0,109.7,79.5,41.0,-4.0,62.31,2.5,1.9,5.2,,0.64,0.63,"(4, 0)","(1, 1)",,,,8.7,11.8,17.1,2.2,5.2,12.3,NAME<CURRENT
Moe,Xavier Worthy,WR,KC,23.0,116.0,12.0,129.35,111.5,55.0,,51.87,4.8,13.5,9.4,,0.77,0.86,"(6, 0)","(7, 0)",,,,5.6,7.6,8.4,9.15,9.4,10.8,
Moe,Jacory Croskey-Merritt,RB,WAS,25.0,136.0,14.0,113.67,146.17,37.6,,30.51,12.6,5.8,11.0,,0.49,0.37,"(1, 16)","(1, 12)",,,,8.0,4.9,3.9,9.2,11.0,9.3,NAME>CURRENT
Moe,Pittsburgh Steelers,DST,PIT,,125.0,13.0,186.35,188.0,8.57,,,,,,,,,,,,,,1.6,6.2,1.5,,,2.0,
