rank,player,pos,team_26,age,bye,ecr_ovr,ecr_pos,g_25,ppgA_25,ppgB_25,top6A_25,floorA_25,tgt_25,tgt_share_25,car_25,ru100_25,re100_25,pass_td_25,p300_25,ru_yds_25,snap_pct_25,espn_adp,note,pos_rank
1,Jahmyr Gibbs,RB,DET,24.5,6.0,2.48,1.19,17.0,22.494117647058825,22.17058823529412,38.51666666666667,11.6,94.0,0.1709090909090909,243.0,3.0,1.0,0.0,0.0,1223.0,0.67,1.8,"22.5 ppg, 94 tgt, 243 car, 17 games; second-highest ceiling weeks of any RB (best-6 avg 38.5, behind only Taylor). Montgomery traded, Pacheco on IR: first true workhorse season. Age 24.",1
2,Bijan Robinson,RB,ATL,24.6,11.0,4.1,1.83,17.0,22.87058823529412,22.63529411764706,34.61666666666667,14.7,103.0,0.1988416988416988,287.0,5.0,2.0,0.0,0.0,1478.0,0.7817647058823529,1.5,"22.9 ppg, 103 tgt (2nd among RBs), 287 car, five 100-yd rush games. New HC Stefanski/Tua; hold-in resolved with record deal.",2
3,Ja'Marr Chase,WR,CIN,26.5,6.0,1.55,1.18,16.0,20.25625,20.475,30.48333333333333,9.875,185.0,0.3228621291448517,3.0,0.0,7.0,0.0,0.0,14.0,0.94375,3.5,"20.3 ppg in 2025 with Burrow hurt most of the year; 24.5 ppg in 2024. 185 tgt, 32% share. Knee 'tweak' Aug 25, limited but expected Wk 1.",1
4,Puka Nacua,WR,LA,25.3,11.0,3.19,2.11,16.0,24.40625,24.3125,35.36666666666667,16.450000000000003,166.0,0.3029197080291971,10.0,0.0,6.0,0.0,0.0,105.0,0.6825,5.5,"24.4 ppg (WR1), 166 tgt in 16 g, six 100-yd games. Open NFL conduct review, no ruling as of Sep 1: suspension risk is real but early-season only.",2
5,Jonathan Taylor,RB,IND,27.6,13.0,11.93,4.56,17.0,22.488235294117647,22.01764705882353,38.68333333333333,12.8,55.0,0.1039697542533081,323.0,5.0,0.0,0.0,0.0,1585.0,0.8258823529411765,7.0,"22.5 ppg, 323 car, 18 TD (league high), five 100-yd games (+3 each in League A), highest ceiling weeks of any RB (best-6 38.7). Only 55 tgt. IND's Weeks 15-17 slate (@TEN, CIN, @CLE) is the softest RB playoff schedule on the board. Daniel Jones back from Achilles.",3
6,Jaxon Smith-Njigba,WR,SEA,24.6,11.0,4.67,3.21,17.0,21.964705882352945,22.229411764705883,29.75,19.8,163.0,0.3582417582417582,7.0,0.0,9.0,0.0,0.0,36.0,0.7741176470588236,6.5,"22.0 ppg, 36% target share (best in NFL), nine 100-yd games, floor 19.8 (highest of any WR). Same QB (Darnold); OC Kubiak left for LV, replaced by Brian Fleury (same Shanahan-tree scheme). Age 24.",3
7,Amon-Ra St. Brown,WR,DET,26.9,6.0,5.42,3.63,17.0,19.5,19.647058823529413,31.35,13.7,172.0,0.3127272727272727,3.0,0.0,5.0,0.0,0.0,9.0,0.8523529411764706,9.5,"19.5 ppg, 172 tgt, 31% share, 11 TD, 17 games four straight years. Floor 13.7 with five 100-yd games; new OC Petzing.",4
8,Christian McCaffrey,RB,SF,30.3,8.0,9.24,3.85,17.0,25.21176470588236,24.97647058823529,34.85,17.6,129.0,0.2476007677543186,311.0,4.0,0.0,0.0,0.0,1202.0,0.8311764705882353,4.5,"25.2 ppg (RB1 overall), 129 tgt, 311 car. Age 30.3 with 450 touches incl. playoffs; calf tightness in camp resolved, full participant. Age cliff is the only knock.",4
9,CeeDee Lamb,WR,DAL,27.4,14.0,9.0,5.66,13.0,16.146153846153847,16.376923076923077,21.433333333333334,11.5,117.0,0.2526997840172786,1.0,0.0,6.0,0.0,0.0,2.0,0.7285714285714285,16.0,"16.2 ppg in 13 g, 25% share with Pickens taking 23%. 17.9 ppg in 2024. Dak healthy; DAL allowed most points in NFL last year (shootouts).",5
10,Drake London,WR,ATL,25.1,11.0,12.91,7.9,12.0,17.45,17.65833333333333,27.36666666666667,7.625,112.0,0.3043478260869565,0.0,0.0,5.0,0.0,0.0,0.0,0.9066666666666666,20.5,"17.5 ppg in 12 g, 30% share, 9.3 tgt/g. Tua replaces Penix; Stefanski offense. Missed 5 games in 2025.",6
11,A.J. Brown,WR,NE,29.2,11.0,14.25,8.54,15.0,15.186666666666667,15.353333333333332,25.53333333333333,8.5,121.0,0.2951219512195122,0.0,0.0,5.0,0.0,0.0,0.0,0.9066666666666666,25.5,"15.2 ppg, 30% share, best-6 avg 25.5. Traded to NE: Drake Maye (31 TD) and Diggs's 1,013 vacated yards. Age 29.",7
12,Trey McBride,TE,ARI,26.8,14.0,21.0,1.68,17.0,18.84705882352941,18.93529411764706,28.71666666666667,12.2,169.0,0.2739059967585089,0.0,0.0,3.0,0.0,0.0,0.0,0.9135294117647058,18.0,"18.9 ppg = TE1 by 4 ppg over TE2; 169 tgt, 27% share, WR-like usage. Brissett replaces Kyler (Brissett threw to him at 8+ tgt/g in 2025 too).",1
13,Justin Jefferson,WR,MIN,27.2,6.0,9.36,5.85,17.0,12.117647058823527,12.205882352941176,18.46666666666667,7.7,141.0,0.3025751072961373,2.0,0.0,3.0,0.0,0.0,7.0,0.9417647058823532,15.0,"12.1 ppg (141 tgt, 30% share, 2 TD, 7.4 yds/target vs 9.95 in 2024; 19.1 ppg in 2024). TD rate will rebound (+1.5-2 ppg); the efficiency half depends on Kyler Murray. Range WR6-WR14, and ECR 9 already prices most of the rebound. Softest Weeks 15-17 WR slate in the NFL (DET, WAS, @NYJ).",8
14,James Cook III,RB,BUF,27.0,7.0,15.97,5.75,17.0,19.65882352941177,18.952941176470592,30.83333333333333,10.7,40.0,0.0835073068893528,309.0,9.0,0.0,0.0,0.0,1621.0,0.571764705882353,10.5,"19.7 ppg, 309 car, nine 100-yd rushing games (+32 bonus pts in League A, most of any RB). Only 40 tgt: low PPR floor (10.7), high bonus ceiling. ESPN rooms take him ~pick 10.",5
15,Nico Collins,WR,HOU,27.5,8.0,16.0,9.69,15.0,15.38,15.48,22.46666666666667,9.3,120.0,0.2464065708418891,2.0,0.0,3.0,0.0,0.0,15.0,0.772,28.0,"15.4 ppg (18.1 in 2024), 25% share. Jayden Higgins (ACL) and Dell (IR) out: Collins is the only proven target in HOU. ESPN drafters take him ~12 picks later than experts.",9
16,George Pickens,WR,DAL,25.5,14.0,20.43,11.81,17.0,17.61176470588235,17.758823529411764,29.25,11.8,137.0,0.2257001647446458,0.0,0.0,5.0,0.0,0.0,0.0,0.8111764705882354,31.5,"17.6 ppg, 137 tgt, 9 TD, best-6 avg 29.3. TD-dependent (9 of 137 tgt) with Lamb back healthy: ceiling real, share capped ~23%.",10
17,Chase Brown,RB,CIN,26.5,6.0,17.86,6.64,17.0,17.15294117647059,16.976470588235294,24.566666666666663,11.8,88.0,0.1449752883031301,232.0,3.0,0.0,0.0,0.0,1019.0,,24.5,17.2 ppg full season; 22.8 ppg over the last 6 with Burrow healthy (two 32-pt games); 88 tgt. ESPN ADP ~26: the one RB1-ceiling back that actually reaches pick 19-24.,6
18,De'Von Achane,RB,MIA,24.9,6.0,20.99,7.77,16.0,20.925,20.675,28.45,16.575000000000003,85.0,0.1981351981351981,238.0,4.0,0.0,0.0,0.0,1350.0,0.75375,8.5,"20.9 ppg, 85 tgt, 238 car, floor 16.6 (second only to McCaffrey). MIA's offense is Malik Willis throwing to Malik Washington / Tolbert / rookie Caleb Douglas: Achane is the whole offense, for better and worse. ESPN rooms take him ~pick 8.",7
19,Chris Olave,WR,NO,26.2,8.0,17.99,10.74,16.0,17.03125,17.125,25.316666666666663,12.15,156.0,0.2937853107344633,1.0,0.0,3.0,0.0,0.0,-3.0,0.843125,29.0,"17.0 ppg, 156 tgt, 29% share, led NFL in air yards. Rookie Tyson on IR ~2 months: target monopoly with Shough.",11
20,Derrick Henry,RB,BAL,32.7,13.0,37.72,13.46,17.0,18.147058823529413,17.5,29.450000000000003,11.2,21.0,0.0515970515970515,307.0,8.0,0.0,0.0,0.0,1595.0,0.5452941176470588,19.0,"18.1 ppg, 307 car, eight 100-yd games (+29 bonus pts in A). Age 32.7; only 21 tgt (floor 11.2). New OC Doyle. Soft Weeks 15-17 (@PIT, CLE, @CIN). Age-cliff risk is extreme; ESPN takes him ~19.",8
21,Brock Bowers,TE,LV,23.7,13.0,19.03,1.45,12.0,14.933333333333332,15.016666666666666,21.166666666666668,9.400000000000002,86.0,0.2362637362637362,2.0,0.0,2.0,0.0,0.0,2.0,0.8591666666666667,14.0,"14.9 ppg in 12 g (2025, injured); 15.6 ppg TE1 in 2024. Cousins + Kubiak scheme. TE2-4 tier is worth ~4 ppg over replacement.",2
22,Rashee Rice,WR,KC,26.4,5.0,24.68,13.69,8.0,18.95,19.0125,22.4,11.525000000000002,78.0,0.2867647058823529,5.0,0.0,1.0,0.0,0.0,20.0,0.74875,22.0,"19.0 ppg in 8 g, 9.8 tgt/g, 29% share. Mahomes back from ACL/LCL; Bieniemy OC. Has not played more than 8 games since 2023.",12
23,DeVonta Smith,WR,PHI,27.8,10.0,24.04,13.53,17.0,12.047058823529412,12.105882352941176,20.616666666666667,7.0,113.0,0.2435344827586207,0.0,0.0,2.0,0.0,0.0,0.0,0.8441176470588235,39.4,"12.1 ppg, 113 tgt. A.J. Brown traded to NE: Smith is the only proven WR in PHI (Hurts, 25 TD). ESPN ADP ~39 = end of R4.",13
24,Saquon Barkley,RB,PHI,29.6,10.0,24.35,8.83,16.0,15.08125,14.89375,22.566666666666663,9.3,50.0,0.1162790697674418,280.0,3.0,0.0,0.0,0.0,1140.0,0.783125,18.5,"15.1 ppg in 2025 (24.6 in 2024), 280 car, 50 tgt, 4.07 YPC. Age 29.6 = RB cliff zone (top-20 RB seasons halve at 29).",9
25,Ashton Jeanty,RB,LV,22.8,13.0,26.37,9.47,17.0,14.770588235294117,14.652941176470588,24.75,8.2,73.0,0.1480730223123732,266.0,2.0,0.0,0.0,0.0,975.0,0.7788235294117647,20.0,"14.8 ppg, 266 car, 73 tgt, best-6 avg 24.8. Ankle sprain Aug 23, on the side Sep 1, HC 'optimistic' for Wk 1. Cousins/Kubiak upgrade over 2025.",10
26,Kenneth Walker III,RB,KC,25.9,5.0,26.05,9.29,17.0,11.641176470588237,11.523529411764706,19.78333333333333,6.6000000000000005,36.0,0.0791208791208791,221.0,2.0,0.0,0.0,0.0,1027.0,0.4688235294117647,17.0,"11.6 ppg in SEA committee (RB28); now KC's clear lead back (Reid RB1s average 250+ touches). Shoe-related ankle swelling, expected Wk 1.",11
27,Garrett Wilson,WR,NYJ,26.1,13.0,29.62,15.89,7.0,14.214285714285714,14.214285714285714,16.583333333333332,6.65,59.0,0.3430232558139535,0.0,0.0,0.0,0.0,0.0,0.0,0.87,40.0,"14.2 ppg in 7 g, 34% target share. Geno Smith is the new QB (upgrade). Missed 10 games in 2025.",14
28,Zay Flowers,WR,BAL,26.0,13.0,30.3,15.89,17.0,14.576470588235296,14.664705882352942,22.48333333333333,11.4,118.0,0.2899262899262899,10.0,0.0,3.0,0.0,0.0,62.0,0.8647058823529411,42.0,"14.6 ppg, 118 tgt, 29% share, 17 games. New OC Doyle; quad contusion 'nothing major'.",15
29,Tetairoa McMillan,WR,CAR,23.4,5.0,35.61,18.12,17.0,12.729411764705883,12.788235294117648,19.9,8.600000000000001,122.0,0.2541666666666666,0.0,0.0,2.0,0.0,0.0,0.0,0.871764705882353,43.0,"12.7 ppg, 122 tgt, 25% share, OROY, 40.9% air-yard share. Year-2 leap profile; Bryce Young caps ceiling.",16
30,Malik Nabers,WR,NYG,23.1,8.0,24.54,13.42,4.0,14.65,14.775,14.65,3.825,35.0,0.2868852459016393,0.0,0.0,1.0,0.0,0.0,0.0,0.795,30.0,"18.5 ppg over 15 games in 2024 (the 2025 four-game sample is one 39-pt game). ACL+meniscus: cleared for contact, has not committed to Wk 1 vs DAL. Dart at QB. Elite share when healthy; Karabell has him on ESPN's do-not-draft list, so he may fall.",17
31,Josh Allen,QB,BUF,30.3,7.0,25.84,1.04,16.0,22.78875,26.28875,32.913333333333334,16.39,0.0,0.0,112.0,0.0,0.0,25.0,3.0,579.0,0.9217647058823528,24.0,"22.8 ppg (4-pt) / 26.3 (6-pt), 14 rush TD, 112 car. QB1 both formats; DJ Moore added. Realized edge over QB11 was ~4.9 ppg; QB edges persist only ~half as well as RB/WR, so the expected edge is ~3 ppg (a WR12-15 equivalent). ESPN rooms let him reach ~24.",1
32,Emeka Egbuka,WR,TB,23.9,10.0,40.83,20.55,17.0,11.776470588235291,11.86470588235294,21.73333333333333,5.0,127.0,0.2351851851851852,2.0,0.0,3.0,0.0,0.0,9.0,0.776470588235294,52.5,"11.8 ppg, 127 tgt, 24% share as rookie; hot Wks 1-5 then faded. Toe sprain, day-to-day, Bowles 'hopeful' Wk 1. Evans gone (SF); Godwin (30, off major injuries) is the WR2.",18
33,Ladd McConkey,WR,LAC,24.8,7.0,34.85,17.92,16.0,11.49375,11.55625,18.73333333333333,4.25,106.0,0.2115768463073852,0.0,0.0,2.0,0.0,0.0,0.0,0.775,49.0,"11.5 ppg (15.3 in 2024), 106 tgt. McDaniel OC historically feeds slot WRs. Year-3 bounce candidate.",19
34,Breece Hall,RB,NYJ,25.3,13.0,39.93,14.12,16.0,13.72875,13.60375,22.56,6.875000000000001,48.0,0.1085972850678733,243.0,4.0,0.0,1.0,0.0,1065.0,0.64375,31.0,"13.7 ppg, 243 car, 48 tgt. Signed a 3-yr/$45.75M extension in May (locked-in RB1); Geno Smith at QB. Groin, on track for Wk 1.",12
35,Kyren Williams,RB,LA,26.0,11.0,41.52,14.91,17.0,15.664705882352942,15.605882352941178,22.1,11.1,50.0,0.0860585197934595,259.0,1.0,0.0,0.0,0.0,1252.0,0.6829411764705882,34.0,"15.7 ppg, 259 car, 50 tgt, 17 games in 2025 (16 in 2024). Corum behind him. Safe RB2, low ceiling. ESPN takes him ~34.",13
36,Javonte Williams,RB,DAL,26.4,14.0,44.62,15.86,16.0,15.55,15.425,22.33333333333333,11.125,51.0,0.0873287671232876,252.0,2.0,0.0,0.0,0.0,1201.0,0.69,32.0,"15.6 ppg, 252 car, 51 tgt in DAL's league-worst defense environment (shootouts). Cheap volume RB2.",14
37,Omarion Hampton,RB,LAC,23.5,7.0,25.57,9.15,9.0,15.41111111111111,15.3,19.933333333333334,8.100000000000001,35.0,0.125,124.0,1.0,0.0,0.0,0.0,545.0,0.6344444444444445,19.5,"15.4 ppg in 9 g (ankle). OC McDaniel says all three of Hampton/Vidal/Mitchell play every game, 'hot hand'. Committee = fade at ESPN's ~pick-20 price; fine at 37-44.",15
38,Cam Skattebo,RB,NYG,24.6,8.0,57.42,20.61,8.0,15.9625,15.9625,19.133333333333336,12.25,32.0,0.1322314049586777,101.0,0.0,0.0,0.0,0.0,410.0,0.5225,44.0,"16.0 ppg in 8 g before tibia/ankle fracture. Back, played preseason, listed starter under Harbaugh (run-heavy). ESPN ADP RB18-ish.",16
39,Tee Higgins,WR,CIN,27.6,6.0,36.89,18.56,15.0,14.206666666666669,14.24,22.0,9.0,98.0,0.1859582542694497,0.0,0.0,1.0,0.0,0.0,0.0,0.8086666666666666,55.0,"14.2 ppg, 11 TD on 98 tgt (11.2% TD rate; league ~5.5%, so ~5 TD and ~12 ppg is the regressed line). Heel contusion, limited but expected Wk 1. ESPN price ~55: fine at 42-59, not at 30.",20
40,Colston Loveland,TE,CHI,22.4,10.0,37.44,3.23,16.0,10.4125,10.44375,19.28333333333333,5.075,82.0,0.1653225806451612,1.0,0.0,1.0,0.0,0.0,-2.0,0.645,45.3,"10.4 ppg as a rookie (TE16 per game), 82 tgt (17% share), 64% snaps. Rank is a role bet (DJ Moore's 85 targets vacated, Ben Johnson), not a production one. ESPN ADP 45: take him at 42-45 only if TE-less.",3
41,Jeremiyah Love,RB,ARI,21.3,14.0,41.44,14.58,,,,,,,,,,,,,,,25.0,"Rookie #3 overall (R1 RBs hit top-24 71% of the time). High-ankle sprain Aug 13; LaFleur says 'about 50/50' for Wk 1 (Sep 2), back by Wk 2-3 if he sits. Team's official chart lists Allgeier first. ESPN drafters take him ~25: do not pay that.",17
42,Jaylen Waddle,WR,DEN,27.8,10.0,34.78,17.95,16.0,12.22625,12.2575,19.42,7.0,100.0,0.2331002331002331,2.0,0.0,1.0,0.0,0.0,28.0,0.77625,46.5,"12.2 ppg (10.2 in 2024), 100 tgt. Traded to DEN: Nix, Sutton competition. Volume unclear.",21
43,Luther Burden III,WR,CHI,22.7,10.0,46.99,23.64,15.0,8.726666666666667,8.793333333333333,15.699999999999998,2.35,60.0,0.1279317697228145,6.0,0.0,2.0,0.0,0.0,37.0,0.3966666666666666,60.5,"8.7 ppg but 5.6 tgt/g over Wks 10-18, #3 in NFL yards per route run (2.69). DJ Moore's 85 targets vacated. Classic year-2 breakout.",22
44,DJ Moore,WR,BUF,29.4,7.0,52.06,25.68,17.0,10.128235294117648,10.245882352941177,19.263333333333332,3.1,85.0,0.1597744360902255,15.0,0.0,0.0,1.0,0.0,79.0,0.8482352941176471,61.0,10.1 ppg in CHI; traded to BUF as Josh Allen's WR1 (Diggs/Cooper never cleared 85 tgt there). Floor play at WR3 price.,23
45,Drake Maye,QB,NE,24.0,11.0,37.67,3.27,17.0,20.70352941176471,24.468235294117648,26.53,15.96,1.0,0.0020746887966804,103.0,0.0,0.0,31.0,1.0,450.0,0.9576470588235296,48.0,"20.7/24.5 ppg, 31 TD, 450 rush yds, 17 games, age 24. A.J. Brown added. QB2-4 in 6-pt scoring (+2.7 ppg over QB11 in 2025). ESPN ADP ~48: he is a pick-37 decision in League B.",2
46,Travis Etienne Jr.,RB,NO,27.6,8.0,47.64,16.99,17.0,15.28823529411765,15.17058823529412,22.78333333333333,9.5,52.0,0.1035856573705179,260.0,2.0,0.0,0.0,0.0,1107.0,0.6011764705882353,38.0,"15.3 ppg, 260 car, 52 tgt in JAX; signed with NO, Kamara (31) still there. Volume RB2.",18
47,Bucky Irving,RB,TB,24.1,10.0,58.68,21.25,10.0,14.0,14.05,17.61666666666667,8.925,35.0,0.1129032258064516,173.0,0.0,1.0,0.0,0.0,588.0,0.616,51.0,"14.0 ppg in 10 g; shoulder surgery healed, 'full go'. Gainwell added for a pony package. TB has PFF's #3 OL.",19
48,Jadarian Price,RB,SEA,22.9,11.0,73.22,25.98,,,,,,,,,,,,,,,68.0,"Rookie R1 (#32), listed RB1 in SEA with Walker gone and Charbonnet on PUP. Super Bowl champion offense, Darnold. ECR 73 = discount for a lead back.",20
49,Quinshon Judkins,RB,CLE,22.9,11.0,62.03,22.36,14.0,12.342857142857143,12.271428571428572,18.96666666666667,6.775,36.0,0.0827586206896551,230.0,1.0,0.0,0.0,0.0,827.0,0.505,47.0,"12.3 ppg in 14 g, 230 car (65% of CLE RB carries), 10.5 ppg after Wk 9. Upgraded OL, Watson at QB, Sampson takes passing downs. ESPN takes him ~47.",21
50,D'Andre Swift,RB,CHI,27.7,10.0,54.7,19.7,16.0,14.85,14.6625,22.766666666666666,9.375,48.0,0.0963855421686747,223.0,3.0,0.0,0.0,0.0,1087.0,0.57875,52.0,"14.8 ppg, 223 car, 48 tgt; Monangai (knee) doubtful early. Ben Johnson offense.",22
51,David Montgomery,RB,HOU,29.3,8.0,61.35,22.15,17.0,9.99529411764706,10.054117647058824,16.97,6.0,29.0,0.0527272727272727,158.0,1.0,0.0,1.0,0.0,716.0,0.3705882352941176,53.0,10.0 ppg in DET committee; traded to HOU as the clear RB1 with Marks on passing downs. Age 29. Goal-line volume play.,23
52,Tyler Warren,TE,IND,24.3,13.0,53.13,3.99,17.0,11.088235294117649,11.088235294117649,16.783333333333335,7.6,112.0,0.2117202268431001,6.0,0.0,0.0,0.0,0.0,8.0,0.8382352941176471,54.0,"11.1 ppg, 112 tgt (21% share) as a rookie, 84% snaps. Daniel Jones back. TE3-5 range; ESPN ~54.",4
53,Jameson Williams,WR,DET,25.5,6.0,54.74,27.01,17.0,13.288235294117648,13.405882352941177,23.38333333333333,5.7,102.0,0.1854545454545454,6.0,0.0,4.0,0.0,0.0,12.0,0.9017647058823528,70.0,"13.3 ppg, 102 tgt, 90% snaps, best-6 23.4. Deep-threat volatility; new OC Petzing.",24
54,MarShawn Lloyd,RB,GB,25.7,11.0,179.03,56.02,,,,,,,,,,,,,,,96.0,Lead back in GB with Jacobs on the exempt list (open-ended; 6+ games likely). One career game; Kaleb Johnson (traded from PIT Aug 30) and Chris Brooks share. Printed sheets (~180) predate the news; Mike Clay has him RB33. Survives to 62/64 in almost every simulated room.,24
55,Terry McLaurin,WR,WAS,31.0,7.0,47.16,23.64,10.0,11.42,11.42,14.066666666666668,8.65,60.0,0.2325581395348837,0.0,0.0,0.0,0.0,0.0,0.0,0.704,56.0,"11.4 ppg in 10 g, age 31. Diggs added Aug 7; Daniels' health. Fading volume.",25
56,Davante Adams,WR,LA,33.7,11.0,50.13,25.17,14.0,16.02857142857143,16.064285714285713,23.05,9.6,114.0,0.2478260869565217,0.0,0.0,1.0,0.0,0.0,0.0,0.7142857142857143,46.0,"16.0 ppg, 14 TD on 114 tgt (12.3% TD rate; regressed line ~12.7 ppg). Age 33.7. The only top-50 WR ESPN rooms take EARLIER than experts (~46): never a value there.",26
57,Lamar Jackson,QB,BAL,29.7,13.0,32.06,2.59,13.0,16.52769230769231,19.75846153846154,24.95333333333333,7.220000000000001,0.0,0.0,67.0,0.0,0.0,21.0,0.0,349.0,0.9223076923076924,38.0,"16.5/19.8 ppg in 13 g (2 rush TD, QB17 by ppg); 25.5 ppg in 2024. Shrinking the two years together gives ~QB5. Age 29.7, new OC. ESPN takes him ~38: let someone else pay for 2024.",3
58,Joe Burrow,QB,CIN,29.7,6.0,45.81,4.48,8.0,16.8075,21.5575,20.320000000000004,8.375,0.0,0.0,14.0,0.0,0.0,17.0,2.0,41.0,0.8775,58.0,16.8/21.6 ppg in 8 g (turf toe). Healthy: 2024 was 22.9 ppg (4-pt). Chase/Higgins/Brown. QB1 upside at QB5 price.,4
59,Jalen Hurts,QB,PHI,28.1,10.0,56.5,5.86,16.0,18.81625,22.06625,26.08,13.88,0.0,0.0,105.0,0.0,0.0,25.0,1.0,421.0,0.97625,60.0,"18.8/22.1 ppg, 8 rush TD, 105 car. A.J. Brown gone lowers passing ceiling; Tush Push keeps TD floor.",5
60,Justin Herbert,QB,LAC,28.5,7.0,71.63,8.25,16.0,18.43,21.805,27.63,12.76,0.0,0.0,83.0,0.0,0.0,26.0,4.0,498.0,0.968125,114.0,"18.4/21.8 ppg, 26 TD, 498 rush yds (career high), 16 games. ESPN ADP QB15 (~pick 114) vs expert QB7: he is there at 79 in ~100% of simulated rooms and at 99 in ~85%. Take him at 82-99, not 79.",6
61,Wan'Dale Robinson,WR,TEN,25.7,9.0,85.58,38.64,16.0,13.9,13.99375,22.98333333333333,7.75,140.0,0.2972399150743099,3.0,0.0,3.0,0.0,0.0,5.0,0.9075,93.0,"13.9 ppg, 140 tgt, 30% share in NYG. Signed 4yr/$78M with TEN (Daboll OC). Slot PPR floor; Tate competes.",27
62,Kyle Pitts Sr.,TE,ATL,25.9,11.0,78.91,6.79,17.0,12.488235294117649,12.51764705882353,21.48333333333333,5.800000000000001,118.0,0.2277992277992278,0.0,0.0,1.0,0.0,0.0,0.0,0.88,73.0,"12.5 ppg, 118 tgt (23% share), 17 games. Tua at QB is a target-funnel QB. TE4-6.",5
63,Trevor Lawrence,QB,JAX,26.9,7.0,77.84,9.35,17.0,19.89294117647059,23.42235294117647,28.296666666666663,15.02,0.0,0.0,82.0,0.0,0.0,29.0,1.0,359.0,0.967058823529412,92.0,"19.9/23.4 ppg, 29 TD, 359 rush yds, 9 rush TD, 17 games. Priced QB9-10; Coen offense year 2.",7
64,Matthew Stafford,QB,LA,38.6,11.0,104.33,14.59,17.0,21.08117647058824,26.61058823529412,29.01,13.6,0.0,0.0,29.0,0.0,0.0,46.0,4.0,1.0,0.9852941176470588,76.0,"21.1/26.6 ppg, 46 TD on a 7.7% TD rate (league 4.6%, his own 2024 3.5%). At a top-10 rate he is ~32 TD and ~22 ppg in League B (QB8-11). Age 38.6. Biggest ECR-vs-ppg gap on the board, but half of it is TD luck, and ESPN rooms already price him QB8 (~76). League B target at 64-77, never at 39.",8
65,TreVeyon Henderson,RB,NE,23.9,11.0,70.96,25.41,17.0,12.482352941176472,12.364705882352942,23.166666666666668,5.5,42.0,0.0871369294605809,180.0,2.0,0.0,0.0,0.0,911.0,0.4588235294117647,72.0,"12.5 ppg full year; 7.3 ppg Wks 1-9, then 18.4 ppg (RB7) Wks 10-18. Depth chart lists Stevenson first. ESPN ADP ~72 vs Sleeper 52: cheap on ESPN.",25
66,Rome Odunze,WR,CHI,24.3,10.0,57.49,28.37,12.0,12.425,12.508333333333333,20.266666666666666,5.175,90.0,0.2368421052631578,0.0,0.0,2.0,0.0,0.0,0.0,0.8808333333333334,66.5,"12.4 ppg in 12 g, 24% share, WR11 ppg Wks 1-8. Listed WR1 outside in CHI with Moore gone.",28
67,Jayden Daniels,QB,WAS,25.7,7.0,53.22,5.55,7.0,16.325714285714287,18.61142857142857,18.593333333333337,16.18,0.0,0.0,58.0,0.0,0.0,8.0,0.0,278.0,0.9028571428571428,62.0,16.3/18.6 ppg in 7 g (four separate injuries). 21.1 ppg in 2024. Rushing floor when healthy; availability risk.,9
68,Patrick Mahomes II,QB,KC,31.0,5.0,101.49,13.89,14.0,20.40571428571429,23.83428571428572,27.86666666666667,13.205,1.0,0.0020964360587002,64.0,0.0,0.0,22.0,2.0,422.0,0.9742857142857144,82.0,"20.4/23.8 ppg in 14 g, 422 rush yds. ACL/LCL rehab, no preseason snaps, 'on track' for Wk 1 (Mon Sep 14). Rice/Worthy/Kelce; Bieniemy back.",10
69,Christian Watson,WR,GB,27.3,11.0,57.65,28.27,10.0,13.39,13.44,18.333333333333336,6.825,55.0,0.1923076923076923,1.0,0.0,1.0,0.0,0.0,3.0,0.6769999999999999,80.0,"13.4 ppg in 10 g, 19% share; GB WR1 on depth chart. Injury history; TD-dependent.",29
70,Bhayshul Tuten,RB,JAX,24.6,7.0,67.19,24.0,15.0,5.906666666666666,5.906666666666666,10.816666666666668,2.05,14.0,0.0325581395348837,83.0,0.0,0.0,0.0,0.0,307.0,0.2113333333333333,50.0,5.9 ppg as rookie (83 car). Listed RB1 with Etienne gone; Rodriguez behind. Coen offense. Speculative RB1 role at RB3 price.,26
71,Mike Evans,WR,SF,33.1,8.0,56.16,27.49,8.0,10.7875,10.85,13.483333333333334,8.925,62.0,0.2313432835820895,0.0,0.0,1.0,0.0,0.0,0.0,0.65625,62.5,"10.8 ppg in 8 g, age 33. Signed with SF (Purdy, Shanahan), Aiyuk gone, Deebo WR2. 11 straight 1,000-yd seasons ended in 2025.",30
72,Caleb Williams,QB,CHI,24.8,10.0,67.1,7.48,17.0,18.745882352941177,22.04,26.96333333333333,11.8,2.0,0.0037593984962406,77.0,0.0,0.0,27.0,1.0,388.0,0.9905882352941175,85.0,"18.7/22.0 ppg, 27 TD, 388 rush yds, 17 games. Year 3 under Ben Johnson; Moore gone, Burden/Odunze/Loveland up.",11
73,Michael Wilson,WR,ARI,26.5,14.0,88.37,39.49,17.0,13.241176470588234,13.32941176470588,25.700000000000003,6.6,126.0,0.2042139384116693,0.0,0.0,3.0,0.0,0.0,0.0,0.8135294117647058,105.5,"13.2 ppg, 126 tgt, best-6 avg 25.7 (WR ~12 in ceiling weeks). Listed WR2 in ARI; Brissett throws volume. ADP ~88 = value.",31
74,Rhamondre Stevenson,RB,NE,28.5,11.0,77.27,27.35,14.0,12.985714285714286,12.914285714285716,22.666666666666668,4.800000000000001,37.0,0.0943877551020408,130.0,1.0,0.0,0.0,0.0,603.0,0.5935714285714286,77.0,"13.0 ppg in 14 g, listed RB1 ahead of Henderson. Age 28.5. Early-down and goal-line role.",27
75,Parker Washington,WR,JAX,24.5,7.0,63.29,29.99,16.0,11.73125,11.79375,20.200000000000003,5.65,95.0,0.2016985138004246,7.0,0.0,2.0,0.0,0.0,0.0,0.61375,78.5,"11.7 ppg, 95 tgt; 16.4 ppg over the last 6 games as JAX WR1 (three straight 20-pt games). Hunter is a part-time WR in 2026 (CB first).",32
76,Carnell Tate,WR,TEN,21.6,9.0,68.27,32.06,,,,,,,,,,,,,,,70.5,"Rookie #4 overall, listed WR1 in TEN with Cam Ward. R1 rookie WRs finish top-24 only 28% of the time; Wan'Dale takes slot volume.",33
77,Tucker Kraft,TE,GB,25.9,11.0,80.46,7.09,8.0,15.025,15.15,18.383333333333336,8.9,44.0,0.188034188034188,1.0,0.0,2.0,0.0,0.0,3.0,0.86,76.5,"15.0 ppg in 8 g, but two spike games (25.9, 34.8) were 51% of it; the other six averaged 9.9. Active and listed GB TE1 with no camp injury flag. TE5-7 with TE1 weeks.",6
78,Brian Thomas Jr.,WR,JAX,23.9,7.0,80.0,36.31,14.0,9.914285714285716,9.914285714285716,13.9,7.6,91.0,0.2131147540983606,3.0,0.0,0.0,0.0,0.0,21.0,0.7764285714285715,74.0,9.9 ppg in 14 g (17.1 as a rookie in 2024). Lawrence healthy all 17 games; Hunter part-time. Bounce-back with WR1 ceiling.,34
79,Marvin Harrison Jr.,WR,ARI,24.1,14.0,68.6,32.43,12.0,10.65,10.65,16.71666666666667,5.075,73.0,0.1802469135802469,0.0,0.0,0.0,0.0,0.0,0.0,0.7125,72.5,"10.7 ppg in 12 g, 18% share. Brissett (volume thrower) replaces Kyler; McBride still eats. Year-3 leap or bust.",35
80,Harold Fannin Jr.,TE,CLE,22.1,11.0,73.44,6.14,16.0,11.74375,11.775,17.583333333333332,8.2,107.0,0.214,7.0,0.0,1.0,0.0,0.0,13.0,0.759375,85.5,"11.7 ppg, 107 tgt as a rookie (21% share). Watson at QB, Monken HC. TE5-8 with volume.",7
81,Rico Dowdle,RB,PIT,28.2,9.0,88.82,31.19,17.0,13.547058823529412,13.194117647058825,25.183333333333334,5.4,50.0,0.1041666666666666,236.0,3.0,0.0,0.0,0.0,1076.0,0.5605882352941176,84.0,"13.5 ppg, 236 car, best-6 avg 25.2 in CAR; now PIT ~50/50 with Warren. Volume upside if he wins the job.",28
82,Dak Prescott,QB,DAL,33.1,14.0,78.25,9.25,17.0,18.45764705882353,22.69294117647059,26.093333333333334,12.04,0.0,0.0,53.0,0.0,0.0,30.0,6.0,177.0,0.9505882352941176,90.0,"18.5/22.7 ppg, 30 TD, six 300-yd games (League B bonus). Age 33. Lamb+Pickens.",12
83,Jaylen Warren,RB,PIT,27.9,9.0,77.34,27.39,16.0,13.94375,13.81875,19.883333333333336,9.15,45.0,0.0909090909090909,211.0,2.0,0.0,0.0,0.0,958.0,0.5075000000000001,74.5,"13.9 ppg, 211 car; Dowdle signed and reps split ~50/50 in camp. New HC McCarthy.",29
84,DK Metcalf,WR,PIT,28.7,9.0,78.91,36.17,15.0,12.68,12.746666666666666,18.883333333333336,8.1,99.0,0.2265446224256292,2.0,0.0,2.0,0.0,0.0,12.0,0.8726666666666667,66.0,"12.7 ppg, 99 tgt, 23% share with Rodgers; Pittman added. Best-ball TD swings.",36
85,Courtland Sutton,WR,DEN,30.9,10.0,83.3,37.54,17.0,13.1,13.158823529411766,21.133333333333336,8.0,124.0,0.2156521739130434,0.0,0.0,2.0,0.0,0.0,0.0,0.8535294117647059,84.5,"13.1 ppg, 124 tgt, 22% share, 17 games. Waddle added; age 31.",37
86,Michael Pittman Jr.,WR,PIT,28.9,9.0,80.44,36.84,17.0,11.994117647058824,12.023529411764706,20.416666666666668,4.0,111.0,0.2098298676748582,0.0,0.0,1.0,0.0,0.0,0.0,0.8552941176470588,86.0,"12.0 ppg, 111 tgt; traded to PIT with Rodgers (age 42.8). Volume WR3.",38
87,Jaxson Dart,QB,NYG,23.3,8.0,97.46,13.07,14.0,17.255714285714287,19.398571428571422,25.46,14.065,0.0,0.0,86.0,0.0,0.0,15.0,0.0,487.0,0.8364285714285714,88.0,"17.3/19.4 ppg in 14 g, 487 rush yds, 9 rush TD (86 car). Rushing floor; Nabers back. ESPN's own staff rank him QB7, so the room takes him ~88: he is not a late fallback in an ESPN room.",13
88,Kenny Gainwell,RB,TB,27.5,10.0,100.1,34.43,17.0,13.01764705882353,13.01764705882353,23.98333333333333,6.5,85.0,0.1644100580270793,114.0,0.0,0.0,0.0,0.0,537.0,0.4964705882352941,104.0,"13.0 ppg, 85 tgt (!) in PIT; now TB pony-package with Irving. PPR-only RB4 with standalone value.",30
89,Sam LaPorta,TE,DET,25.7,6.0,85.85,7.9,9.0,11.877777777777778,11.877777777777778,14.983333333333334,6.9,49.0,0.1863117870722433,0.0,0.0,0.0,0.0,0.0,0.0,0.9066666666666668,78.0,11.9 ppg in 9 g (injured); 2023 TE1. Petzing OC. TE5-8.,8
90,Tony Pollard,RB,TEN,29.4,9.0,84.99,30.27,17.0,11.458823529411765,11.282352941176471,17.716666666666665,7.800000000000001,41.0,0.0775047258979206,242.0,3.0,0.0,0.0,0.0,1082.0,0.6247058823529412,82.5,"11.5 ppg, 242 car, three 100-yd games; contract year, trade candidate; Spears/Singleton behind.",31
91,George Kittle,TE,SF,32.9,8.0,98.93,9.97,11.0,14.818181818181818,14.863636363636363,20.83333333333333,9.3,69.0,0.2284768211920529,1.0,0.0,1.0,0.0,0.0,-3.0,0.8118181818181818,92.5,"14.8 ppg in 11 g; Achilles tear in January, made the Australia trip after two positive practices, 'trending' to play Wk 1. Age 33. Discounted TE1 if healthy.",9
92,Josh Jacobs,RB,GB,28.6,11.0,46.94,16.98,15.0,15.806666666666668,15.806666666666668,24.23333333333333,11.25,44.0,0.1025641025641025,234.0,0.0,0.0,0.0,0.0,929.0,0.5906666666666667,63.0,"15.8 ppg, 234 car. Commissioner's Exempt List (Aug 30) with no fixed length; first court date Nov 17, so a Wk 8 return is a hope. ESPN tags exempt players SSPD, not IR-eligible: he burns a bench slot. Someone in the room will take him off the printed sheet around 55-70; do not.",32
93,Kyler Murray,QB,MIN,29.1,6.0,112.82,16.66,5.0,15.556,17.956,15.556,14.06,0.0,0.0,29.0,0.0,0.0,6.0,0.0,173.0,0.988,115.5,15.6/18.0 ppg in 5 g (ARI); signed with MIN as starter over McCarthy. 500+ rush yds projected; Jefferson/Addison/Hockenson. Round-12 price on ESPN.,14
94,Josh Downs,WR,IND,25.1,13.0,87.25,39.12,16.0,8.65,8.65,13.516666666666666,5.4,88.0,0.1770623742454728,2.0,0.0,0.0,0.0,0.0,-2.0,0.586875,98.0,"8.7 ppg, 88 tgt; Pittman traded, Keenan Allen added. Slot volume WR4.",39
95,Stefon Diggs,WR,WAS,32.8,7.0,96.49,42.19,17.0,12.811764705882354,12.958823529411765,21.366666666666664,5.800000000000001,102.0,0.2116182572614107,0.0,0.0,5.0,0.0,0.0,0.0,0.5376470588235295,95.0,"12.8 ppg, 102 tgt, five 100-yd games in NE; signed with WAS Aug 7 as 1B to McLaurin. Age 33.",40
96,Quentin Johnston,WR,LAC,25.0,7.0,95.75,41.97,13.0,13.284615384615384,13.323076923076922,19.45,9.2,84.0,0.2019230769230769,2.0,0.0,1.0,0.0,0.0,7.0,0.7685714285714286,100.5,"13.3 ppg in 13 g, 8 TD, 20% share. McDaniel OC. WR4 with TD equity.",41
97,J.K. Dobbins,RB,DEN,27.7,10.0,100.48,34.4,10.0,12.19,11.99,15.433333333333332,9.1,14.0,0.0428134556574923,153.0,2.0,0.0,0.0,0.0,772.0,0.511,90.5,"12.2 ppg in 10 g, listed RB1 in DEN ahead of Harvey; PFF #1 OL. Age 27.7, injury history.",33
98,RJ Harvey,RB,DEN,25.6,10.0,97.46,33.83,17.0,12.15294117647059,12.15294117647059,21.3,6.0,58.0,0.1008695652173913,146.0,0.0,0.0,0.0,0.0,540.0,0.4211764705882353,95.5,"12.2 ppg, 146 car, 58 tgt, 42% snaps; listed RB2 behind Dobbins, rookie Coleman added. Pass-down role.",34
99,Chuba Hubbard,RB,CAR,27.2,5.0,98.94,34.1,15.0,8.360000000000001,8.360000000000001,14.316666666666668,3.75,39.0,0.0902777777777777,134.0,0.0,0.0,0.0,0.0,511.0,0.458,65.0,8.4 ppg in 2025 (16.9 in 2024); listed RB1 with Dowdle gone and no RB drafted; Brooks (two ACLs) behind. Bounce-back at RB35 price.,35
100,Brock Purdy,QB,SF,26.7,8.0,96.5,12.39,9.0,19.70888888888889,24.59777777777778,24.683333333333334,16.78,0.0,0.0,33.0,0.0,0.0,20.0,2.0,147.0,0.977777777777778,105.0,19.7/24.6 ppg in 9 g (injured). Evans + Kittle + CMC. 6-pt league QB8 upside at QB14 price.,15
101,Travis Kelce,TE,KC,36.9,5.0,98.53,9.9,17.0,11.364705882352942,11.364705882352942,18.066666666666663,8.399999999999999,108.0,0.1967213114754098,1.0,0.0,0.0,0.0,0.0,1.0,0.8188235294117647,88.5,"11.4 ppg, 108 tgt, 17 games; age 37. Mahomes back. TE8-10 floor.",10
102,Alec Pierce,WR,IND,26.4,13.0,100.32,43.17,15.0,12.42,12.486666666666668,20.883333333333336,5.7,84.0,0.1798715203426124,0.0,0.0,2.0,0.0,0.0,0.0,0.8593333333333334,108.5,"12.4 ppg, 84 tgt, listed WR1 in IND; Pittman gone. Deep threat with League B 50-yd TD bonus appeal.",42
103,Bo Nix,QB,DEN,26.5,10.0,99.3,12.89,17.0,17.93176470588235,21.343529411764703,26.38,13.36,1.0,0.0017391304347826,83.0,0.0,0.0,25.0,4.0,356.0,0.9964705882352942,99.0,"17.9/21.3 ppg, 25 TD, 356 rush yds, 17 games. Waddle added. Streamer-plus.",16
104,Jared Goff,QB,DET,31.9,6.0,106.4,15.19,17.0,17.474117647058822,22.18,25.25,12.68,0.0,0.0,19.0,0.0,0.0,34.0,6.0,45.0,0.9852941176470588,110.0,"17.5/22.2 ppg, 34 TD, six 300-yd games. Zero rushing. 6-pt league value only.",17
105,Makai Lemon,WR,PHI,22.3,10.0,109.7,46.42,,,,,,,,,,,,,,,118.0,"Rookie R1 (#20), PHI; A.J. Brown gone, listed behind Smith/Wicks on initial depth chart. Day-1 capital but rookie WR hit rates are low.",43
106,Jakobi Meyers,WR,JAX,29.8,7.0,104.5,44.84,16.0,10.9875,10.9875,15.616666666666664,7.725,110.0,0.2286902286902287,5.0,0.0,0.0,0.0,0.0,13.0,0.85,96.5,"11.0 ppg, 110 tgt, 23% share in LV; now JAX. Target floor WR4.",44
107,Jordan Addison,WR,MIN,24.6,6.0,105.63,45.13,14.0,9.864285714285714,9.935714285714283,14.933333333333335,6.975,79.0,0.1970074812967581,2.0,0.0,2.0,0.0,0.0,81.0,0.8514285714285714,109.0,"9.9 ppg in 14 g; Kyler at QB, Jefferson draws coverage. TD-dependent WR4.",45
108,Jayden Reed,WR,GB,26.4,11.0,104.21,44.98,5.0,9.7,9.7,9.7,8.100000000000001,22.0,0.1692307692307692,3.0,0.0,0.0,0.0,0.0,28.0,0.4114285714285714,110.5,"9.7 ppg in 5 g (injured); healthy, ADP rising. GB slot with Watson/Golden.",46
109,KC Concepcion,WR,CLE,22.0,11.0,118.1,48.59,,,,,,,,,,,,,,,119.0,"Rookie R1 (#24), listed WR2 in CLE next to Jeudy; Watson at QB. Rising in ADP.",47
110,Jacory Croskey-Merritt,RB,WAS,25.4,7.0,113.67,37.56,17.0,8.605882352941178,8.488235294117647,17.316666666666666,3.0,13.0,0.0300925925925925,175.0,2.0,0.0,0.0,0.0,805.0,0.3947058823529412,101.0,"8.6 ppg, 175 car (39% snaps), listed RB1 in WAS ahead of Rachaad White. Cheap lead-back share.",36
111,Blake Corum,RB,LA,25.8,11.0,112.07,37.2,17.0,7.364705882352942,7.305882352941176,14.616666666666667,2.4000000000000004,14.0,0.0240963855421686,145.0,1.0,0.0,0.0,0.0,746.0,0.2911764705882353,108.0,"7.4 ppg, 145 car behind Kyren; would be a back-end RB1 if Kyren misses time. Handcuff-plus.",37
112,Jordan Mason,RB,MIN,27.3,6.0,115.68,38.22,16.0,8.24375,8.18125,13.800000000000002,4.175,16.0,0.0353982300884955,159.0,1.0,0.0,0.0,0.0,758.0,0.4275,106.0,"8.2 ppg, 159 car, 91.3 PFF rush grade; RB2 behind Aaron Jones (31.8). Handcuff-plus.",38
113,Daniel Jones,QB,IND,29.3,13.0,147.99,23.19,13.0,17.41846153846154,20.64923076923077,22.84,15.500000000000002,0.0,0.0,45.0,0.0,0.0,19.0,2.0,164.0,0.9146153846153846,134.0,17.4/20.6 ppg in 13 g before Achilles; 'absolutely' expects Wk 1. Taylor/Warren/Pierce/Downs/Allen. ECR 148 = free QB12.,18
114,Dalton Kincaid,TE,BUF,26.9,7.0,112.42,12.09,12.0,10.758333333333333,10.841666666666669,16.366666666666667,6.2250000000000005,49.0,0.1462686567164179,0.0,0.0,2.0,0.0,0.0,0.0,0.3741666666666667,106.5,10.8 ppg in 12 g; 37% snaps in 2025 split with Knox. DJ Moore added. TE10-12.,11
115,Jake Ferguson,TE,DAL,27.6,14.0,118.47,13.35,17.0,11.06470588235294,11.06470588235294,18.85,7.300000000000001,102.0,0.1680395387149917,1.0,0.0,0.0,0.0,0.0,1.0,0.6670588235294117,116.0,"11.1 ppg, 102 tgt, 17 games. TE volume floor in a high-scoring DAL offense.",12
116,Chris Godwin Jr.,WR,TB,30.5,10.0,76.5,35.07,9.0,9.38888888888889,9.444444444444445,12.366666666666664,5.6,51.0,0.1834532374100719,0.0,0.0,1.0,0.0,0.0,0.0,0.7088888888888889,146.8,"9.4 ppg in 9 g, age 30.5, coming off major injuries; listed TB WR2. ESPN ADP 147 vs ECR 76: a round-14/15 pick, never round 11.",48
117,Rachaad White,RB,WAS,27.7,7.0,111.88,37.48,17.0,8.411764705882353,8.411764705882353,13.783333333333337,5.200000000000001,45.0,0.0833333333333333,132.0,0.0,0.0,0.0,0.0,572.0,0.5105882352941177,,"8.4 ppg, 132 car, 45 tgt; WAS RB2 behind Croskey-Merritt. PPR-only.",39
118,Romeo Doubs,WR,NE,26.4,11.0,127.35,52.2,16.0,10.3375,10.3375,17.05,5.324999999999999,85.0,0.1888888888888888,0.0,0.0,0.0,0.0,0.0,0.0,0.775625,,"10.3 ppg, 85 tgt in GB; listed WR2 in NE opposite A.J. Brown with Maye.",49
119,Khalil Shakir,WR,BUF,26.6,7.0,123.36,51.09,16.0,10.49375,10.525,16.15,7.125,95.0,0.2106430155210643,1.0,0.0,1.0,0.0,0.0,5.0,0.5975,,"10.5 ppg, 95 tgt, 21% share; Moore added. PPR floor WR5.",50
120,Jalen Coker,WR,CAR,24.9,5.0,124.68,51.43,11.0,8.218181818181819,8.218181818181819,12.266666666666666,4.35,43.0,0.1487889273356401,0.0,0.0,0.0,0.0,0.0,0.0,0.6936363636363636,,8.2 ppg in 11 g; listed WR2 in CAR. Cheap volume behind McMillan.,51
121,Matthew Golden,WR,GB,23.1,11.0,128.79,52.84,14.0,5.0,5.0,9.066666666666668,1.9,44.0,0.1167108753315649,10.0,0.0,0.0,0.0,0.0,49.0,0.5321428571428571,,5.0 ppg as a rookie (44 tgt); ADP rising in camp. Year-2 dart.,52
122,Xavier Worthy,WR,KC,23.4,5.0,129.35,52.96,14.0,7.85,7.85,11.733333333333334,5.625,73.0,0.1604395604395604,11.0,0.0,0.0,0.0,0.0,87.0,0.7057142857142857,120.0,"7.9 ppg in 14 g, 73 tgt. Mahomes back; Rice/Kelce first. Big-play dart (League B 50-yd bonus).",53
123,Deebo Samuel Sr.,WR,SF,30.7,8.0,138.51,56.26,16.0,11.7625,11.7625,19.55,6.225,99.0,0.2468827930174563,17.0,0.0,0.0,0.0,0.0,75.0,0.7225,,"11.8 ppg, 99 tgt, 25% share in WAS; listed WR2 in SF with Evans. Age 30.7.",54
124,Tyler Allgeier,RB,ARI,26.4,14.0,138.72,45.49,17.0,7.235294117647059,7.235294117647059,12.95,2.3000000000000003,16.0,0.0308880308880308,143.0,0.0,0.0,0.0,0.0,514.0,0.3023529411764706,124.0,"7.2 ppg in ATL; listed RB1 in ARI while Love (ankle) recovers; Conner on IR. Week 1-2 starter, then handcuff.",40
125,Woody Marks,RB,HOU,25.7,8.0,137.25,45.02,16.0,9.06875,9.06875,15.95,4.75,36.0,0.0693641618497109,196.0,0.0,0.0,0.0,0.0,703.0,0.515,,"9.1 ppg, 196 car, 36 tgt as a rookie; passing-down role behind Montgomery. Handcuff-plus.",41
126,Dallas Goedert,TE,PHI,31.7,10.0,117.24,12.93,15.0,12.44,12.473333333333333,19.666666666666668,6.550000000000001,82.0,0.2004889975550122,0.0,0.0,1.0,0.0,0.0,0.0,0.846,112.0,12.4 ppg on 11 TD in 82 tgt (13.4% TD rate; regressed ~9.8 ppg); age 31.7; more targets with A.J. Brown gone. TE10-12.,13
127,Kyle Monangai,RB,CHI,24.3,10.0,116.95,38.82,17.0,8.982352941176472,8.864705882352942,16.5,3.3000000000000003,30.0,0.056390977443609,169.0,2.0,0.0,0.0,0.0,783.0,0.4088235294117647,117.0,"9.0 ppg, 169 car, 5 TD as rookie; hyperextended knee Aug 16, week-to-week. Swift handcuff once healthy.",42
128,Baker Mayfield,QB,TB,31.4,10.0,118.39,18.54,17.0,15.99529411764706,19.28941176470588,21.813333333333333,12.7,0.0,0.0,55.0,0.0,0.0,26.0,2.0,382.0,0.9711764705882354,,"16.0/19.3 ppg, 26 TD, 382 rush yds. Egbuka/Godwin; Evans gone. QB14 range.",19
129,Jordan Love,QB,GB,27.9,11.0,118.95,18.48,15.0,15.675999999999998,19.00933333333333,23.02333333333333,10.07,0.0,0.0,47.0,0.0,0.0,23.0,2.0,199.0,0.9426666666666668,,15.7/19.0 ppg in 15 g. Watson/Reed/Golden/Kraft. Streamer.,20
130,De'Zhaun Stribling,WR,SF,23.7,8.0,132.96,53.94,,,,,,,,,,,,,,,,"Rookie R2 (#33), led SF with 7 catches in preseason opener; Pearsall on IR, Kirk on IR. WR3 in SF behind Evans/Deebo.",55
131,Mark Andrews,TE,BAL,31.0,13.0,131.7,14.85,17.0,7.705882352941177,7.705882352941177,14.750000000000002,3.4000000000000004,70.0,0.171990171990172,10.0,0.0,0.0,0.0,0.0,48.0,0.6170588235294118,,"7.7 ppg, 70 tgt; age 31; listed TE1 in BAL. TE12-15.",14
132,Tank Bigsby,RB,PHI,24.0,10.0,171.53,55.07,15.0,3.786666666666666,3.72,8.633333333333335,0.2,4.0,0.0096618357487922,63.0,1.0,0.0,0.0,0.0,356.0,0.1264705882352941,,3.8 ppg in 2025; listed RB2 in PHI = Barkley (29.6) handcuff. Elite YAC metrics.,43
133,Sione Vaki,RB,DET,25.1,6.0,317.0,104.0,8.0,0.05,0.05,0.0666666666666666,0.0,0.0,0.0,1.0,0.0,0.0,0.0,0.0,4.0,0.0009090909090909,,"Listed RB2 in DET behind Gibbs (Montgomery traded, Pacheco IR). The Gibbs handcuff for League A; not in most printed lists.",44
134,Brian Robinson Jr.,RB,ATL,27.5,11.0,177.08,57.11,17.0,3.6764705882352944,3.6764705882352944,6.75,2.1,12.0,0.0230326295585412,92.0,0.0,0.0,0.0,0.0,400.0,0.1670588235294117,,"3.7 ppg, 92 car; listed RB2 in ATL = Bijan handcuff.",45
135,Kaelon Black,RB,SF,24.9,8.0,237.76,70.0,,,,,,,,,,,,,,,,"Rookie R3 (#90), listed RB2 in SF = McCaffrey handcuff (RB2 there had 'huge spike' potential in 2025).",46
136,Emmett Johnson,RB,KC,22.9,5.0,189.73,59.11,,,,,,,,,,,,,,,,"Rookie R5, listed RB2 in KC = Walker handcuff; short-yardage role.",47
137,Jonathon Brooks,RB,CAR,23.1,5.0,90.84,31.39,,,,,,,,,,,,,,,111.0,Two ACL tears; listed RB2 behind Hubbard. Talent dart only in R14-15.,48
138,Isaiah Likely,TE,NYG,26.4,8.0,123.13,13.65,12.0,5.141666666666667,5.141666666666667,8.100000000000001,2.5,36.0,0.1241379310344827,0.0,0.0,0.0,0.0,0.0,0.0,0.5592857142857143,,,15
139,Jordyn Tyson,WR,NO,22.1,8.0,135.15,53.51,,,,,,,,,,,,,,,,"Rookie #8 overall, on IR (hamstring) ~2 months (Rapoport). IR-slot stash only: both leagues have 1 IR spot.",56
140,Zach Charbonnet,RB,SEA,25.7,11.0,154.18,50.24,16.0,11.525,11.4625,18.583333333333336,6.425,24.0,0.0551724137931034,184.0,1.0,0.0,0.0,0.0,730.0,0.48375,,"Reserve/PUP (ACL), out 4+ games. IR stash only.",49
141,James Conner,RB,ARI,31.4,14.0,211.4,63.84,3.0,11.1,11.1,11.1,9.45,9.0,0.1022727272727272,32.0,0.0,0.0,0.0,0.0,95.0,0.5,,"On IR (ankle), out at least 4 games; behind Love/Allgeier when back. IR-slot stash at best.",50
142,Isiah Pacheco,RB,DET,27.5,6.0,163.96,53.1,13.0,6.715384615384616,6.715384615384616,9.866666666666667,3.9,26.0,0.0643564356435643,118.0,0.0,0.0,0.0,0.0,462.0,0.5169230769230769,,"IR (back/MCL) since Sep 1; eligible Wk 5, DET bye Wk 6, so realistic return Wk 7; DET RB2/3 when back. IR stash only.",51
143,Tyjae Spears,RB,TEN,25.2,9.0,139.37,45.62,13.0,8.592307692307692,8.592307692307692,12.500000000000002,6.5,50.0,0.1201923076923077,72.0,0.0,0.0,0.0,0.0,283.0,0.4592307692307692,,,52
144,Chris Rodriguez Jr.,RB,JAX,27.0,7.0,140.02,45.66,12.0,7.666666666666667,7.666666666666667,11.483333333333334,4.875,4.0,0.0132450331125827,112.0,0.0,0.0,0.0,0.0,500.0,0.3123076923076923,,,53
145,Dylan Sampson,RB,CLE,22.0,11.0,148.86,48.81,15.0,5.840000000000001,5.840000000000001,11.416666666666666,1.5500000000000005,40.0,0.0863930885529157,65.0,0.0,0.0,0.0,0.0,175.0,0.2646666666666666,,,54
146,Keenan Allen,WR,IND,34.4,13.0,193.66,73.2,17.0,10.835294117647058,10.86470588235294,18.03333333333333,6.7,122.0,0.2263450834879406,0.0,0.0,1.0,0.0,0.0,0.0,0.5547058823529412,,,57
147,Rashid Shaheed,WR,SEA,28.0,11.0,148.75,58.81,18.0,8.783333333333333,8.81111111111111,15.533333333333331,3.7,92.0,0.1669691470054446,9.0,0.0,1.0,0.0,0.0,69.0,0.6088888888888889,,,58
148,Sam Darnold,QB,SEA,29.3,11.0,139.95,22.49,17.0,13.848235294117648,17.024705882352944,22.37666666666667,6.08,0.0,0.0,35.0,0.0,0.0,25.0,2.0,95.0,0.9617647058823532,,,21
149,Juwan Johnson,TE,NO,30.0,8.0,134.2,15.33,17.0,10.58235294117647,10.58235294117647,15.666666666666666,7.100000000000001,102.0,0.1805309734513274,0.0,0.0,0.0,0.0,0.0,0.0,0.75,,,16
150,Denzel Boston,WR,CLE,22.8,11.0,150.61,59.23,,,,,,,,,,,,,,,,,59
151,Los Angeles Chargers,DST,LAC,,7.0,193.51,9.97,,,,,,,,,,,,,,,,"7.2 ppg in 2025. Wks 1-2 vs ARI (Brissett) and LV (Cousins): the best two-week opener of any DST; then @BUF, @SEA (stream those). Round-15 pick #1.",1
152,Cleveland Browns,DST,CLE,,11.0,219.26,15.64,,,,,,,,,,,,,,,,"7.7 ppg in 2025 with Garrett; Wks 1-4 @JAX, @TB, CAR (Young), PIT. Round-15 pick #2.",2
153,Seattle Seahawks,DST,SEA,,11.0,167.85,3.9,,,,,,,,,,,,,,,,"Best DST in 2025 under this scoring (8.4 ppg); Wks 1-4 NE, @ARI, @WAS, LAC. Champion defense with a soft Wk 2.",3
154,Minnesota Vikings,DST,MIN,,6.0,185.95,8.27,,,,,,,,,,,,,,,,"Allowed the fewest fantasy points in the NFL in 2025 (66.2/g), 7.3 DST ppg; Wks 1-4 GB, @CHI, @TB, MIA (Willis). Elite from Week 5 on.",4
155,Chicago Bears,DST,CHI,,10.0,263.0,19.72,,,,,,,,,,,,,,,,"Only 5.4 ppg in 2025 but the softest four-week opener in the league: @CAR (Young), MIN, PHI, NYJ (Geno). Streamer #5.",5
156,Philadelphia Eagles,DST,PHI,,10.0,174.88,6.19,,,,,,,,,,,,,,,,"6.5 ppg in 2025; Wks 1-4 WAS, @TEN (Ward), @CHI, LA. Soft Week 2.",6
157,Pittsburgh Steelers,DST,PIT,,9.0,186.35,8.21,,,,,,,,,,,,,,,,"5.4 ppg in 2025; Wks 1-4 ATL, @NE, CIN, @CLE. Watt pass rush; Week 4 is the soft one.",7
158,Detroit Lions,DST,DET,,6.0,220.32,14.9,,,,,,,,,,,,,,,,"Wks 1-4 NO, @BUF, NYJ, @CAR (three soft offenses) but only 4.6 ppg in 2025 and safeties Branch and Joseph miss Weeks 1-4. Last of the streamable eight.",8
159,Houston Texans,DST,HOU,,8.0,152.91,1.76,,,,,,,,,,,,,,,,"ECR DST1 and 8.2 ppg in 2025, but Wks 1-4 = BUF, CIN, @IND, DAL (the four hardest openers). Goes ~R11 on ESPN; a Week-5 waiver target, not a round-15 pick.",9
160,Denver Broncos,DST,DEN,,10.0,163.88,3.15,,,,,,,,,,,,,,,,"ECR DST2, 8.1 ppg in 2025; Wks 1-4 @KC, JAX, LA, @SF. Elite pass rush, tough openers; Week-5 waiver target.",10
161,Brenton Strange,TE,JAX,25.7,7.0,159.0,18.54,12.0,9.833333333333334,9.833333333333334,13.75,5.45,60.0,0.1685393258426966,0.0,0.0,0.0,0.0,0.0,0.0,0.7483333333333334,,,17
162,Tyrone Tracy Jr.,RB,NYG,26.8,8.0,162.2,51.66,15.0,10.92,10.853333333333332,18.316666666666663,6.15,48.0,0.1081081081081081,176.0,1.0,0.0,0.0,0.0,740.0,0.5446666666666666,,,55
163,Alvin Kamara,RB,NO,31.1,8.0,166.12,52.71,11.0,9.154545454545454,9.154545454545454,12.916666666666666,6.2,39.0,0.1048387096774193,131.0,0.0,0.0,0.0,0.0,471.0,0.6372727272727272,,,56
164,Jauan Jennings,WR,MIN,29.2,6.0,166.54,64.48,15.0,11.553333333333336,11.553333333333336,17.166666666666668,7.3,90.0,0.2045454545454545,0.0,0.0,0.0,0.0,0.0,0.0,0.8206666666666667,,,60
165,Adonai Mitchell,WR,NYJ,23.9,13.0,166.84,64.84,16.0,5.5875,5.61875,12.066666666666668,1.275,74.0,0.1519507186858316,1.0,0.0,1.0,0.0,0.0,-4.0,0.50625,,,61
166,Braelon Allen,RB,NYJ,22.6,13.0,175.43,56.06,4.0,3.825,3.825,3.825,0.975,3.0,0.0288461538461538,18.0,0.0,0.0,0.0,0.0,76.0,0.2325,,,57
167,Cam Ward,QB,TEN,24.3,9.0,156.55,25.0,17.0,10.980000000000002,12.744705882352942,16.636666666666667,6.880000000000001,0.0,0.0,39.0,0.0,0.0,15.0,0.0,159.0,0.946470588235294,,,22
168,C.J. Stroud,QB,HOU,24.9,8.0,145.31,23.3,14.0,14.895714285714286,17.752857142857142,20.756666666666668,10.64,0.0,0.0,48.0,0.0,0.0,19.0,1.0,209.0,0.9121428571428573,,,23
169,Aaron Jones Sr.,RB,MIN,31.8,6.0,115.78,38.82,12.0,9.891666666666667,9.891666666666667,13.516666666666666,6.95,41.0,0.1375838926174496,132.0,0.0,0.0,0.0,0.0,548.0,0.5508333333333333,100.0,,58
170,Tyler Shough,QB,NO,27.0,8.0,124.28,19.67,11.0,14.36,16.541818181818183,19.89333333333333,8.580000000000002,0.0,0.0,45.0,0.0,0.0,10.0,2.0,186.0,0.8345454545454545,,,24
171,Malik Willis,QB,MIA,27.3,6.0,130.02,20.37,4.0,12.795,14.294999999999998,12.794999999999998,4.525,0.0,0.0,22.0,0.0,0.0,3.0,0.0,123.0,0.4225,,,25
172,Keaton Mitchell,RB,LAC,24.6,7.0,151.49,49.15,13.0,4.261538461538462,4.261538461538462,7.133333333333333,2.3,12.0,0.0397350993377483,59.0,0.0,0.0,0.0,0.0,341.0,0.1746153846153846,,,59
173,Jonah Coleman,RB,DEN,23.1,10.0,156.36,50.58,,,,,,,,,,,,,,,,,60
174,Chig Okonkwo,TE,WAS,27.0,7.0,160.38,18.65,17.0,7.294117647058823,7.294117647058823,11.866666666666667,4.0,79.0,0.1493383742911153,0.0,0.0,0.0,0.0,0.0,0.0,0.6370588235294118,,,18
175,Tre Tucker,WR,LV,25.5,13.0,162.97,63.43,17.0,9.6,9.629411764705882,17.25,5.0,92.0,0.1866125760649087,11.0,0.0,1.0,0.0,0.0,51.0,0.9482352941176472,,,62
176,Dalton Schultz,TE,HOU,30.2,8.0,163.71,19.03,17.0,10.452941176470588,10.452941176470588,16.566666666666666,5.800000000000001,106.0,0.1916817359855334,0.0,0.0,0.0,0.0,0.0,0.0,0.7105882352941176,,,19
177,Hunter Henry,TE,NE,31.8,11.0,164.67,19.1,17.0,10.605882352941178,10.63529411764706,17.933333333333334,6.6000000000000005,87.0,0.1804979253112033,0.0,0.0,1.0,0.0,0.0,0.0,0.7941176470588235,,,20
178,Mike Washington Jr.,RB,LV,,13.0,165.41,52.21,,,,,,,,,,,,,,,,,61
179,Jerry Jeudy,WR,CLE,27.4,11.0,167.97,65.34,17.0,7.1000000000000005,7.1000000000000005,12.800000000000002,3.7,106.0,0.2034548944337812,1.0,0.0,0.0,0.0,0.0,5.0,0.8452941176470588,,,63
180,Bryce Young,QB,CAR,25.1,5.0,172.12,26.04,16.0,14.1275,16.8775,22.72,8.709999999999999,0.0,0.0,54.0,0.0,0.0,23.0,2.0,216.0,0.9675,,,26
181,Jalen McMillan,WR,TB,24.8,10.0,172.6,66.35,4.0,7.85,7.975,7.85,3.225,15.0,0.1219512195121951,1.0,0.0,1.0,0.0,0.0,1.0,0.515,,,64
182,Kayshon Boutte,WR,HOU,24.3,8.0,179.43,68.45,14.0,8.971428571428572,9.007142857142856,16.03333333333333,3.625,46.0,0.1164556962025316,0.0,0.0,1.0,0.0,0.0,0.0,0.6749999999999999,,,65
183,Omar Cooper Jr.,WR,NYJ,22.7,13.0,180.82,69.27,,,,,,,,,,,,,,,,,66
184,Tre' Harris,WR,LAC,24.5,7.0,181.2,69.57,16.0,4.3375,4.3375,7.366666666666667,2.35,43.0,0.0848126232741617,2.0,0.0,0.0,0.0,0.0,10.0,0.4852941176470588,,,67
185,Ryan Flournoy,WR,DAL,26.9,14.0,184.82,70.42,15.0,7.8,7.866666666666666,14.45,2.9,56.0,0.104089219330855,4.0,0.0,2.0,0.0,0.0,25.0,0.4475,,,68
186,Dontayvion Wicks,WR,PHI,25.2,10.0,186.73,70.44,13.0,5.830769230769231,5.830769230769231,9.750000000000002,1.9,46.0,0.1288515406162464,1.0,0.0,0.0,0.0,0.0,6.0,0.4464285714285714,,,69
187,Jalen Nailor,WR,LV,27.5,13.0,190.27,71.86,17.0,6.011764705882353,6.041176470588235,12.566666666666665,0.0,53.0,0.1137339055793991,2.0,0.0,1.0,0.0,0.0,13.0,0.6535294117647058,,,70
188,T.J. Hockenson,TE,MIN,29.2,6.0,190.29,22.06,15.0,7.52,7.52,11.283333333333331,4.55,66.0,0.1560283687943262,1.0,0.0,0.0,0.0,0.0,0.0,0.7793333333333333,,,21
189,Malik Washington,WR,MIA,25.9,6.0,190.64,72.36,17.0,6.864705882352942,6.864705882352942,10.4,4.1,65.0,0.1441241685144124,17.0,0.0,0.0,0.0,0.0,110.0,0.57,,,71
190,Pat Bryant,WR,DEN,23.8,10.0,190.7,72.14,13.0,5.753846153846154,5.753846153846154,9.316666666666668,3.8,49.0,0.1096196868008948,0.0,0.0,0.0,0.0,0.0,0.0,0.4766666666666667,,,72
191,Jacoby Brissett,QB,ARI,33.7,14.0,194.36,26.94,14.0,16.81714285714286,20.24571428571429,22.563333333333333,15.835,0.0,0.0,38.0,0.0,0.0,23.0,4.0,168.0,0.8571428571428571,,,27
192,Ray Davis,RB,BUF,26.8,7.0,194.45,59.71,17.0,3.947058823529413,3.888235294117648,9.750000000000002,0.1,13.0,0.0271398747390396,58.0,1.0,0.0,0.0,0.0,275.0,0.1429411764705882,,,62
193,Jaylin Noel,WR,HOU,24.0,8.0,200.36,75.0,17.0,4.023529411764706,4.023529411764706,9.7,0.0,35.0,0.0632911392405063,6.0,0.0,0.0,0.0,0.0,12.0,0.26,,,73
194,Kimani Vidal,RB,LAC,25.0,7.0,201.17,62.19,13.0,9.761538461538462,9.53076923076923,18.15,2.9,22.0,0.0547263681592039,155.0,3.0,0.0,0.0,0.0,643.0,0.5446153846153846,,,63
195,Calvin Ridley,WR,TEN,31.7,9.0,202.32,75.39,7.0,6.971428571428571,7.042857142857143,7.75,3.25,36.0,0.1636363636363636,0.0,0.0,1.0,0.0,0.0,0.0,0.5714285714285714,,,74
196,Sean Tucker,RB,TB,24.9,10.0,204.71,62.45,17.0,5.552941176470589,5.494117647058824,12.933333333333332,0.0,11.0,0.0203703703703703,86.0,1.0,0.0,0.0,0.0,320.0,0.158235294117647,,,64
197,AJ Barner,TE,SEA,24.4,11.0,208.19,24.07,17.0,8.664705882352942,8.664705882352942,15.566666666666668,3.4000000000000004,68.0,0.1494505494505494,10.0,0.0,0.0,0.0,0.0,14.0,0.7729411764705882,,,22
198,Greg Dulcich,TE,MIA,26.5,6.0,208.5,24.49,9.0,6.977777777777778,6.977777777777778,8.566666666666668,4.4,33.0,0.1527777777777778,1.0,0.0,0.0,0.0,0.0,-7.0,0.422,,,23
199,Caleb Douglas,WR,MIA,23.0,6.0,211.13,78.85,,,,,,,,,,,,,,,,,75
200,Oronde Gadsden II,TE,LAC,23.2,7.0,211.73,25.45,15.0,8.860000000000001,8.893333333333334,15.916666666666666,3.65,69.0,0.1443514644351464,0.0,0.0,1.0,0.0,0.0,0.0,0.626,,,24
201,Terrance Ferguson,TE,LA,23.5,11.0,212.67,25.47,11.0,4.736363636363636,4.736363636363636,8.416666666666668,0.0,25.0,0.0651041666666666,1.0,0.0,0.0,0.0,0.0,0.0,0.3671428571428571,,,25
202,Troy Franklin,WR,DEN,23.6,10.0,216.18,80.33,17.0,10.41764705882353,10.41764705882353,18.666666666666668,4.1,104.0,0.1808695652173913,5.0,0.0,0.0,0.0,0.0,12.0,0.5958823529411765,,,76
203,Aaron Rodgers,QB,PIT,42.8,9.0,216.72,28.3,16.0,14.1925,17.1925,20.316666666666663,10.175,1.0,0.0020576131687242,21.0,0.0,0.0,24.0,0.0,61.0,0.956875,,,28
204,Isaac TeSlaa,WR,DET,24.6,6.0,217.77,80.06,14.0,5.421428571428572,5.421428571428572,11.183333333333335,0.0,27.0,0.0584415584415584,0.0,0.0,0.0,0.0,0.0,0.0,0.3964705882352941,,,77
205,Nicholas Singleton,RB,TEN,22.7,9.0,218.87,65.08,,,,,,,,,,,,,,,,,65
206,Darnell Mooney,WR,NYG,28.9,8.0,219.02,81.4,15.0,5.486666666666666,5.486666666666666,8.833333333333334,2.6,72.0,0.1617977528089887,0.0,0.0,0.0,0.0,0.0,0.0,0.8193333333333332,,,78
207,Gunnar Helm,TE,TEN,24.0,9.0,220.43,25.9,16.0,5.73125,5.73125,9.933333333333332,2.575,55.0,0.1108870967741935,0.0,0.0,0.0,0.0,0.0,0.0,0.525625,,,26
208,Geno Smith,QB,NYJ,35.9,13.0,222.37,28.38,15.0,11.593333333333334,14.26,18.493333333333336,6.530000000000001,0.0,0.0,41.0,0.0,0.0,19.0,1.0,109.0,0.9646666666666668,,,29
209,Cyrus Allen,WR,KC,23.6,5.0,222.38,82.76,,,,,,,,,,,,,,,,,79
210,Ja'Kobi Lane,WR,BAL,22.1,13.0,222.62,82.66,,,,,,,,,,,,,,,,,80
211,Kenyon Sadiq,TE,NYJ,21.5,13.0,222.64,26.02,,,,,,,,,,,,,,,,,27
212,Cooper Kupp,WR,SEA,33.2,11.0,222.96,82.74,16.0,7.26875,7.26875,11.733333333333334,4.775,70.0,0.1624129930394431,0.0,0.0,0.0,0.0,0.0,0.0,0.755625,,,81
213,Rashod Bateman,WR,BAL,26.8,13.0,226.05,82.8,13.0,4.261538461538462,4.261538461538462,7.583333333333333,1.7000000000000002,38.0,0.1141141141141141,0.0,0.0,0.0,0.0,0.0,0.0,0.693076923076923,,,82
214,Jaydon Blue,RB,DAL,22.7,14.0,226.47,66.71,5.0,4.08,4.08,4.08,0.7000000000000001,1.0,0.0066666666666666,38.0,0.0,0.0,0.0,0.0,129.0,0.256,,,66
215,Emanuel Wilson,RB,SEA,27.3,11.0,228.95,68.03,17.0,5.73529411764706,5.676470588235295,13.366666666666667,1.4,17.0,0.0369565217391304,125.0,1.0,0.0,0.0,0.0,496.0,0.3111764705882353,,,67
216,Kaytron Allen,RB,WAS,23.7,7.0,232.16,68.28,,,,,,,,,,,,,,,,,68
217,Germie Bernard,WR,PIT,22.8,9.0,233.44,86.07,,,,,,,,,,,,,,,,,83
218,Antonio Williams,WR,WAS,22.2,7.0,233.94,86.24,,,,,,,,,,,,,,,,,84
219,Zachariah Branch,WR,ATL,22.5,11.0,235.11,86.36,,,,,,,,,,,,,,,,,85
220,Malachi Fields,WR,NYG,23.0,8.0,236.07,87.61,,,,,,,,,,,,,,,,,86
221,Justice Hill,RB,BAL,28.8,13.0,236.52,69.56,10.0,6.5200000000000005,6.5200000000000005,10.483333333333334,0.7,27.0,0.108,18.0,0.0,0.0,0.0,0.0,93.0,0.371,,,69
222,Jaylen Wright,RB,MIA,23.4,6.0,236.57,68.97,9.0,5.688888888888889,5.577777777777778,7.916666666666667,1.7000000000000002,9.0,0.0439024390243902,70.0,1.0,0.0,0.0,0.0,288.0,0.215,,,70
223,Pat Freiermuth,TE,PIT,27.9,9.0,238.46,27.71,15.0,7.673333333333334,7.706666666666667,12.85,3.6,54.0,0.1141649048625792,0.0,0.0,1.0,0.0,0.0,0.0,0.5035294117647059,,,28
224,Jack Bech,WR,LV,23.7,13.0,239.01,87.78,14.0,3.0285714285714285,3.0285714285714285,5.699999999999999,0.0,29.0,0.0763157894736842,0.0,0.0,0.0,0.0,0.0,0.0,0.3975,,,87
225,Cade Otton,TE,TB,27.4,10.0,239.93,28.37,15.0,8.146666666666667,8.146666666666667,13.883333333333336,4.3500000000000005,81.0,0.1691022964509394,0.0,0.0,0.0,0.0,0.0,0.0,0.935,,,29
226,Ted Hurst III,WR,TB,22.2,10.0,242.97,88.7,,,,,,,,,,,,,,,,,88
227,George Holani,RB,SEA,26.7,11.0,243.54,71.71,10.0,2.08,2.08,3.466666666666667,0.0,2.0,0.0076628352490421,22.0,0.0,0.0,0.0,0.0,73.0,0.0554545454545454,,,71
228,Chris Bell,WR,MIA,22.3,6.0,244.04,89.66,,,,,,,,,,,,,,,,,89
229,Chimere Dike,WR,TEN,24.7,9.0,244.36,89.79,17.0,7.535294117647059,7.535294117647059,15.216666666666669,2.8,74.0,0.1398865784499054,11.0,0.0,0.0,0.0,0.0,18.0,0.5929411764705882,,,90
230,Keon Coleman,WR,BUF,23.3,7.0,246.9,91.04,12.0,8.658333333333333,8.700000000000001,12.65,4.775,59.0,0.1735294117647058,0.0,0.0,1.0,0.0,0.0,0.0,0.6523076923076924,,,91
231,Devaughn Vele,WR,NO,28.7,8.0,248.58,90.66,9.0,7.366666666666666,7.366666666666666,9.916666666666666,2.5,39.0,0.1258064516129032,0.0,0.0,0.0,0.0,0.0,0.0,0.5015384615384616,,,92
232,Ollie Gordon II,RB,MIA,22.7,6.0,248.68,72.87,17.0,3.182352941176471,3.182352941176471,7.7,0.0,9.0,0.0199556541019955,70.0,0.0,0.0,0.0,0.0,199.0,0.2241176470588235,,,72
233,Najee Harris,RB,NYG,28.5,8.0,249.45,74.07,3.0,3.866666666666667,3.866666666666667,3.866666666666667,2.4000000000000004,3.0,0.0283018867924528,15.0,0.0,0.0,0.0,0.0,61.0,0.2166666666666666,,,73
234,David Njoku,TE,LAC,30.2,7.0,250.34,30.82,11.0,7.845454545454545,7.845454545454545,11.1,4.45,48.0,0.1253263707571801,0.0,0.0,0.0,0.0,0.0,0.0,0.6391666666666667,,,30
235,Elic Ayomanor,WR,TEN,23.3,9.0,251.77,92.83,16.0,7.28125,7.28125,11.583333333333334,3.675,89.0,0.1812627291242362,0.0,0.0,0.0,0.0,0.0,0.0,0.805625,,,93
236,Demond Claiborne,RB,MIN,22.9,6.0,252.01,73.67,,,,,,,,,,,,,,,,,74
237,Isaiah Davis,RB,NYJ,24.6,13.0,253.97,73.4,16.0,4.45,4.45,9.6,1.1,28.0,0.0633484162895927,43.0,0.0,0.0,0.0,0.0,236.0,0.28,,,75
238,Evan Engram,TE,DEN,32.0,10.0,253.98,30.8,16.0,6.425,6.425,10.233333333333333,3.1,76.0,0.1376811594202898,1.0,0.0,0.0,0.0,0.0,7.0,0.42125,,,31
239,Ty Johnson,RB,BUF,29.0,7.0,259.3,75.07,17.0,5.9,5.9,11.366666666666664,2.4000000000000004,33.0,0.068893528183716,50.0,0.0,0.0,0.0,0.0,200.0,0.2958823529411765,,,76
240,Elijah Sarratt,WR,BAL,23.3,13.0,261.62,95.97,,,,,,,,,,,,,,,,,94
241,Tory Horton,WR,SEA,23.8,11.0,261.68,95.38,8.0,8.1375,8.1375,10.85,0.0,22.0,0.1062801932367149,0.0,0.0,0.0,0.0,0.0,0.0,0.48125,,,95
242,LeQuint Allen Jr.,RB,JAX,22.1,7.0,262.4,75.92,16.0,1.55,1.55,2.5666666666666664,0.825,11.0,0.0233545647558386,23.0,0.0,0.0,0.0,0.0,94.0,0.2258823529411764,,,77
243,Samaje Perine,RB,CIN,31.0,6.0,262.41,76.74,15.0,5.193333333333333,5.193333333333333,9.383333333333336,1.55,21.0,0.0393258426966292,84.0,0.0,0.0,0.0,0.0,382.0,,,,78
244,Christian Kirk,WR,SF,29.8,8.0,264.59,96.18,11.0,5.263636363636364,5.263636363636364,8.433333333333334,1.6,52.0,0.1440443213296399,0.0,0.0,0.0,0.0,0.0,0.0,0.4861538461538461,,,96
245,Xavier Legette,WR,CAR,25.6,5.0,264.69,96.27,15.0,5.953333333333334,5.953333333333334,11.65,1.75,64.0,0.1509433962264151,1.0,0.0,0.0,0.0,0.0,0.0,0.6786666666666666,,,97
246,Darius Slayton,WR,NYG,29.7,8.0,264.83,96.37,14.0,7.057142857142858,7.057142857142858,10.833333333333334,4.225,63.0,0.1518072289156626,0.0,0.0,0.0,0.0,0.0,0.0,0.812857142857143,,,98
247,Tyquan Thornton,WR,KC,26.1,5.0,264.9,96.77,12.0,6.733333333333333,6.733333333333333,10.983333333333334,2.9250000000000003,37.0,0.0887290167865707,0.0,0.0,0.0,0.0,0.0,0.0,0.39,,,99
248,Jordan James,RB,SF,22.5,8.0,264.94,76.8,,,,,,,,,,,,,,0.0166666666666666,,,79
249,Colby Parkinson,TE,LA,27.7,11.0,265.87,33.23,14.0,9.271428571428572,9.271428571428572,15.966666666666669,3.8,56.0,0.1142857142857142,0.0,0.0,0.0,0.0,0.0,0.0,0.604,,,32
250,Darren Waller,TE,CAR,34.0,5.0,267.85,33.11,9.0,9.855555555555556,9.855555555555556,14.16666666666667,2.7,34.0,0.1459227467811159,1.0,0.0,0.0,0.0,0.0,4.0,0.4499999999999999,,,33
251,Marvin Mims Jr.,WR,DEN,24.5,10.0,267.99,97.91,15.0,6.333333333333333,6.333333333333333,11.333333333333334,3.35,51.0,0.0990291262135922,12.0,0.0,0.0,0.0,0.0,78.0,0.3686666666666667,,,100
252,Alec Ingold,RB,LAC,,7.0,270.5,112.2,,,,,,,,,,,,,,,,,80
253,Chris Brooks,RB,GB,26.7,11.0,271.15,78.84,17.0,1.9235294117647064,1.9235294117647064,4.216666666666668,0.1,17.0,0.0369565217391304,27.0,0.0,0.0,0.0,0.0,106.0,0.2005882352941176,,,81
254,Devin Neal,RB,NO,23.1,8.0,271.65,80.02,9.0,6.666666666666667,6.666666666666667,9.466666666666669,2.2,19.0,0.0633333333333333,57.0,0.0,0.0,0.0,0.0,206.0,0.4,,,82
255,Tua Tagovailoa,QB,ATL,28.5,11.0,272.03,31.61,14.0,11.478571428571428,14.47857142857143,18.38,6.66,0.0,0.0,20.0,0.0,0.0,20.0,1.0,43.0,0.9542857142857144,,,30
256,DJ Giddens,RB,IND,23.0,13.0,272.34,78.49,5.0,1.9200000000000004,1.9200000000000004,1.9200000000000004,0.3,2.0,0.0133333333333333,26.0,0.0,0.0,0.0,0.0,96.0,0.12,,,83
257,Mike Gesicki,TE,CIN,30.9,6.0,273.14,34.06,12.0,5.891666666666667,5.891666666666667,9.333333333333334,2.325,42.0,0.1037037037037037,0.0,0.0,0.0,0.0,0.0,0.0,0.3853846153846154,,,34
258,Malik Davis,RB,DAL,27.8,14.0,273.91,80.0,10.0,4.36,4.26,7.066666666666666,0.375,5.0,0.0140845070422535,52.0,1.0,0.0,0.0,0.0,250.0,0.207,,,84
259,Mason Taylor,TE,NYJ,22.3,13.0,274.29,34.62,13.0,6.838461538461539,6.838461538461539,11.133333333333333,3.0,65.0,0.1878612716763005,0.0,0.0,0.0,0.0,0.0,0.0,0.8107692307692307,,,35
260,Seth McGowan,RB,IND,24.9,13.0,274.37,81.48,,,,,,,,,,,,,,,,,85
261,Kyle Williams,WR,NE,23.8,11.0,275.03,101.0,14.0,3.5142857142857147,3.5142857142857147,7.85,0.0,21.0,0.0514705882352941,2.0,0.0,0.0,0.0,0.0,3.0,0.308235294117647,,,101
262,Jahan Dotson,WR,ATL,26.5,11.0,276.8,101.35,15.0,3.3466666666666667,3.3466666666666667,6.8166666666666655,0.65,36.0,0.0851063829787234,0.0,0.0,0.0,0.0,0.0,0.0,0.5688235294117647,,,102
263,Andrei Iosivas,WR,CIN,26.9,6.0,276.89,102.51,15.0,5.993333333333334,5.993333333333334,11.283333333333331,2.6,58.0,0.1039426523297491,3.0,0.0,0.0,0.0,0.0,14.0,0.7617647058823529,,,103
264,Josh Williams,RB,TB,26.3,10.0,278.0,119.75,2.0,0.55,0.55,0.55,0.275,0.0,0.0,4.0,0.0,0.0,0.0,0.0,11.0,0.0433333333333333,,,86
265,DeMario Douglas,WR,NE,25.8,11.0,278.87,103.5,16.0,6.08125,6.1125,10.716666666666669,2.5250000000000004,46.0,0.0989247311827957,7.0,0.0,1.0,0.0,0.0,21.0,0.2588235294117647,,,104
266,Theo Johnson,TE,NYG,25.5,8.0,280.76,35.89,15.0,8.52,8.52,14.083333333333336,4.85,74.0,0.167420814479638,0.0,0.0,0.0,0.0,0.0,0.0,0.8673333333333333,,,36
267,Mack Hollins,WR,NE,33.0,11.0,282.08,103.89,14.0,8.207142857142857,8.242857142857144,12.366666666666667,5.075,65.0,0.1589242053789731,1.0,0.0,1.0,0.0,0.0,4.0,0.6773333333333333,,,105
268,Kendre Miller,RB,NO,24.2,8.0,282.95,82.83,7.0,4.757142857142857,4.757142857142857,5.433333333333334,2.2,5.0,0.0218340611353711,47.0,0.0,0.0,0.0,0.0,193.0,0.2428571428571428,,,87
269,Brashard Smith,RB,KC,23.4,5.0,283.11,82.72,17.0,3.7235294117647055,3.7235294117647055,8.366666666666667,0.7000000000000001,35.0,0.0637522768670309,44.0,0.0,0.0,0.0,0.0,151.0,0.1670588235294117,,,88
270,Charlie Kolar,TE,LAC,27.6,7.0,284.08,38.15,13.0,2.784615384615385,2.784615384615385,5.250000000000001,0.0,15.0,0.047923322683706,0.0,0.0,0.0,0.0,0.0,0.0,0.4035294117647059,,,37
271,Eli Stowers,TE,PHI,23.4,10.0,286.04,37.52,,,,,,,,,,,,,,,,,38
272,Michael Penix Jr.,QB,ATL,26.3,11.0,286.52,32.54,9.0,13.364444444444445,15.586666666666666,17.216666666666665,7.9,0.0,0.0,21.0,0.0,0.0,9.0,1.0,70.0,0.9322222222222224,,,31
273,Adam Randall,RB,BAL,22.2,13.0,287.12,84.94,,,,,,,,,,,,,,,,,89
274,Xavier Hutchinson,WR,HOU,26.3,8.0,287.42,107.08,16.0,6.125,6.125,11.2,2.525,57.0,0.111984282907662,3.0,0.0,0.0,0.0,0.0,22.0,0.5747058823529412,,,106
275,Kirk Cousins,QB,LV,38.1,13.0,288.51,32.88,10.0,10.354,12.554,15.11,3.640000000000001,0.0,0.0,14.0,0.0,0.0,10.0,1.0,7.0,0.861,,,32
276,Hollywood Brown,WR,PHI,29.3,10.0,288.84,105.43,16.0,8.60625,8.60625,13.66666666666667,5.025,74.0,0.1425818882466281,0.0,0.0,0.0,0.0,0.0,0.0,0.535,,,107
277,Emari Demercado,RB,DAL,27.6,5.0,289.63,84.9,12.0,4.858333333333333,4.858333333333333,8.183333333333334,1.6,20.0,0.0464037122969837,44.0,0.0,0.0,0.0,0.0,312.0,0.2323076923076923,,,90
278,Jalen Tolbert,WR,MIA,27.5,6.0,289.65,105.31,12.0,3.858333333333333,3.858333333333333,7.250000000000001,0.0,34.0,0.0805687203791469,0.0,0.0,0.0,0.0,0.0,0.0,0.5130769230769231,,,108
279,Bryce Lance,WR,NO,24.1,8.0,289.7,106.73,,,,,,,,,,,,,,,,,109
280,Deshaun Watson,QB,CLE,31.0,11.0,289.72,33.03,,,,,,,,,,,,,,,,,33
281,Isaiah Bond,WR,CLE,22.5,11.0,290.48,107.55,15.0,3.646666666666667,3.646666666666667,6.616666666666668,1.75,44.0,0.0934182590233545,5.0,0.0,0.0,0.0,0.0,29.0,0.4806249999999999,,,110
282,Jake Tonges,TE,SF,27.2,8.0,290.84,37.42,10.0,9.330000000000002,9.330000000000002,13.4,4.85,46.0,0.1369047619047619,0.0,0.0,0.0,0.0,0.0,0.0,0.3317647058823529,,,39
283,Bam Knight,RB,ARI,25.4,14.0,291.97,87.91,12.0,7.741666666666666,7.741666666666666,12.616666666666664,3.2250000000000005,31.0,0.0670995670995671,82.0,0.0,0.0,0.0,0.0,269.0,0.3308333333333333,,,91
284,Kendrick Bourne,WR,ARI,31.1,14.0,292.65,107.64,14.0,6.792857142857144,6.864285714285715,12.25,3.0250000000000004,53.0,0.1221198156682027,0.0,0.0,2.0,0.0,0.0,0.0,0.566875,,,111
285,Kaleb Johnson,RB,GB,23.1,9.0,292.75,86.53,10.0,0.8800000000000001,0.8800000000000001,1.3833333333333335,0.3,2.0,0.0070671378091872,28.0,0.0,0.0,0.0,0.0,69.0,0.091,,,92
286,Skyler Bell,WR,BUF,24.2,7.0,292.79,107.41,,,,,,,,,,,,,,,,,112
287,Darnell Washington,TE,PIT,25.1,9.0,293.7,37.74,13.0,5.646153846153847,5.646153846153847,8.233333333333333,3.5,43.0,0.1096938775510204,0.0,0.0,0.0,0.0,0.0,0.0,0.5725,,,40
288,Tommy Myers,TE,FA,,,293.75,56.33,,,,,,,,,,,,,,,,,41
289,Jaleel McLaughlin,RB,DEN,26.0,10.0,294.53,86.78,8.0,3.925,3.925,5.166666666666667,2.875,6.0,0.0218978102189781,37.0,0.0,0.0,0.0,0.0,187.0,0.16,,,93
290,Roman Hemby,RB,LV,24.1,13.0,295.5,126.67,,,,,,,,,,,,,,,,,94
291,Tyler Badie,RB,DEN,27.6,10.0,296.0,130.4,16.0,2.2125,2.2125,4.033333333333334,0.9,31.0,0.0564663023679417,8.0,0.0,0.0,0.0,0.0,23.0,0.175,,,95
292,Devin Singletary,RB,NYG,29.0,8.0,297.23,87.28,17.0,6.4,6.4,13.65,1.1,19.0,0.0377733598409542,119.0,0.0,0.0,0.0,0.0,437.0,0.2764705882352941,,,96
293,Isaiah Williams,WR,FA,39.6,,297.5,141.0,,,,,,,,,,,,,,,,,113
294,Shedeur Sanders,QB,CLE,24.6,11.0,297.94,34.29,8.0,10.6125,12.6125,13.323333333333336,4.65,0.0,0.0,21.0,0.0,0.0,7.0,1.0,169.0,0.91625,,,34
295,Kyle Juszczyk,RB,SF,,8.0,298.55,91.67,,,,,,,,,,,,,,,,,97
296,Roman Wilson,WR,PIT,25.2,9.0,298.87,118.29,9.0,4.288888888888889,4.288888888888889,6.533333333333335,0.0,21.0,0.0789473684210526,0.0,0.0,0.0,0.0,0.0,0.0,0.3307692307692307,,,114
297,Michael Mayer,TE,LV,25.2,13.0,299.27,38.96,13.0,5.676923076923076,5.676923076923076,10.033333333333337,2.0,50.0,0.1291989664082687,0.0,0.0,0.0,0.0,0.0,0.0,0.6176923076923077,,,42
298,Chris Brazzell II,WR,CAR,22.9,5.0,299.46,112.93,,,,,,,,,,,,,,,,,115
299,Jarquez Hunter,RB,MIA,23.7,6.0,299.68,87.89,,,,,,,,,,,,,,0.0,,,98
300,Elijah Arroyo,TE,SEA,23.4,11.0,300.8,39.22,13.0,2.838461538461538,2.838461538461538,5.383333333333334,0.0,26.0,0.0766961651917404,0.0,0.0,0.0,0.0,0.0,0.0,0.3953846153846153,,,43
301,Jerome Ford,RB,WAS,27.0,7.0,301.18,90.86,13.0,3.353846153846154,3.353846153846154,6.15,0.9,32.0,0.0763723150357995,24.0,0.0,0.0,0.0,0.0,73.0,0.3046153846153846,,,99
302,Tahj Brooks,RB,CIN,24.3,6.0,302.0,90.59,12.0,0.5333333333333333,0.5333333333333333,1.0666666666666669,0.0,2.0,0.0048899755501222,16.0,0.0,0.0,0.0,0.0,45.0,,,,100
303,Joshua Palmer,WR,BUF,27.0,7.0,302.48,111.21,12.0,4.358333333333333,4.358333333333333,6.666666666666667,2.0250000000000004,37.0,0.1081871345029239,0.0,0.0,0.0,0.0,0.0,0.0,0.4833333333333333,,,116
304,Trevor Etienne,RB,CAR,22.2,5.0,302.76,90.12,17.0,0.8058823529411765,0.8058823529411765,2.1833333333333336,0.0,3.0,0.00625,20.0,0.0,0.0,0.0,0.0,94.0,0.0558823529411764,,,101
305,Isaac Guerendo,RB,SF,26.2,8.0,303.33,89.63,7.0,0.0,0.0,0.0,0.0,0.0,0.0,0.0,0.0,0.0,0.0,0.0,0.0,0.0,,,102
306,Max Bredeson,RB,MIN,23.9,6.0,305.5,98.33,,,,,,,,,,,,,,,,,103
307,Oscar Delp,TE,NO,23.1,8.0,305.83,41.49,,,,,,,,,,,,,,,,,44
308,Eli Heidenreich,RB,PIT,23.1,9.0,307.31,92.81,,,,,,,,,,,,,,,,,104
309,Audric Estime,RB,NO,23.0,8.0,307.49,93.03,5.0,9.62,9.62,9.62,6.6000000000000005,13.0,0.0817610062893081,46.0,0.0,0.0,0.0,0.0,198.0,0.3928571428571428,,,105
310,KaVontae Turpin,WR,DAL,30.1,14.0,308.07,117.72,15.0,5.633333333333334,5.633333333333334,9.866666666666667,2.95,38.0,0.0697247706422018,17.0,0.0,0.0,0.0,0.0,89.0,0.3546666666666667,,,117
311,Konata Mumpfield,WR,LA,23.9,11.0,309.32,114.76,10.0,2.52,2.52,4.2,0.0,23.0,0.066860465116279,0.0,0.0,0.0,0.0,0.0,0.0,0.3217647058823529,,,118
312,Will Shipley,RB,PHI,24.0,10.0,310.44,92.81,14.0,1.3928571428571428,1.3928571428571428,2.75,0.05,12.0,0.0310880829015544,14.0,0.0,0.0,0.0,0.0,49.0,0.1246666666666666,,,106
313,Hunter Luepke,RB,DAL,26.5,14.0,312.6,108.71,14.0,2.642857142857143,2.642857142857143,5.2,0.3,15.0,0.0304259634888438,16.0,0.0,0.0,0.0,0.0,71.0,0.2105882352941176,,,107
314,Tez Johnson,WR,TB,24.3,10.0,312.79,114.05,15.0,6.16,6.16,13.166666666666666,1.2,44.0,0.0924369747899159,7.0,0.0,0.0,0.0,0.0,22.0,0.470625,,,119
315,Olamide Zaccheaus,WR,ATL,29.1,11.0,313.72,114.35,14.0,6.057142857142858,6.057142857142858,10.116666666666667,3.15,65.0,0.1490825688073394,4.0,0.0,0.0,0.0,0.0,25.0,0.53625,,,120
316,Erick All Jr.,TE,CIN,26.0,6.0,314.23,42.21,,,,,,,,,,,,,,,,,45
317,Kareem Hunt,RB,FA,31.1,,314.33,95.0,17.0,8.729411764705883,8.670588235294119,16.000000000000004,4.4,25.0,0.0455373406193078,163.0,1.0,0.0,0.0,0.0,611.0,0.4705882352941176,,,108
318,Malik Benson,WR,LV,23.9,13.0,314.92,114.38,,,,,,,,,,,,,,,,,121
319,Tai Felton,WR,MIN,23.5,6.0,316.0,140.45,12.0,0.4583333333333333,0.4583333333333333,0.9166666666666666,0.0,3.0,0.0089285714285714,0.0,0.0,0.0,0.0,0.0,0.0,0.0441176470588235,,,122
320,Barion Brown,WR,NO,22.7,8.0,316.0,125.67,,,,,,,,,,,,,,,,,123
321,Jalen Royals,WR,KC,23.6,5.0,316.32,119.58,2.0,1.2,1.2,1.2,0.6,3.0,0.0461538461538461,0.0,0.0,0.0,0.0,0.0,0.0,0.19,,,124
322,Tyler Lockett,WR,LV,33.9,13.0,316.5,139.33,17.0,3.947058823529412,3.947058823529412,8.266666666666667,1.5,55.0,0.1076320939334637,0.0,0.0,0.0,0.0,0.0,0.0,0.5,,,125
323,Brenen Thompson,WR,LAC,23.1,7.0,316.72,116.53,,,,,,,,,,,,,,,,,126
324,Raheim Sanders,RB,CLE,24.3,11.0,317.0,94.67,4.0,5.075,5.075,5.074999999999999,4.25,4.0,0.0353982300884955,27.0,0.0,0.0,0.0,0.0,92.0,0.2575,,,109
325,Adam Prentice,RB,DEN,,10.0,317.0,121.6,,,,,,,,,,,,,,,,,110
326,Jordan Watkins,WR,SF,24.6,8.0,318.0,157.25,2.0,2.3000000000000003,2.3000000000000003,2.3000000000000003,2.0,3.0,0.06,0.0,0.0,0.0,0.0,0.0,0.0,0.1025,,,127
327,Colbie Young,WR,CIN,24.1,6.0,318.14,127.45,,,,,,,,,,,,,,,,,128
328,Treylon Burks,WR,WAS,26.5,7.0,318.55,118.0,8.0,3.625,3.625,4.833333333333333,1.5750000000000002,22.0,0.1195652173913043,0.0,0.0,0.0,0.0,0.0,0.0,0.6012500000000001,,,129
329,Carson Beck,QB,ARI,24.8,14.0,318.85,38.14,,,,,,,,,,,,,,,,,35
330,Luke McCaffrey,WR,WAS,25.4,7.0,319.16,117.27,9.0,5.7,5.7,8.549999999999999,0.0,15.0,0.0625,0.0,0.0,0.0,0.0,0.0,0.0,0.3166666666666666,,,130
331,Cedric Tillman,WR,FA,26.4,,319.47,118.02,12.0,5.0,5.0,8.116666666666665,1.75,39.0,0.1095505617977528,0.0,0.0,0.0,0.0,0.0,0.0,0.6184615384615384,,,131
332,Roschon Johnson,RB,CHI,25.6,10.0,319.93,97.71,6.0,0.2833333333333334,0.2833333333333334,0.2833333333333334,0.0,0.0,0.0,2.0,0.0,0.0,0.0,0.0,17.0,0.0085714285714285,,,111
333,Van Jefferson,WR,WAS,30.1,7.0,320.5,142.2,14.0,5.0,5.0,8.116666666666665,2.325,52.0,0.1198156682027649,0.0,0.0,0.0,0.0,0.0,0.0,0.585625,,,132
334,Cole Kmet,TE,CHI,27.5,10.0,320.61,43.09,16.0,4.91875,4.91875,8.250000000000002,2.45,48.0,0.096579476861167,0.0,0.0,0.0,0.0,0.0,0.0,0.714375,,,46
335,Demarcus Robinson,WR,SF,32.0,8.0,321.23,130.61,14.0,4.1571428571428575,4.1571428571428575,6.833333333333333,1.925,35.0,0.0843373493975903,1.0,0.0,0.0,0.0,0.0,6.0,0.4678571428571428,,,133
336,Ashton Dulin,WR,IND,29.3,13.0,321.36,129.6,12.0,1.6666666666666667,1.6666666666666667,3.333333333333333,0.0,10.0,0.0267379679144385,3.0,0.0,0.0,0.0,0.0,44.0,0.2133333333333333,,,134
337,Dont'e Thornton Jr.,WR,LV,23.8,13.0,322.35,126.73,11.0,2.136363636363636,2.136363636363636,3.6833333333333336,0.0,30.0,0.0940438871473354,0.0,0.0,0.0,0.0,0.0,0.0,0.4533333333333333,,,135
338,Kalif Raymond,WR,CHI,32.1,10.0,322.8,119.65,15.0,4.453333333333333,4.453333333333333,9.000000000000002,0.7,30.0,0.0609756097560975,2.0,0.0,0.0,0.0,0.0,19.0,0.366,,,136
339,Eli Raridon,TE,NE,22.6,11.0,323.22,44.83,,,,,,,,,,,,,,,,,47
340,John Metchie III,WR,CAR,26.1,5.0,323.27,118.19,13.0,5.530769230769232,5.530769230769232,9.85,1.4,48.0,0.1428571428571428,3.0,0.0,0.0,0.0,0.0,-5.0,0.46125,,,137
341,Tyler Higbee,TE,LA,33.7,11.0,323.73,44.96,10.0,7.109999999999999,7.109999999999999,10.55,3.6,36.0,0.1121495327102803,0.0,0.0,0.0,0.0,0.0,0.0,0.5549999999999999,,,48
342,J.J. McCarthy,QB,MIN,23.6,6.0,326.11,38.15,10.0,12.538,14.738,18.016666666666666,6.495,0.0,0.0,37.0,0.0,0.0,11.0,0.0,181.0,0.916,,,36
343,Max Klare,TE,LA,23.2,11.0,326.75,47.8,,,,,,,,,,,,,,,,,49
344,Odell Beckham Jr.,WR,NYG,33.8,8.0,326.8,130.75,,,,,,,,,,,,,,,,,138
345,Noah Gray,TE,KC,27.4,5.0,327.17,44.83,14.0,2.771428571428572,2.771428571428572,4.8,1.125,37.0,0.0827740492170022,0.0,0.0,0.0,0.0,0.0,0.0,0.52125,,,50
346,Phil Mafah,RB,DAL,23.9,14.0,327.23,102.53,1.0,10.9,10.9,10.9,10.9,2.0,0.0869565217391304,5.0,0.0,0.0,0.0,0.0,18.0,0.18,,,112
347,Devontez Walker,WR,BAL,25.2,13.0,328.0,127.2,8.0,4.7,4.7,6.266666666666667,0.0,8.0,0.0414507772020725,0.0,0.0,0.0,0.0,0.0,0.0,0.2466666666666666,,,139
348,Jawhar Jordan,RB,HOU,27.1,8.0,328.08,97.0,4.0,8.175,7.925,8.174999999999999,2.7750000000000004,7.0,0.0614035087719298,43.0,1.0,0.0,0.0,0.0,193.0,0.3,,,113
349,Patrick Ricard,RB,NYG,32.3,8.0,328.33,112.0,5.0,0.42,0.42,0.42,0.0,2.0,0.016260162601626,1.0,0.0,0.0,0.0,0.0,3.0,,,,114
350,Kevin Coleman Jr.,WR,MIA,23.0,6.0,329.48,122.08,,,,,,,,,,,,,,,,,140
351,Ja'Tavion Sanders,TE,CAR,23.5,5.0,329.75,45.61,12.0,4.5,4.5,7.550000000000001,1.5750000000000002,34.0,0.0974212034383954,0.0,0.0,0.0,0.0,0.0,0.0,0.483076923076923,,,51
352,Dawson Knox,TE,BUF,29.8,7.0,329.97,45.53,16.0,6.48125,6.48125,11.666666666666666,3.45,49.0,0.1084070796460177,0.0,0.0,0.0,0.0,0.0,0.0,0.5829411764705883,,,52
353,British Brooks,RB,HOU,26.8,8.0,330.0,123.2,8.0,0.975,0.975,1.3,0.0,0.0,0.0,17.0,0.0,0.0,0.0,0.0,78.0,0.0666666666666666,,,115
354,Michael Carter,RB,TEN,27.3,9.0,330.13,100.93,13.0,7.615384615384615,7.615384615384615,11.35,5.6,45.0,0.09,92.0,0.0,0.0,0.0,0.0,333.0,0.4523076923076923,,,116
355,J'Mari Taylor,RB,JAX,24.5,7.0,330.42,104.0,,,,,,,,,,,,,,,,,117
356,Lew Nichols III,RB,PIT,25.1,9.0,331.5,117.25,1.0,0.0,0.0,0.0,0.0,0.0,0.0,0.0,0.0,0.0,0.0,0.0,0.0,0.0,,,118
357,CJ Daniels,WR,LA,24.7,11.0,331.64,132.81,,,,,,,,,,,,,,,,,141
358,Tutu Atwell,WR,LA,26.9,11.0,332.0,122.82,8.0,3.9,3.9,5.199999999999999,0.0,15.0,0.0517241379310344,0.0,0.0,0.0,0.0,0.0,0.0,0.279,,,142
359,Jacob Saylors,RB,DET,26.5,6.0,333.0,120.0,11.0,0.1,0.1,0.1833333333333333,0.0,0.0,0.0,2.0,0.0,0.0,0.0,0.0,11.0,0.008125,,,119
360,Mac Jones,QB,SF,28.0,8.0,333.51,38.18,11.0,11.82181818181818,14.73090909090909,19.01333333333333,2.69,0.0,0.0,36.0,0.0,0.0,13.0,3.0,60.0,0.7436363636363637,,,37
361,Drew Allar,QB,PIT,22.5,9.0,334.0,56.57,,,,,,,,,,,,,,,,,38
362,Reggie Gilliam,RB,NE,29.1,11.0,335.0,114.8,11.0,0.4363636363636363,0.4363636363636363,0.7999999999999999,0.0,2.0,0.0066225165562913,2.0,0.0,0.0,0.0,0.0,4.0,,,,120
363,Zavion Thomas,WR,CHI,22.6,10.0,335.0,130.67,,,,,,,,,,,,,,,,,143
364,DeAndre Hopkins,WR,BAL,34.3,13.0,336.0,135.33,17.0,3.941176470588236,3.941176470588236,8.216666666666667,0.0,39.0,0.0958230958230958,0.0,0.0,0.0,0.0,0.0,0.0,0.33,,,144
365,Jonnu Smith,TE,GB,31.1,11.0,336.25,50.4,17.0,5.011764705882353,5.011764705882353,9.183333333333335,1.6,54.0,0.104448742746615,9.0,0.0,0.0,0.0,0.0,70.0,0.5270588235294118,,,53
366,Tyler Goodson,RB,ATL,25.8,11.0,336.57,102.0,10.0,0.52,0.52,0.8333333333333334,0.05,3.0,0.0096774193548387,9.0,0.0,0.0,0.0,0.0,24.0,0.05,,,121
367,Robert Henry Jr.,RB,WAS,24.7,7.0,337.0,112.0,,,,,,,,,,,,,,,,,122
368,Rasheen Ali,RB,BAL,25.6,13.0,337.3,107.23,15.0,1.6133333333333333,1.6133333333333333,3.95,0.0,11.0,0.0306406685236768,7.0,0.0,0.0,0.0,0.0,24.0,0.13,,,123
369,Savion Williams,WR,GB,24.8,11.0,337.52,126.07,12.0,2.1250000000000004,2.1250000000000004,3.883333333333333,0.225,10.0,0.029673590504451,11.0,0.0,0.0,0.0,0.0,37.0,0.1149999999999999,,,145
370,Ronnie Rivers,RB,LA,27.6,11.0,338.25,113.17,6.0,0.7666666666666667,0.7666666666666667,0.7666666666666667,0.0,0.0,0.0,9.0,0.0,0.0,0.0,0.0,46.0,0.0245454545454545,,,124
371,Ty Chandler,RB,NO,28.3,8.0,338.33,133.0,3.0,2.9333333333333336,2.9333333333333336,2.9333333333333336,1.2000000000000002,4.0,0.0634920634920634,17.0,0.0,0.0,0.0,0.0,47.0,0.2233333333333333,,,125
372,Dylan Laube,RB,LV,26.7,13.0,338.6,114.5,17.0,0.3352941176470588,0.3352941176470588,0.9500000000000002,0.0,4.0,0.0081135902636916,7.0,0.0,0.0,0.0,0.0,9.0,0.0288235294117647,,,126
373,Dyami Brown,WR,WAS,26.9,7.0,338.71,133.82,11.0,4.5181818181818185,4.5181818181818185,7.800000000000001,0.9,37.0,0.115987460815047,6.0,0.0,0.0,0.0,0.0,30.0,0.3664285714285714,,,146
374,Justin Joly,TE,MIA,22.2,10.0,338.77,50.1,,,,,,,,,,,,,,,,,54
375,Jam Miller,RB,NE,22.4,11.0,339.0,100.0,,,,,,,,,,,,,,,,,127
376,Chris Blair,WR,ATL,28.9,11.0,339.0,160.25,1.0,0.0,0.0,0.0,0.0,0.0,0.0,0.0,0.0,0.0,0.0,0.0,0.0,0.0533333333333333,,,147
377,Mitch Tinsley,WR,CIN,27.0,6.0,340.0,146.0,8.0,3.95,3.95,5.266666666666667,1.4249999999999998,24.0,0.0854092526690391,0.0,0.0,0.0,0.0,0.0,0.0,0.2464705882352941,,,148
378,Zavier Scott,RB,MIN,27.2,6.0,340.25,111.2,11.0,3.563636363636364,3.563636363636364,5.933333333333334,0.7999999999999999,16.0,0.0516129032258064,32.0,0.0,0.0,0.0,0.0,114.0,0.101875,,,128
379,Nick Westbrook-Ikhine,WR,IND,29.5,13.0,341.27,125.76,13.0,1.5307692307692309,1.5307692307692309,3.1333333333333333,0.0,20.0,0.057471264367816,0.0,0.0,0.0,0.0,0.0,0.0,0.442,,,149
380,John Bates,TE,WAS,28.8,7.0,341.67,58.0,10.0,2.73,2.73,4.033333333333332,1.525,16.0,0.0647773279352226,0.0,0.0,0.0,0.0,0.0,0.0,0.514,,,55
381,Khalil Herbert,RB,SF,28.4,8.0,341.75,103.0,5.0,1.32,1.32,1.32,0.0,4.0,0.0258064516129032,16.0,0.0,0.0,0.0,0.0,52.0,0.1357142857142857,,,129
382,Deion Burks,WR,IND,23.7,13.0,342.33,137.17,,,,,,,,,,,,,,,,,150
383,Moliki Matavao,TE,NO,23.5,8.0,343.0,94.6,1.0,3.0,3.0,3.0,3.0,2.0,0.074074074074074,0.0,0.0,0.0,0.0,0.0,0.0,0.2133333333333333,,,56
384,Jake Browning,QB,TB,30.4,10.0,343.0,59.29,5.0,9.748,12.148,9.748,5.4,0.0,0.0,9.0,0.0,0.0,6.0,0.0,39.0,0.734,,,39
385,Antonio Gibson,RB,FA,28.2,,343.67,113.8,5.0,4.640000000000001,4.640000000000001,4.640000000000001,0.8000000000000003,3.0,0.0201342281879194,25.0,0.0,0.0,0.0,0.0,106.0,0.1659999999999999,,,130
386,Jahdae Walker,WR,CHI,24.2,10.0,343.75,144.6,6.0,4.45,4.45,4.45,0.0,10.0,0.0495049504950495,0.0,0.0,0.0,0.0,0.0,0.0,0.151111111111111,,,151
387,Joe Flacco,QB,CIN,41.6,6.0,343.91,40.65,13.0,11.896923076923075,14.05076923076923,21.636666666666667,1.2600000000000002,0.0,0.0,21.0,0.0,0.0,15.0,2.0,35.0,0.7784615384615384,,,40
388,Michael Woods II,WR,DEN,26.5,10.0,344.5,149.0,,,,,,,,,,,,,,,,,152
389,Marlin Klein,TE,HOU,24.0,8.0,344.8,59.62,,,,,,,,,,,,,,,,,57
390,Jordan Whittington,WR,LA,25.9,11.0,345.0,132.0,15.0,2.4200000000000004,2.4200000000000004,4.633333333333333,0.25,25.0,0.0484496124031007,3.0,0.0,0.0,0.0,0.0,12.0,0.4082352941176471,,,153
391,Terrell Jennings,RB,FA,25.7,,345.0,107.29,6.0,2.5333333333333337,2.5333333333333337,2.5333333333333337,0.125,1.0,0.0059880239520958,23.0,0.0,0.0,0.0,0.0,73.0,0.0828571428571428,,,131
392,Elijah Moore,WR,PHI,26.5,10.0,345.0,150.4,9.0,3.1777777777777776,3.1777777777777776,4.65,0.7,17.0,0.0643939393939393,6.0,0.0,0.0,0.0,0.0,24.0,0.3144444444444444,,,154
393,Justin Fields,QB,KC,27.5,5.0,345.51,39.87,9.0,15.851111111111113,17.406666666666666,21.62333333333333,4.9,1.0,0.0044843049327354,71.0,0.0,0.0,7.0,0.0,383.0,0.8977777777777778,,,41
394,Xavier Restrepo,WR,TEN,24.4,9.0,346.0,147.75,2.0,3.55,3.55,3.55,3.025,7.0,0.0958904109589041,0.0,0.0,0.0,0.0,0.0,0.0,0.22,,,155
395,Noah Fant,TE,NO,28.8,8.0,346.18,51.74,13.0,5.753846153846154,5.753846153846154,9.7,1.9,41.0,0.0857740585774058,0.0,0.0,0.0,0.0,0.0,0.0,0.3793333333333333,,,58
396,Anthony Richardson Sr.,QB,IND,24.3,13.0,346.95,44.75,2.0,1.0799999999999998,1.0799999999999998,1.0799999999999998,0.49,1.0,0.0181818181818181,4.0,0.0,0.0,0.0,0.0,-1.0,0.1149999999999999,,,42
397,Dameon Pierce,RB,PHI,26.6,10.0,347.5,109.62,5.0,0.72,0.72,0.72,0.0,1.0,0.0058823529411764,14.0,0.0,0.0,0.0,0.0,36.0,0.0839999999999999,,,132
398,Jacob Cowing,WR,SF,25.6,8.0,347.67,154.8,,,,,,,,,,,,,,,,,156
399,Jeremy McNichols,RB,WAS,30.7,7.0,347.8,113.38,16.0,4.54375,4.54375,8.133333333333335,1.9,31.0,0.0790816326530612,44.0,0.0,0.0,0.0,0.0,221.0,0.3194117647058823,,,133
400,Cade Klubnik,QB,NYJ,22.9,13.0,347.83,42.38,,,,,,,,,,,,,,,,,43
401,Tommy Tremble,TE,CAR,26.3,5.0,347.87,52.26,15.0,4.260000000000001,4.260000000000001,8.483333333333333,1.2999999999999998,37.0,0.0860465116279069,0.0,0.0,0.0,0.0,0.0,0.0,0.6011764705882353,,,59
402,Will Kacmarek,TE,MIA,23.6,6.0,348.0,62.3,,,,,,,,,,,,,,,,,60
403,Jaylin Lane,WR,WAS,24.4,7.0,348.61,130.91,15.0,3.4133333333333336,3.4133333333333336,6.366666666666667,1.1,32.0,0.0816326530612244,1.0,0.0,0.0,0.0,0.0,7.0,0.362,,,157
404,Matt Hibner,TE,BAL,,13.0,348.8,65.27,,,,,,,,,,,,,,,,,61
405,Jameis Winston,QB,NYG,32.7,8.0,350.73,41.11,3.0,14.426666666666668,16.426666666666666,14.426666666666668,5.5200000000000005,1.0,0.0101010101010101,7.0,0.0,0.0,2.0,1.0,23.0,0.6766666666666666,,,44
406,Ben Sinnott,TE,WAS,24.2,7.0,352.15,56.95,9.0,3.1555555555555554,3.1555555555555554,4.2,1.7000000000000002,13.0,0.0613207547169811,0.0,0.0,0.0,0.0,0.0,0.0,0.360625,,,62
407,Marcus Mariota,QB,WAS,32.9,7.0,352.24,42.86,10.0,12.55,14.55,18.11,5.7700000000000005,0.0,0.0,50.0,0.0,0.0,10.0,0.0,297.0,0.7454545454545454,,,45
408,Quinn Ewers,QB,JAX,23.5,6.0,353.0,49.83,4.0,8.295,9.795,8.295,5.705,1.0,0.0098039215686274,8.0,0.0,0.0,3.0,0.0,19.0,0.79,,,46
409,Cade Stover,TE,HOU,26.2,8.0,353.0,72.5,6.0,3.316666666666667,3.316666666666667,3.3166666666666664,2.1,16.0,0.0914285714285714,4.0,0.0,0.0,0.0,0.0,3.0,0.44,,,63
410,Luke Musgrave,TE,GB,26.0,11.0,353.9,54.46,13.0,3.784615384615385,3.784615384615385,6.183333333333334,1.6,31.0,0.0833333333333333,0.0,0.0,0.0,0.0,0.0,0.0,0.4005882352941177,,,64
411,Austin Ekeler,RB,FA,31.3,,354.2,107.55,2.0,6.55,6.55,6.55,5.475,7.0,0.1014492753623188,14.0,0.0,0.0,0.0,0.0,43.0,0.495,,,134
412,Elijah Higgins,TE,ARI,25.9,14.0,354.3,54.8,17.0,3.4176470588235297,3.4176470588235297,7.283333333333334,1.1,37.0,0.059967585089141,0.0,0.0,0.0,0.0,0.0,0.0,0.4252941176470588,,,65
413,Joe Milton III,QB,DAL,26.5,14.0,355.25,44.75,4.0,2.58,3.08,2.58,-0.4849999999999999,0.0,0.0,5.0,0.0,0.0,1.0,0.0,50.0,0.21,,,47
414,Austin Hooper,TE,ATL,31.9,11.0,355.45,53.64,13.0,4.561538461538462,4.561538461538462,7.183333333333334,2.0,26.0,0.070460704607046,0.0,0.0,0.0,0.0,0.0,0.0,0.5,,,66
415,Kene Nwangwu,RB,NYJ,28.6,13.0,356.5,120.0,10.0,1.09,1.09,1.8166666666666669,0.0,1.0,0.0040650406504065,13.0,0.0,0.0,0.0,0.0,49.0,0.0441666666666666,,,135
416,Greg Dortch,WR,DET,28.3,6.0,356.8,133.54,12.0,6.258333333333334,6.258333333333334,10.466666666666669,2.4,33.0,0.0744920993227991,7.0,0.0,0.0,0.0,0.0,15.0,0.3358333333333334,,,158
417,Reggie Virgil,WR,ARI,22.3,14.0,357.5,158.38,,,,,,,,,,,,,,,,,159
418,Gardner Minshew II,QB,ARI,30.3,14.0,357.5,53.45,4.0,-0.08,-0.08,-0.08,-0.5050000000000001,0.0,0.0,6.0,0.0,0.0,0.0,0.0,2.0,0.1675,,,48
419,Marquez Valdes-Scantling,WR,DAL,31.9,14.0,357.67,145.25,9.0,3.555555555555556,3.555555555555556,5.0666666666666655,1.6,29.0,0.0873493975903614,0.0,0.0,0.0,0.0,0.0,0.0,0.48,,,160
420,Noah Whittington,RB,HOU,24.7,8.0,359.5,122.0,,,,,,,,,,,,,,,,,136
421,Tyrod Taylor,QB,GB,37.1,11.0,360.33,46.67,6.0,9.91,11.576666666666668,9.91,3.69,0.0,0.0,27.0,0.0,0.0,5.0,0.0,143.0,0.6699999999999999,,,49
422,Cash Jones,RB,ATL,26.4,11.0,360.5,116.25,,,,,,,,,,,,,,,,,137
423,Tim Patrick,WR,NYJ,32.8,13.0,361.0,146.8,13.0,3.976923076923077,3.976923076923077,7.883333333333334,0.0,24.0,0.0604534005037783,0.0,0.0,0.0,0.0,0.0,0.0,0.3175,,,161
424,Xavier Smith,WR,LA,29.0,11.0,361.0,152.43,16.0,3.0187500000000003,3.0187500000000003,6.816666666666666,0.0,24.0,0.0438756855575868,0.0,0.0,0.0,0.0,0.0,0.0,0.214375,,,162
425,Damien Martinez,RB,GB,22.6,11.0,361.29,109.2,,,,,,,,,,,,,,,,,138
426,Josh Oliver,TE,MIN,29.5,6.0,361.4,63.1,12.0,4.583333333333333,4.583333333333333,7.949999999999998,1.475,19.0,0.0590062111801242,0.0,0.0,0.0,0.0,0.0,0.0,0.458,,,67
427,Daniel Bellinger,TE,TEN,26.0,9.0,361.42,56.39,13.0,4.584615384615384,4.584615384615384,8.583333333333334,1.6,26.0,0.0637254901960784,0.0,0.0,0.0,0.0,0.0,0.0,0.499375,,,68
428,Michael Burton,RB,CLE,,11.0,362.0,138.8,,,,,,,,,,,,,,,,,139
429,Jalen Reagor,WR,MIA,27.7,6.0,363.33,142.5,,,,,,,,,,,,,,,,,163
430,Durham Smythe,TE,BAL,31.1,13.0,363.5,72.71,7.0,0.9285714285714286,0.9285714285714286,1.0833333333333337,0.0,6.0,0.027906976744186,0.0,0.0,0.0,0.0,0.0,0.0,0.2541176470588235,,,69
431,Drew Sample,TE,CIN,30.4,6.0,364.33,72.4,12.0,2.658333333333333,2.658333333333333,4.583333333333333,0.875,20.0,0.0462962962962962,1.0,0.0,0.0,0.0,0.0,3.0,0.5358823529411765,,,70
432,Jimmy Horn Jr.,WR,CAR,24.0,5.0,365.25,157.33,10.0,2.87,2.87,3.7000000000000006,1.875,15.0,0.06,8.0,0.0,0.0,0.0,0.0,69.0,0.1923076923076923,,,164
433,Mitchell Evans,TE,CAR,23.3,5.0,365.47,55.2,14.0,3.442857142857143,3.442857142857143,6.366666666666667,1.525,25.0,0.0618811881188118,1.0,0.0,0.0,0.0,0.0,1.0,0.3741176470588235,,,71
434,Tyson Bagent,QB,CHI,26.3,10.0,366.0,56.78,2.0,1.29,1.29,1.29,1.0450000000000002,0.0,0.0,2.0,0.0,0.0,0.0,0.0,7.0,0.0666666666666666,,,50
435,Zach Ertz,TE,FA,35.8,,367.8,56.13,13.0,9.83846153846154,9.876923076923076,15.083333333333334,6.1,72.0,0.2022471910112359,0.0,0.0,1.0,0.0,0.0,0.0,0.6646153846153846,,,72
436,KeAndre Lambert-Smith,WR,LAC,24.9,7.0,368.0,159.14,10.0,1.61,1.61,2.6833333333333336,0.0,12.0,0.0380952380952381,0.0,0.0,0.0,0.0,0.0,0.0,0.188,,,165
437,Tanner Koziol,TE,JAX,22.6,7.0,368.2,61.36,,,,,,,,,,,,,,,,,73
438,Riley Leonard,QB,IND,24.0,13.0,371.2,45.44,5.0,6.2,7.0,6.2,0.0,0.0,0.0,6.0,0.0,0.0,2.0,0.0,27.0,0.394,,,51
439,Jackson Hawes,TE,BUF,25.8,7.0,372.8,64.15,13.0,4.053846153846154,4.053846153846154,6.25,2.0,19.0,0.0527777777777777,0.0,0.0,0.0,0.0,0.0,0.0,0.4388235294117647,,,74
440,Luke Schoonmaker,TE,DAL,28.0,14.0,375.5,65.5,14.0,1.942857142857143,1.942857142857143,3.216666666666667,1.15,23.0,0.0448343079922027,0.0,0.0,0.0,0.0,0.0,0.0,0.3294117647058823,,,75
441,Nate Boerkircher,TE,JAX,25.0,7.0,377.0,67.82,,,,,,,,,,,,,,,,,76
442,Frank Gore Jr.,RB,BUF,24.5,7.0,377.5,125.5,,,,,,,,,,,,,,,,,140
443,Josh Cameron,WR,JAX,23.5,7.0,377.5,159.4,,,,,,,,,,,,,,,,,166
444,Jeremy Ruckert,TE,NYJ,26.1,13.0,377.67,69.86,14.0,3.3500000000000005,3.3500000000000005,5.25,1.7,29.0,0.0761154855643044,0.0,0.0,0.0,0.0,0.0,0.0,0.4717647058823529,,,77
445,Jaret Patterson,RB,LAC,26.7,7.0,378.5,125.6,6.0,4.283333333333333,4.283333333333333,4.283333333333334,0.825,4.0,0.0229885057471264,41.0,0.0,0.0,0.0,0.0,159.0,0.28,,,141
446,Trey Lance,QB,LAC,26.3,7.0,378.5,50.57,4.0,3.385,3.385,3.385,1.375,0.0,0.0,17.0,0.0,0.0,0.0,0.0,85.0,0.3775,,,52
447,Tanner Hudson,TE,CIN,31.8,6.0,380.67,77.83,10.0,4.779999999999999,4.779999999999999,6.75,1.95,24.0,0.0648648648648648,0.0,0.0,0.0,0.0,0.0,0.0,0.1473333333333333,,,78
448,Velus Jones Jr.,WR,SEA,29.3,11.0,381.0,166.5,5.0,0.64,0.64,0.64,0.0,0.0,0.0,4.0,0.0,0.0,0.0,0.0,32.0,0.01875,,,167
449,Adam Trautman,TE,DEN,29.6,10.0,383.0,64.0,13.0,3.5,3.5,5.916666666666667,1.5,23.0,0.0514541387024608,0.0,0.0,0.0,0.0,0.0,0.0,0.5729411764705883,,,79
450,Jaydn Ott,RB,KC,23.7,5.0,383.5,125.4,,,,,,,,,,,,,,,,,142
451,Lil'Jordan Humphrey,WR,DEN,28.4,10.0,389.5,158.0,7.0,4.942857142857143,4.942857142857143,5.766666666666667,0.95,25.0,0.1,0.0,0.0,0.0,0.0,0.0,0.0,0.484,,,168
