full_name,pos,g,exp,act,tgt,exp_pg,act_pg,diff_pg
A.J. Brown,WR,16,219.29,223.8,78.37,13.705625,13.9875,0.2818750000000012
AJ Barner,TE,20,139.4,166.2,53.69,6.970000000000001,8.309999999999999,1.339999999999998
Aaron Jones,RB,12,130.82999999999998,118.7,32.02,10.902499999999998,9.891666666666667,-1.0108333333333306
Aaron Rodgers,QB,17,241.81,232.92,0.87,14.224117647058824,13.701176470588235,-0.5229411764705887
Adam Prentice,RB,14,23.46,16.0,6.93,1.6757142857142857,1.1428571428571428,-0.5328571428571429
Adam Thielen,WR,15,59.410000000000004,44.1,24.39,3.960666666666667,2.94,-1.020666666666667
Adam Trautman,TE,12,40.47,45.5,18.64,3.3725,3.7916666666666665,0.41916666666666647
Adonai Mitchell,WR,16,116.14,87.9,39.48,7.25875,5.49375,-1.7649999999999997
Alec Ingold,RB,9,16.39,14.1,7.82,1.8211111111111111,1.5666666666666667,-0.2544444444444445
Alec Pierce,WR,15,169.65,183.3,45.03,11.31,12.22,0.9100000000000001
Allen Lazard,WR,9,30.18,23.0,9.7,3.3533333333333335,2.5555555555555554,-0.7977777777777781
Alvin Kamara,RB,11,121.2,100.7,29.84,11.018181818181818,9.154545454545454,-1.8636363636363633
Ameer Abdullah,RB,12,35.39,37.9,13.62,2.9491666666666667,3.158333333333333,0.2091666666666665
Amon-Ra St. Brown,WR,17,327.89,324.0,119.02,19.287647058823527,19.058823529411764,-0.22882352941176265
Andrei Iosivas,WR,15,102.95,89.9,36.949999999999996,6.863333333333333,5.993333333333334,-0.8699999999999992
Arian Smith,WR,12,25.27,13.5,8.780000000000001,2.1058333333333334,1.125,-0.9808333333333334
Ashton Jeanty,RB,17,248.96,245.1,55.74,14.644705882352941,14.41764705882353,-0.2270588235294113
Austin Hooper,TE,16,64.66,64.7,21.73,4.04125,4.04375,0.002500000000000391
Baker Mayfield,QB,17,287.77,277.92,0.0,16.927647058823528,16.348235294117647,-0.5794117647058812
Bam Knight,RB,10,110.55,92.9,23.04,11.055,9.290000000000001,-1.7649999999999988
Ben Sinnott,TE,8,19.93,28.4,8.690000000000001,2.49125,3.55,1.0587499999999999
Bhayshul Tuten,RB,16,84.36,93.7,10.98,5.2725,5.85625,0.5837500000000002
Bijan Robinson,RB,17,327.59,370.8,77.84,19.27,21.811764705882354,2.541764705882354
Blake Corum,RB,20,142.86,142.8,14.45,7.143000000000001,7.140000000000001,-0.0030000000000001137
Bo Melton,DB,8,23.69,24.200000000000003,6.51,2.96125,3.0250000000000004,0.0637500000000002
Bo Nix,QB,18,348.35,330.9,0.77,19.352777777777778,18.383333333333333,-0.969444444444445
Brandin Cooks,WR,15,75.97,64.7,25.92,5.064666666666667,4.3133333333333335,-0.7513333333333332
Brashard Smith,RB,15,84.53,63.3,28.580000000000002,5.6353333333333335,4.22,-1.4153333333333338
Breece Hall,RB,16,196.31,207.66,35.910000000000004,12.269375,12.97875,0.7093749999999996
Brenton Strange,TE,13,115.44999999999999,120.9,46.16,8.88076923076923,9.3,0.4192307692307704
Brevyn Spann-Ford,TE,10,24.38,24.0,8.97,2.4379999999999997,2.4,-0.03799999999999981
Brian Robinson,RB,17,73.95,64.2,10.290000000000001,4.3500000000000005,3.7764705882352945,-0.5735294117647061
Brian Thomas Jr.,WR,15,176.51,148.9,53.94,11.767333333333333,9.926666666666668,-1.8406666666666656
Brock Bowers,TE,12,149.55,176.2,56.53,12.4625,14.683333333333332,2.2208333333333314
Brock Purdy,QB,11,214.12,204.76,0.0,19.465454545454545,18.614545454545453,-0.8509090909090915
Bryce Young,QB,17,245.26,242.96,0.0,14.42705882352941,14.291764705882354,-0.13529411764705657
Brycen Tremayne,WR,9,28.740000000000002,30.0,11.9,3.1933333333333334,3.3333333333333335,0.14000000000000012
Bucky Irving,RB,10,139.15,138.5,27.65,13.915000000000001,13.85,-0.06500000000000128
C.J. Stroud,QB,16,241.95,226.12,0.0,15.121875,14.1325,-0.989374999999999
Cade Otton,TE,15,128.7,122.19999999999999,60.26,8.58,8.146666666666667,-0.43333333333333357
Cade Stover,TE,8,34.69,25.400000000000002,16.43,4.33625,3.1750000000000003,-1.1612499999999994
Caleb Williams,QB,19,380.03000000000003,358.44,1.24,20.001578947368422,18.865263157894738,-1.1363157894736844
Calvin Austin III,WR,15,96.33,90.0,36.81,6.422,6.0,-0.4219999999999997
Cam Skattebo,RB,8,115.2,127.7,25.09,14.4,15.9625,1.5625
Cam Ward,QB,17,205.05,200.66,0.0,12.061764705882354,11.803529411764705,-0.25823529411764845
Cedric Tillman,WR,12,62.67,60.0,22.72,5.2225,5.0,-0.22250000000000014
CeeDee Lamb,WR,13,223.32999999999998,200.9,74.81,17.179230769230767,15.453846153846154,-1.7253846153846126
Charlie Kolar,TE,11,29.42,36.2,10.870000000000001,2.674545454545455,3.290909090909091,0.6163636363636362
Chase Brown,RB,17,275.81,280.3,67.65,16.224117647058822,16.488235294117647,0.2641176470588249
Chig Okonkwo,TE,17,113.43,124.0,56.78,6.672352941176471,7.294117647058823,0.6217647058823523
Chimere Dike,WR,17,129.57,116.1,47.85,7.621764705882352,6.829411764705882,-0.7923529411764703
Chris Brooks,RB,15,40.7,36.4,13.8,2.7133333333333334,2.4266666666666667,-0.2866666666666666
Chris Godwin Jr.,WR,9,86.2,83.0,34.59,9.577777777777778,9.222222222222221,-0.35555555555555607
Chris Moore,WR,8,42.09,38.6,12.79,5.26125,4.825,-0.43625000000000025
Chris Olave,WR,16,256.33,268.0,94.48,16.020625,16.75,0.729375000000001
Chris Rodriguez Jr.,RB,12,93.06,92.0,2.33,7.755,7.666666666666667,-0.08833333333333293
Christian Kirk,WR,13,106.49000000000001,96.3,43.8,8.191538461538462,7.407692307692307,-0.783846153846155
Christian McCaffrey,RB,19,470.87,456.4,105.15,24.78263157894737,24.021052631578947,-0.7615789473684238
Christian Watson,WR,11,123.18,145.0,34.07,11.19818181818182,13.181818181818182,1.9836363636363625
Chuba Hubbard,RB,16,148.41,145.29999999999998,33.23,9.275625,9.081249999999999,-0.19437500000000085
Colby Parkinson,TE,17,147.04,159.0,50.89,8.649411764705881,9.352941176470589,0.7035294117647073
Cole Kmet,TE,18,94.13,90.9,34.5,5.229444444444444,5.050000000000001,-0.17944444444444319
Colston Loveland,TE,18,197.52,198.4,69.33,10.973333333333334,11.022222222222222,0.04888888888888765
Connor Heyward,TE,11,25.77,27.4,2.52,2.3427272727272728,2.4909090909090907,0.14818181818181797
Cooper Kupp,WR,19,160.19,153.0,63.18,8.431052631578947,8.052631578947368,-0.37842105263157855
Courtland Sutton,WR,19,243.21,239.7,81.24,12.800526315789474,12.61578947368421,-0.18473684210526464
D'Andre Swift,RB,18,240.57,252.5,39.269999999999996,13.365,14.027777777777779,0.6627777777777784
DJ Moore,WR,19,198.89,205.57999999999998,61.879999999999995,10.467894736842105,10.819999999999999,0.3521052631578936
DK Metcalf,WR,16,188.22,193.4,66.44,11.76375,12.0875,0.3237500000000004
Dak Prescott,QB,17,355.92,315.78000000000003,0.0,20.936470588235295,18.57529411764706,-2.3611764705882337
Dallas Goedert,TE,16,167.07,204.5,61.35,10.441875,12.78125,2.3393750000000004
Dalton Kincaid,TE,14,113.45,158.20000000000002,39.57,8.10357142857143,11.3,3.196428571428571
Dalton Schultz,TE,19,182.98,188.60000000000002,78.07,9.630526315789472,9.926315789473685,0.2957894736842128
Daniel Bellinger,TE,12,48.989999999999995,59.6,16.79,4.0825,4.966666666666667,0.8841666666666672
Daniel Jones,QB,13,243.69,231.86,0.0,18.745384615384616,17.835384615384616,-0.9100000000000001
Dare Ogunbowale,RB,9,33.28,24.1,9.29,3.697777777777778,2.677777777777778,-1.02
Darius Slayton,WR,14,109.95,98.8,36.8,7.853571428571429,7.057142857142857,-0.7964285714285717
Darnell Mooney,WR,15,126.06,82.3,41.45,8.404,5.486666666666666,-2.9173333333333336
Darnell Washington,TE,13,77.37,73.4,31.11,5.951538461538462,5.6461538461538465,-0.30538461538461537
Darren Waller,TE,8,68.18,88.7,20.009999999999998,8.5225,11.0875,2.5649999999999995
Davante Adams,WR,17,301.66,258.4,79.93,17.744705882352942,15.2,-2.544705882352943
David Montgomery,RB,17,166.17000000000002,166.92,22.72,9.774705882352942,9.818823529411764,0.044117647058822484
David Njoku,TE,11,74.22,86.3,32.81,6.747272727272727,7.845454545454545,1.0981818181818177
David Sills,WR,12,61.62,49.1,22.3,5.135,4.091666666666667,-1.043333333333333
Davis Allen,TE,15,63.41,62.800000000000004,24.49,4.227333333333333,4.1866666666666665,-0.04066666666666663
Dawson Knox,TE,18,109.92,115.9,39.66,6.1066666666666665,6.438888888888889,0.33222222222222264
De'Von Achane,RB,16,266.02,322.1,66.22,16.62625,20.13125,3.5050000000000026
DeAndre Hopkins,WR,17,67.48,67.0,21.57,3.9694117647058826,3.9411764705882355,-0.028235294117647136
DeMario Douglas,WR,20,105.37,118.2,38.06,5.2685,5.91,0.6414999999999997
DeVonta Smith,WR,18,208.91,216.79999999999998,78.24,11.606111111111112,12.044444444444444,0.4383333333333326
Deebo Samuel Sr.,WR,16,180.46,188.2,71.77,11.27875,11.7625,0.4837499999999988
Demarcus Robinson,WR,16,82.19,82.4,25.36,5.136875,5.15,0.013125000000000497
Derrick Henry,RB,17,252.92,279.5,16.59,14.877647058823529,16.441176470588236,1.5635294117647067
Devaughn Vele,WR,9,66.86,66.3,23.31,7.428888888888888,7.366666666666666,-0.06222222222222218
Devin Neal,RB,9,55.3,60.0,15.4,6.144444444444444,6.666666666666667,0.522222222222223
Devin Singletary,RB,17,112.50999999999999,108.8,14.879999999999999,6.618235294117646,6.3999999999999995,-0.21823529411764664
Dillon Gabriel,QB,9,74.74,70.08,0.0,8.304444444444444,7.786666666666666,-0.5177777777777779
Dont'e Thornton Jr.,WR,11,51.5,23.5,17.27,4.681818181818182,2.1363636363636362,-2.5454545454545454
Dontayvion Wicks,WR,13,82.16,75.8,28.59,6.319999999999999,5.8307692307692305,-0.4892307692307689
Drake London,WR,12,201.51,201.9,70.69,16.7925,16.825,0.03249999999999886
Drake Maye,QB,21,398.81,428.88,1.41,18.990952380952383,20.422857142857143,1.431904761904761
Drew Sample,TE,11,29.189999999999998,31.9,15.74,2.6536363636363633,2.9,0.24636363636363656
Dyami Brown,WR,11,79.82000000000001,49.699999999999996,21.73,7.256363636363637,4.518181818181818,-2.738181818181819
Dylan Sampson,RB,15,89.37,87.60000000000001,31.22,5.958,5.840000000000001,-0.11799999999999944
Elic Ayomanor,WR,16,138.81,116.5,49.980000000000004,8.675625,7.28125,-1.3943750000000001
Elijah Arroyo,TE,13,50.97,36.9,18.06,3.920769230769231,2.838461538461538,-1.0823076923076926
Elijah Higgins,TE,15,57.64,58.1,27.22,3.8426666666666667,3.8733333333333335,0.030666666666666842
Elijah Moore,WR,10,36.46,29.999999999999996,12.94,3.646,2.9999999999999996,-0.6460000000000004
Emanuel Wilson,RB,17,103.39,94.8,13.09,6.081764705882353,5.576470588235294,-0.5052941176470593
Emari Demercado,RB,11,58.11,58.3,15.13,5.282727272727272,5.3,0.01727272727272755
Emeka Egbuka,WR,17,237.49,195.7,79.89999999999999,13.97,11.511764705882353,-2.4582352941176477
Evan Engram,TE,18,126.59,108.4,59.89,7.032777777777778,6.022222222222222,-1.0105555555555554
Geno Smith,QB,15,195.6,175.9,0.0,13.04,11.726666666666667,-1.3133333333333326
George Kittle,TE,12,128.46,163.1,48.53,10.705,13.591666666666667,2.8866666666666667
George Pickens,WR,17,261.68,291.9,85.56,15.392941176470588,17.170588235294115,1.7776470588235274
Grant Calcaterra,TE,8,22.7,22.6,8.9,2.8375,2.825,-0.012499999999999734
Greg Dortch,WR,12,58.37,75.1,26.28,4.864166666666667,6.258333333333333,1.394166666666666
Greg Dulcich,TE,9,59.6,62.800000000000004,24.200000000000003,6.622222222222223,6.977777777777778,0.3555555555555552
Gunnar Helm,TE,16,86.5,91.7,37.69,5.40625,5.73125,0.3250000000000002
Harold Fannin Jr.,TE,16,158.57999999999998,186.4,69.64,9.911249999999999,11.65,1.7387500000000014
Hunter Henry,TE,21,195.24,205.0,67.88,9.297142857142857,9.761904761904763,0.4647619047619056
Hunter Luepke,RB,11,35.7,37.0,11.73,3.2454545454545456,3.3636363636363638,0.11818181818181817
Isaac TeSlaa,WR,14,61.44,75.9,14.2,4.388571428571429,5.421428571428572,1.032857142857143
Isaiah Bond,WR,15,72.86,52.6,21.65,4.857333333333333,3.506666666666667,-1.3506666666666662
Isaiah Davis,RB,15,61.68,71.2,20.24,4.112,4.746666666666667,0.6346666666666669
Isaiah Likely,TE,11,61.04,61.7,23.9,5.549090909090909,5.609090909090909,0.0600000000000005
Isaiah Williams,WR,9,48.71,48.7,25.310000000000002,5.412222222222223,5.411111111111111,-0.0011111111111112848
Isiah Pacheco,RB,13,104.66,87.3,20.46,8.05076923076923,6.7153846153846155,-1.3353846153846147
J.J. McCarthy,QB,10,152.26,129.38,0.0,15.225999999999999,12.937999999999999,-2.2880000000000003
J.K. Dobbins,RB,10,108.84,115.9,11.79,10.884,11.59,0.7059999999999995
Ja'Marr Chase,WR,16,306.52,313.6,124.09,19.1575,19.6,0.44250000000000256
Ja'Tavion Sanders,TE,11,56.43,54.0,24.64,5.13,4.909090909090909,-0.22090909090909072
Jack Bech,WR,12,40.86,42.4,18.61,3.405,3.533333333333333,0.1283333333333334
Jack Stoll,TE,8,16.06,16.599999999999998,7.7,2.0075,2.0749999999999997,0.0674999999999999
Jackson Hawes,TE,13,38.39,52.7,12.99,2.953076923076923,4.053846153846154,1.1007692307692305
Jacoby Brissett,QB,14,247.05,235.44,0.0,17.646428571428572,16.81714285714286,-0.8292857142857137
Jacory Croskey-Merritt,RB,17,132.82,140.3,10.8,7.812941176470588,8.25294117647059,0.4400000000000013
Jahan Dotson,WR,15,63.55,50.2,20.37,4.236666666666666,3.3466666666666667,-0.8899999999999997
Jahmyr Gibbs,RB,17,305.48,366.6,74.25,17.96941176470588,21.564705882352943,3.595294117647061
Jake Ferguson,TE,17,200.91,188.1,75.08,11.818235294117647,11.064705882352941,-0.7535294117647062
Jake Tonges,TE,11,92.71,104.6,37.96,8.428181818181818,9.509090909090908,1.0809090909090902
Jakobi Meyers,WR,17,205.77,178.0,74.61,12.104117647058825,10.470588235294118,-1.633529411764707
Jaleel McLaughlin,RB,10,38.01,35.8,7.27,3.8009999999999997,3.5799999999999996,-0.22100000000000009
Jalen Coker,WR,12,93.03,116.8,34.46,7.7525,9.733333333333333,1.9808333333333321
Jalen Hurts,QB,17,312.78,315.18,0.0,18.398823529411764,18.54,0.1411764705882348
Jalen Nailor,WR,17,101.68,100.7,29.91,5.9811764705882355,5.923529411764706,-0.057647058823529385
Jalen Tolbert,WR,11,63.56,46.3,20.64,5.778181818181818,4.209090909090909,-1.5690909090909093
Jamari Thrash,WR,8,19.57,20.7,9.59,2.44625,2.5875,0.14124999999999988
James Cook,RB,19,283.26,323.4,35.52,14.908421052631578,17.021052631578947,2.1126315789473686
Jameson Williams,WR,17,191.21,219.1,64.86,11.24764705882353,12.888235294117647,1.6405882352941177
Jared Goff,QB,17,276.44,302.62,0.0,16.261176470588236,17.801176470588235,1.5399999999999991
Jauan Jennings,WR,17,185.78,188.26,61.19,10.928235294117647,11.074117647058824,0.14588235294117702
Javonte Williams,RB,16,262.96,242.79999999999998,41.39,16.435,15.174999999999999,-1.2599999999999998
Jaxon Smith-Njigba,WR,20,343.63,408.8,118.78,17.1815,20.44,3.2585000000000015
Jaxson Dart,QB,14,219.97,243.58,0.0,15.712142857142856,17.39857142857143,1.6864285714285732
Jayden Higgins,WR,19,140.61,148.3,48.2,7.400526315789475,7.805263157894737,0.4047368421052626
Jaylen Waddle,WR,16,178.58,194.12,61.02,11.16125,12.1325,0.9712499999999995
Jaylen Warren,RB,17,215.54,222.8,37.41,12.678823529411764,13.105882352941178,0.42705882352941416
Jaylen Wright,RB,9,57.650000000000006,48.2,7.39,6.405555555555556,5.355555555555556,-1.0499999999999998
Jaylin Lane,WR,13,55.18,39.2,19.06,4.2446153846153845,3.0153846153846158,-1.2292307692307687
Jaylin Noel,WR,16,63.97,68.4,23.19,3.998125,4.275,0.2768750000000004
Jeremy McNichols,RB,16,71.5,72.7,24.5,4.46875,4.54375,0.07500000000000018
Jeremy Ruckert,TE,13,42.2,45.8,20.71,3.246153846153846,3.523076923076923,0.2769230769230768
Jerome Ford,RB,13,60.379999999999995,43.6,24.990000000000002,4.644615384615384,3.353846153846154,-1.29076923076923
Jerry Jeudy,WR,17,157.62,120.7,58.68,9.271764705882353,7.1000000000000005,-2.171764705882352
Jimmy Horn Jr.,WR,11,30.0,28.7,11.29,2.727272727272727,2.609090909090909,-0.11818181818181817
Joe Burrow,QB,8,140.97,134.22,0.0,17.62125,16.7775,-0.84375
Joe Flacco,QB,13,170.59,151.98000000000002,0.0,13.122307692307693,11.690769230769233,-1.4315384615384605
John Bates,TE,9,27.9,27.3,12.129999999999999,3.0999999999999996,3.033333333333333,-0.06666666666666643
John FitzPatrick,TE,10,27.53,25.2,11.540000000000001,2.753,2.52,-0.2330000000000001
John Metchie III,WR,12,69.1,71.9,32.46,5.758333333333333,5.991666666666667,0.23333333333333428
Johnny Mundt,TE,11,29.35,20.1,13.91,2.6681818181818184,1.8272727272727274,-0.840909090909091
Jonathan Taylor,RB,17,305.85,362.3,43.87,17.991176470588236,21.311764705882354,3.3205882352941174
Jonnu Smith,TE,18,101.94,87.1,41.79,5.663333333333333,4.838888888888889,-0.8244444444444445
Jordan Addison,WR,14,142.35,133.1,44.38,10.167857142857143,9.507142857142856,-0.6607142857142865
Jordan Love,QB,16,254.84,269.16,0.0,15.9275,16.8225,0.8950000000000014
Jordan Mason,RB,16,118.75,128.9,12.88,7.421875,8.05625,0.6343750000000004
Jordan Whittington,WR,14,45.24,41.8,19.34,3.2314285714285718,2.9857142857142853,-0.24571428571428644
Josh Allen,QB,18,375.88,417.2,0.0,20.88222222222222,23.177777777777777,2.2955555555555556
Josh Downs,WR,16,135.59,135.7,58.43,8.474375,8.48125,0.006874999999999076
Josh Jacobs,RB,16,247.93,243.9,37.2,15.495625,15.24375,-0.25187500000000007
Josh Oliver,TE,12,33.89,55.0,13.59,2.8241666666666667,4.583333333333333,1.7591666666666663
Josh Palmer,WR,12,68.15,52.3,23.560000000000002,5.679166666666667,4.358333333333333,-1.3208333333333337
JuJu Smith-Schuster,WR,16,74.23,73.5,31.62,4.639375,4.59375,-0.04562500000000025
Julian Hill,TE,11,31.620000000000005,31.0,15.02,2.874545454545455,2.8181818181818183,-0.056363636363636616
Justice Hill,RB,9,53.72,65.2,21.95,5.9688888888888885,7.2444444444444445,1.275555555555556
Justin Fields,QB,9,130.98000000000002,144.22,0.65,14.553333333333335,16.024444444444445,1.4711111111111101
Justin Herbert,QB,17,322.23,300.94,0.0,18.954705882352943,17.70235294117647,-1.252352941176472
Justin Jefferson,WR,17,249.14,201.5,87.26,14.655294117647058,11.852941176470589,-2.802352941176469
Juwan Johnson,TE,17,154.27,179.9,68.6,9.074705882352943,10.58235294117647,1.5076470588235278
KaVontae Turpin,WR,15,77.46000000000001,84.5,26.3,5.164000000000001,5.633333333333334,0.46933333333333316
Kaleb Johnson,RB,10,18.19,8.8,1.72,1.8190000000000002,0.8800000000000001,-0.9390000000000001
Kalif Raymond,WR,12,50.64,60.8,22.7,4.22,5.066666666666666,0.8466666666666667
Kareem Hunt,RB,17,146.68,145.4,18.68,8.628235294117648,8.552941176470588,-0.07529411764705962
Kayshon Boutte,WR,18,122.8,155.9,36.3,6.822222222222222,8.661111111111111,1.8388888888888895
Keaton Mitchell,RB,12,53.06,55.4,9.75,4.421666666666667,4.616666666666666,0.1949999999999994
Keenan Allen,WR,18,213.15,188.2,83.86,11.841666666666667,10.455555555555556,-1.386111111111111
Kendrick Bourne,WR,15,90.27,92.1,34.95,6.018,6.14,0.12199999999999989
Kenneth Gainwell,RB,18,223.78,229.9,68.24,12.432222222222222,12.772222222222222,0.33999999999999986
Kenneth Walker III,RB,20,253.34,266.6,37.72,12.667,13.330000000000002,0.663000000000002
Keon Coleman,WR,14,121.43,115.0,39.17,8.67357142857143,8.214285714285714,-0.4592857142857163
Khalil Shakir,WR,18,180.42000000000002,197.8,88.35,10.023333333333333,10.988888888888889,0.9655555555555555
Kimani Vidal,RB,13,147.66,125.0,18.93,11.358461538461539,9.615384615384615,-1.7430769230769236
Kirk Cousins,QB,10,114.93,103.54,0.0,11.493,10.354000000000001,-1.1389999999999993
Konata Mumpfield,WR,12,53.78,30.4,17.14,4.4816666666666665,2.533333333333333,-1.9483333333333333
Kyle Juszczyk,RB,17,61.47,67.7,23.14,3.6158823529411763,3.9823529411764707,0.3664705882352943
Kyle Monangai,RB,19,179.38,163.8,28.830000000000002,9.441052631578946,8.621052631578948,-0.8199999999999985
Kyle Pitts,TE,17,190.97,210.8,81.38,11.233529411764707,12.4,1.1664705882352937
Kyle Williams,WR,16,46.6,52.6,13.86,2.9125,3.2875,0.375
Kyren Williams,RB,20,291.78,320.6,43.46,14.588999999999999,16.03,1.4410000000000025
Ladd McConkey,WR,17,190.43,187.1,69.25,11.201764705882354,11.005882352941176,-0.19588235294117773
Lamar Jackson,QB,13,209.42000000000002,220.86,0.0,16.10923076923077,16.98923076923077,0.879999999999999
LeQuint Allen Jr.,RB,15,30.01,27.0,9.35,2.0006666666666666,1.8,-0.20066666666666655
Lil'Jordan Humphrey,WR,9,55.87,47.4,18.17,6.207777777777777,5.266666666666667,-0.9411111111111108
Luke Farrell,TE,11,29.04,30.6,12.870000000000001,2.64,2.7818181818181817,0.14181818181818162
Luke Musgrave,TE,14,52.65,51.1,22.09,3.7607142857142857,3.65,-0.11071428571428577
Luke Schoonmaker,TE,14,36.54,27.2,15.709999999999999,2.61,1.9428571428571428,-0.667142857142857
Luther Burden III,WR,17,124.91,140.1,50.58,7.347647058823529,8.241176470588234,0.893529411764705
Mac Jones,QB,12,134.03,134.9,0.0,11.169166666666667,11.241666666666667,0.07249999999999979
Mack Hollins,WR,16,134.27,138.3,44.66,8.391875,8.64375,0.25187500000000007
Malachi Corley,WR,12,30.21,31.599999999999998,10.77,2.5175,2.6333333333333333,0.11583333333333323
Malik Davis,RB,9,42.269999999999996,40.6,3.6100000000000003,4.696666666666666,4.511111111111111,-0.18555555555555525
Malik Washington,WR,17,116.91,110.7,45.48,6.877058823529412,6.511764705882353,-0.36529411764705877
Marcus Mariota,QB,10,153.43,127.5,0.0,15.343,12.75,-2.593
Mark Andrews,TE,17,141.45,131.0,46.5,8.320588235294117,7.705882352941177,-0.6147058823529408
Marquez Valdes-Scantling,WR,10,56.12,37.6,19.91,5.612,3.7600000000000002,-1.8519999999999999
Marquise Brown,WR,16,126.69,137.7,46.59,7.918125,8.60625,0.6881249999999994
Marvin Harrison Jr.,WR,12,139.17,125.80000000000001,43.11,11.597499999999998,10.483333333333334,-1.114166666666664
Marvin Mims Jr.,WR,17,111.8,122.5,43.64,6.576470588235294,7.205882352941177,0.6294117647058828
Mason Taylor,TE,13,98.73,88.9,45.13,7.594615384615385,6.838461538461539,-0.756153846153846
Matthew Golden,WR,15,86.86,88.4,29.93,5.790666666666667,5.8933333333333335,0.1026666666666669
Matthew Stafford,QB,20,418.2,415.32,0.0,20.91,20.766,-0.1440000000000019
Michael Carter,RB,13,119.88,99.0,34.77,9.221538461538461,7.615384615384615,-1.6061538461538465
Michael Mayer,TE,12,75.55,73.8,35.82,6.295833333333333,6.1499999999999995,-0.14583333333333393
Michael Penix Jr.,QB,9,126.73,124.28,0.0,14.081111111111111,13.80888888888889,-0.27222222222222214
Michael Pittman,WR,17,196.75,203.3,76.14,11.573529411764707,11.958823529411765,0.38529411764705834
Michael Wilson,WR,17,216.32999999999998,220.6,76.27,12.725294117647058,12.976470588235294,0.251176470588236
Mike Evans,WR,8,117.56,84.8,37.13,14.695,10.6,-4.095000000000001
Mike Gesicki,TE,12,79.11,70.7,26.01,6.5925,5.891666666666667,-0.7008333333333336
Mitchell Evans,TE,14,48.49,48.2,19.48,3.4635714285714285,3.442857142857143,-0.020714285714285463
Mitchell Tinsley,WR,8,44.449999999999996,31.6,12.11,5.5562499999999995,3.95,-1.6062499999999993
Mo Alie-Cox,TE,11,37.37,30.7,14.780000000000001,3.397272727272727,2.790909090909091,-0.606363636363636
Nick Chubb,RB,17,108.65,94.5,15.73,6.391176470588236,5.5588235294117645,-0.8323529411764712
Nick Westbrook-Ikhine,WR,9,29.92,19.9,14.53,3.3244444444444445,2.211111111111111,-1.1133333333333337
Nico Collins,WR,16,232.08,231.3,75.89,14.505,14.45625,-0.04875000000000007
Noah Fant,TE,13,67.94,74.8,30.39,5.226153846153846,5.753846153846154,0.5276923076923081
Noah Gray,TE,13,59.1,38.8,25.75,4.546153846153846,2.9846153846153842,-1.5615384615384618
Olamide Zaccheaus,WR,16,117.66,94.5,47.0,7.35375,5.90625,-1.4474999999999998
Ollie Gordon II,RB,16,59.82,54.1,7.2,3.73875,3.38125,-0.35749999999999993
Omarion Hampton,RB,10,134.03,135.6,28.11,13.403,13.559999999999999,0.15699999999999825
Oronde Gadsden II,TE,16,126.15,137.4,45.96,7.884375,8.5875,0.703125
Parker Washington,WR,16,203.42000000000002,196.6,64.89,12.713750000000001,12.2875,-0.42625000000000135
Pat Bryant,WR,14,89.63,82.3,36.01,6.402142857142857,5.878571428571428,-0.5235714285714286
Pat Freiermuth,TE,16,93.23,116.4,38.61,5.826875,7.275,1.448125
Patrick Mahomes,QB,14,297.95,285.68,0.84,21.282142857142855,20.405714285714286,-0.8764285714285691
Puka Nacua,WR,19,382.78000000000003,452.6,137.47,20.146315789473686,23.821052631578947,3.6747368421052613
Quentin Johnston,WR,14,164.4,176.2,56.54,11.742857142857144,12.585714285714285,0.8428571428571416
Quinshon Judkins,RB,14,180.85,169.8,27.26,12.917857142857143,12.12857142857143,-0.7892857142857128
RJ Harvey,RB,19,216.0,228.1,53.42,11.368421052631579,12.005263157894737,0.6368421052631579
Rachaad White,RB,17,154.67000000000002,143.0,36.53,9.098235294117648,8.411764705882353,-0.686470588235295
Raheem Mostert,RB,12,28.23,29.400000000000002,9.32,2.3525,2.45,0.09750000000000014
Rashee Rice,WR,8,144.86,150.1,56.019999999999996,18.1075,18.7625,0.6549999999999976
Rasheen Ali,RB,8,19.71,24.2,8.45,2.46375,3.025,0.5612499999999998
Rashid Shaheed,WR,21,177.73,157.6,61.33,8.463333333333333,7.504761904761905,-0.9585714285714282
Rashod Bateman,WR,13,69.62,55.4,22.71,5.355384615384616,4.2615384615384615,-1.0938461538461546
Ray Davis,RB,14,63.0,61.0,11.3,4.5,4.357142857142857,-0.14285714285714324
Rhamondre Stevenson,RB,18,205.9,231.1,37.2,11.43888888888889,12.838888888888889,1.3999999999999986
Ricky Pearsall,WR,10,97.83,88.6,31.84,9.783,8.86,-0.923
Rico Dowdle,RB,18,205.34,218.8,39.78,11.407777777777778,12.155555555555557,0.7477777777777792
Roman Wilson,WR,9,33.62,38.6,12.37,3.735555555555555,4.288888888888889,0.5533333333333337
Rome Odunze,WR,14,196.13,156.9,58.36,14.009285714285713,11.207142857142857,-2.802142857142856
Romeo Doubs,WR,17,189.37,191.8,57.64,11.139411764705883,11.282352941176471,0.1429411764705879
Ryan Flournoy,WR,13,102.71000000000001,114.0,37.41,7.900769230769232,8.76923076923077,0.8684615384615384
Sam Darnold,QB,20,294.34000000000003,293.7,0.0,14.717000000000002,14.684999999999999,-0.03200000000000358
Sam LaPorta,TE,9,80.06,106.9,35.08,8.895555555555555,11.877777777777778,2.982222222222223
Samaje Perine,RB,14,82.42,77.9,16.08,5.887142857142857,5.564285714285715,-0.32285714285714207
Saquon Barkley,RB,17,277.95,248.4,42.83,16.349999999999998,14.611764705882353,-1.7382352941176453
Savion Williams,WR,11,23.080000000000002,25.499999999999996,7.93,2.098181818181818,2.318181818181818,0.21999999999999975
Sean Tucker,RB,14,89.44,91.4,8.31,6.388571428571429,6.528571428571429,0.14000000000000057
Shedeur Sanders,QB,8,79.16,86.06,0.0,9.895,10.7575,0.8625000000000007
Skyy Moore,WR,10,16.05,15.1,4.99,1.605,1.51,-0.09499999999999997
Spencer Rattler,QB,9,121.36,101.14,1.44,13.484444444444444,11.237777777777778,-2.246666666666666
Stefon Diggs,WR,21,205.79999999999998,241.3,81.99,9.799999999999999,11.49047619047619,1.6904761904761916
Sterling Shepard,WR,13,94.35,82.0,35.88,7.257692307692308,6.3076923076923075,-0.9500000000000002
T.J. Hockenson,TE,15,108.7,112.8,47.160000000000004,7.246666666666667,7.52,0.27333333333333254
Tank Bigsby,RB,12,56.0,55.7,3.19,4.666666666666667,4.641666666666667,-0.025000000000000355
Tanner Hudson,TE,10,41.410000000000004,47.8,16.98,4.141,4.779999999999999,0.6389999999999993
Taysom Hill,QB,13,69.58,41.78,12.0,5.352307692307692,3.213846153846154,-2.138461538461538
Tee Higgins,WR,15,176.74,211.6,56.13,11.782666666666668,14.106666666666666,2.323999999999998
Terrance Ferguson,TE,13,72.73,55.0,15.73,5.594615384615385,4.230769230769231,-1.3638461538461542
Terry McLaurin,WR,10,100.98,114.2,32.75,10.098,11.42,1.3219999999999992
Tetairoa McMillan,WR,18,215.70999999999998,226.4,75.57,11.983888888888888,12.577777777777778,0.5938888888888894
Tez Johnson,WR,15,85.3,92.4,27.82,5.6866666666666665,6.16,0.4733333333333336
Theo Johnson,TE,15,126.85,127.8,46.88,8.456666666666667,8.52,0.06333333333333258
Tim Patrick,WR,14,52.22,51.7,15.22,3.73,3.692857142857143,-0.03714285714285692
Tommy Tremble,TE,16,59.29,69.10000000000001,28.25,3.705625,4.3187500000000005,0.6131250000000006
Tony Pollard,RB,17,184.05,185.8,30.86,10.826470588235296,10.929411764705883,0.10294117647058698
Travis Etienne,RB,18,255.27,276.5,45.4,14.181666666666667,15.36111111111111,1.179444444444444
Travis Kelce,TE,17,178.4,193.2,75.3,10.494117647058824,11.36470588235294,0.8705882352941163
Tre Harris,WR,17,73.16,73.4,29.87,4.303529411764706,4.31764705882353,0.014117647058824012
Tre Tucker,WR,17,155.14,161.7,58.06,9.125882352941176,9.511764705882353,0.38588235294117723
TreVeyon Henderson,RB,21,209.0,222.1,37.79,9.952380952380953,10.576190476190476,0.6238095238095234
Trevor Etienne,RB,9,18.46,14.1,2.12,2.051111111111111,1.5666666666666667,-0.48444444444444446
Trevor Lawrence,QB,18,386.79,361.56,0.0,21.488333333333333,20.086666666666666,-1.4016666666666673
Trey McBride,TE,17,301.91,315.9,117.24,17.759411764705884,18.58235294117647,0.8229411764705858
Treylon Burks,WR,8,41.05,29.0,11.87,5.13125,3.625,-1.5062499999999996
Troy Franklin,WR,17,194.17,177.1,63.85,11.421764705882353,10.41764705882353,-1.0041176470588233
Tua Tagovailoa,QB,14,172.17,162.42,0.0,12.297857142857142,11.60142857142857,-0.6964285714285712
Tucker Kraft,TE,8,71.11,117.19999999999999,31.259999999999998,8.88875,14.649999999999999,5.761249999999999
Tutu Atwell,WR,8,27.990000000000002,31.2,8.17,3.4987500000000002,3.9,0.40124999999999966
Ty Johnson,RB,17,95.91,97.1,26.37,5.641764705882353,5.711764705882352,0.0699999999999994
Tyjae Spears,RB,13,110.8,111.7,39.89,8.523076923076923,8.592307692307692,0.06923076923076898
Tyler Allgeier,RB,17,120.89999999999999,123.0,12.6,7.1117647058823525,7.235294117647059,0.12352941176470633
Tyler Badie,RB,16,53.17,37.5,25.3,3.323125,2.34375,-0.9793750000000001
Tyler Higbee,TE,12,78.05,83.5,29.21,6.504166666666666,6.958333333333333,0.4541666666666666
Tyler Johnson,WR,9,27.45,37.7,10.52,3.05,4.188888888888889,1.1388888888888893
Tyler Lockett,WR,17,78.95,67.1,34.78,4.644117647058824,3.9470588235294115,-0.6970588235294124
Tyler Shough,QB,11,149.65,159.96,0.0,13.604545454545455,14.541818181818183,0.9372727272727275
Tyler Warren,TE,17,213.53,188.5,80.81,12.560588235294118,11.088235294117647,-1.4723529411764709
Tyquan Thornton,WR,11,76.42,80.8,14.979999999999999,6.947272727272727,7.345454545454545,0.3981818181818175
Tyrell Shavers,WR,11,41.57,47.9,15.379999999999999,3.7790909090909093,4.3545454545454545,0.5754545454545452
Tyrone Tracy Jr.,RB,15,166.56,160.79999999999998,35.61,11.104000000000001,10.719999999999999,-0.3840000000000021
Van Jefferson,WR,14,80.77,70.0,31.25,5.769285714285714,5.0,-0.7692857142857141
Wan'Dale Robinson,WR,16,217.03,217.89999999999998,91.05,13.564375,13.618749999999999,0.05437499999999851
Will Dissly,TE,8,23.08,20.7,11.79,2.885,2.5875,-0.2974999999999999
Will Shipley,RB,12,26.84,21.1,10.08,2.236666666666667,1.7583333333333335,-0.4783333333333333
Woody Marks,RB,18,199.63,165.9,28.15,11.090555555555556,9.216666666666667,-1.8738888888888887
Xavier Hutchinson,WR,18,125.33,110.5,47.44,6.962777777777777,6.138888888888889,-0.823888888888888
Xavier Legette,WR,16,114.98,91.1,41.31,7.18625,5.69375,-1.4925000000000006
Xavier Smith,WR,10,43.86,48.3,14.709999999999999,4.386,4.83,0.44399999999999995
Xavier Worthy,WR,14,133.08,109.9,44.98,9.505714285714287,7.8500000000000005,-1.6557142857142866
Zach Charbonnet,RB,17,183.1,183.4,18.72,10.770588235294117,10.788235294117648,0.017647058823531125
Zach Ertz,TE,13,125.2,126.39999999999999,47.9,9.63076923076923,9.723076923076922,0.09230769230769198
Zavier Scott,RB,9,41.28,39.2,11.7,4.586666666666667,4.355555555555556,-0.23111111111111082
Zay Flowers,WR,17,205.05,243.3,76.67,12.061764705882354,14.311764705882354,2.25
