full_name,cat,weeks,outs
A.J. Brown,hamstring,1,1
AJ Barner,calf,1,0
Aaron Jones,hamstring,1,0
Aaron Jones,hip,1,1
Aaron Jones,shoulder,1,0
Aaron Rodgers,hand,1,0
Aidan O'Connell,hand,3,3
Alec Pierce,concussion,2,2
Alex Bachman,ankle,1,0
Alex Bachman,hand,2,2
Allen Lazard,neck,1,0
Allen Lazard,other,1,1
Alvin Kamara,ankle,4,0
Alvin Kamara,knee,6,6
Amon-Ra St. Brown,ankle,1,0
Amon-Ra St. Brown,knee,2,0
Andrew Ogletree,neck,1,1
Andy Dalton,hand,1,0
Anthony Gould,foot,3,3
Anthony Gould,knee,2,2
Anthony Richardson,other,3,3
Antonio Gibson,knee,1,1
Ashton Dulin,ribs,1,1
Austin Hooper,concussion,1,1
Baker Mayfield,other,1,0
Baker Mayfield,shoulder,1,0
Bam Knight,ankle,1,0
Bam Knight,knee,1,0
Beaux Collins,concussion,1,1
Beaux Collins,neck,3,3
Ben Sinnott,ankle,1,1
Ben Yurosek,knee,2,1
Bhayshul Tuten,hand,2,1
Blake Corum,ankle,1,0
Brandin Cooks,other,1,1
Braxton Berrios,hamstring,2,2
Breece Hall,knee,2,1
Brenden Bates,ankle,2,2
Brenton Strange,hip,2,1
Brian Thomas Jr.,ankle,3,2
Brock Bowers,knee,4,1
Brock Purdy,shoulder,2,1
Brock Purdy,toe,6,4
Brock Wright,ankle,1,0
Brock Wright,neck,2,2
Bryce Oliver,knee,11,8
Bryce Young,ankle,1,0
Brycen Tremayne,hip,1,0
Bucky Irving,foot,5,5
Bucky Irving,shoulder,3,2
C.J. Stroud,concussion,3,3
Cade Otton,knee,1,0
Cade Stover,foot,1,0
Calvin Austin III,hamstring,1,1
Calvin Austin III,shoulder,1,1
Calvin Ridley,hamstring,4,3
Calvin Ridley,knee,1,0
Cam Grandy,ribs,2,1
Cameron Latu,neck,1,0
Casey Washington,back,1,1
Casey Washington,concussion,2,2
Cedric Tillman,concussion,1,0
Cedric Tillman,hamstring,1,0
Cedrick Wilson Jr.,knee,1,1
CeeDee Lamb,ankle,3,3
Charlie Jones,achilles,1,0
Charlie Jones,ankle,3,3
Charlie Jones,ribs,1,0
Chig Okonkwo,foot,1,0
Chris Brooks,ribs,1,0
Chris Godwin Jr.,ankle,10,8
Chris Moore,illness,1,0
Chris Olave,back,3,0
Chris Olave,illness,1,1
Chris Rodriguez Jr.,calf,1,0
Chris Rodriguez Jr.,groin,1,0
Chris Rodriguez Jr.,illness,1,0
Christian Kirk,hamstring,4,4
Christian Kirk,illness,1,0
Christian McCaffrey,calf,1,0
Christian Watson,knee,3,2
Christian Watson,ribs,1,0
Christian Watson,shoulder,1,0
Chuba Hubbard,calf,3,2
Colby Parkinson,concussion,1,0
Colby Parkinson,shoulder,3,0
Cole Kmet,ankle,1,0
Cole Kmet,back,1,1
Colson Yankoff,ankle,1,1
Colson Yankoff,hamstring,2,2
Colston Loveland,hip,2,0
Cooper Kupp,foot,1,0
Cooper Kupp,hamstring,1,0
Craig Reynolds,hamstring,2,1
Curtis Samuel,elbow,2,2
Curtis Samuel,neck,1,0
D'Andre Swift,groin,5,1
D'Andre Swift,hip,1,0
D'Andre Swift,quad,1,0
DJ Moore,illness,1,0
Dallas Goedert,knee,2,2
Dalton Kincaid,core,2,0
Dalton Kincaid,hamstring,4,2
Dalton Kincaid,knee,2,0
Dalton Schultz,knee,1,0
Daniel Bellinger,neck,1,0
Dareke Young,hamstring,1,1
Dareke Young,quad,4,4
Darius Cooper,shoulder,1,0
Darius Slayton,hamstring,3,3
Darnell Mooney,hamstring,2,1
Darnell Mooney,knee,1,0
Darnell Mooney,shoulder,1,0
Darnell Washington,concussion,1,0
Darren Waller,hip,3,3
Darren Waller,pec,1,0
Davante Adams,core,1,0
Davante Adams,hamstring,4,0
Davante Adams,knee,1,0
David Montgomery,illness,1,0
David Moore,elbow,3,0
David Njoku,knee,6,5
Dawson Knox,knee,1,0
De'Von Achane,shoulder,1,0
DeMario Douglas,hamstring,1,0
Dee Eskridge,concussion,1,0
Dee Eskridge,shoulder,3,1
Dee Eskridge,toe,1,0
Deebo Samuel Sr.,foot,2,1
Deebo Samuel Sr.,illness,1,0
Derius Davis,ankle,3,3
Derius Davis,knee,4,3
Deshaun Watson,achilles,3,3
Devaughn Vele,hip,2,0
Devontez Walker,core,2,1
Dillon Gabriel,concussion,1,1
Dillon Gabriel,shoulder,1,0
Dont'e Thornton Jr.,concussion,1,1
Dontayvion Wicks,ankle,2,0
Dontayvion Wicks,calf,5,2
Dontayvion Wicks,concussion,1,0
Drake London,hip,1,0
Drake London,illness,1,0
Drake London,knee,7,4
Durham Smythe,calf,1,0
Dyami Brown,shoulder,1,0
Dylan Sampson,calf,2,1
Dylan Sampson,hand,2,1
Elic Ayomanor,hamstring,2,1
Elijah Arroyo,knee,1,1
Elijah Higgins,illness,1,0
Emanuel Wilson,illness,1,0
Emari Demercado,ankle,5,4
Emeka Egbuka,hamstring,1,0
Emeka Egbuka,hip,1,0
Eric Gray,knee,1,0
Eric Saubert,calf,2,1
Evan Engram,back,1,1
Feleipe Franks,calf,1,0
Feleipe Franks,foot,1,0
Foster Moreau,knee,1,0
Gage Larvadain,concussion,1,0
Garrett Wilson,knee,4,2
Gavin Bartholomew,back,3,3
Geno Smith,ankle,1,1
Geno Smith,shoulder,1,1
George Holani,hamstring,1,1
George Kittle,ankle,2,0
Grant Calcaterra,core,2,2
Greg Dortch,collarbone,1,0
Greg Dortch,ribs,1,1
Gunnar Helm,toe,2,1
Gunner Olszewski,back,1,0
Gunner Olszewski,concussion,1,0
Harold Fannin Jr.,groin,2,1
Harold Fannin Jr.,hamstring,1,0
Harrison Bryant,neck,2,1
Harrison Bryant,shoulder,1,0
Hassan Haskins,concussion,1,0
Hassan Haskins,hamstring,3,2
Hassan Haskins,ribs,1,0
Hunter Long,hip,3,3
Ian Thomas,calf,1,0
Isaac TeSlaa,core,2,0
Isaac TeSlaa,hand,1,0
Isaiah Bond,foot,1,1
Isaiah Davis,concussion,1,1
Isaiah Likely,foot,4,3
Isiah Pacheco,knee,3,3
Isiah Pacheco,other,1,0
J.J. McCarthy,ankle,5,3
J.J. McCarthy,concussion,1,1
J.J. McCarthy,hand,1,1
J.K. Dobbins,foot,1,1
Ja'Marr Chase,illness,1,0
Ja'Tavion Sanders,ankle,3,2
Jack Bech,back,1,0
Jack Stoll,ankle,1,0
Jacob Saylors,back,2,1
Jacory Croskey-Merritt,knee,1,0
Jahdae Walker,ankle,1,0
Jahdae Walker,concussion,2,2
Jake Bobo,achilles,1,1
Jake Bobo,calf,1,1
Jake Bobo,concussion,1,1
Jake Briningstool,hamstring,3,3
Jake Ferguson,calf,1,0
Jakobi Meyers,knee,1,0
Jalen Coker,quad,2,0
Jalen McMillan,neck,2,1
Jalen Royals,knee,3,2
Jalin Hyatt,illness,1,0
Jamal Agnew,foot,1,0
Jamal Agnew,groin,2,2
Jamari Thrash,foot,1,1
Jauan Jennings,ankle,4,1
Jauan Jennings,shoulder,1,0
Javonte Williams,shoulder,1,1
Jaxon Smith-Njigba,illness,1,0
Jaxson Dart,concussion,2,2
Jayden Daniels,elbow,7,7
Jayden Daniels,hamstring,1,1
Jayden Daniels,knee,2,2
Jayden Reed,foot,5,3
Jaylen Waddle,ribs,1,0
Jaylen Waddle,shoulder,1,0
Jaylen Warren,other,1,0
Jaylen Wright,knee,2,1
Jelani Woods,hamstring,1,1
Jermaine Burton,ankle,1,1
Jermaine Burton,illness,1,1
Jermaine Burton,other,1,1
Jerome Ford,hamstring,1,0
Joe Burrow,toe,2,2
Joe Flacco,shoulder,1,0
John Bates,ankle,1,0
John Bates,calf,1,1
John Bates,groin,1,1
Jonathan Mingo,knee,3,0
Jonnu Smith,other,1,0
Jordan James,hand,1,0
Jordan Love,shoulder,1,1
Jordan Mason,ankle,1,1
Jordan Watkins,ankle,1,0
Jordan Watkins,calf,4,4
Jordan Whittington,back,1,0
Josh Downs,concussion,1,1
Josh Jacobs,illness,1,0
Josh Jacobs,knee,3,0
Josh Oliver,foot,2,2
Josh Palmer,ankle,2,0
Josh Palmer,knee,4,2
Josh Reynolds,hamstring,2,2
Josh Reynolds,hip,1,1
Josh Whyle,concussion,1,1
Josh Williams,concussion,2,2
Julian Hill,ankle,3,2
Justice Hill,neck,1,1
Justice Hill,toe,1,1
Justin Fields,concussion,1,1
Justin Fields,knee,3,2
Justin Herbert,hand,1,0
Justin Watson,calf,3,1
Juwan Johnson,ankle,1,0
KaVontae Turpin,foot,2,2
Kalel Mullings,ankle,5,1
Kalif Raymond,ankle,3,2
Kalif Raymond,neck,1,0
Kayshon Boutte,concussion,1,1
Kayshon Boutte,hamstring,2,1
KeAndre Lambert-Smith,hamstring,1,0
Kene Nwangwu,concussion,1,1
Kene Nwangwu,hamstring,5,4
Kenneth Walker III,other,1,0
KhaDarel Hodge,groin,1,1
KhaDarel Hodge,shoulder,1,1
Khalil Herbert,groin,2,0
Kimani Vidal,neck,2,0
Kurtis Rourke,knee,3,3
Kyle Pitts,knee,2,0
Kyler Murray,foot,3,0
Kyler Murray,illness,1,0
Kyren Williams,ankle,1,0
Lamar Jackson,back,1,0
Lamar Jackson,hamstring,3,3
Lucas Krull,foot,1,1
Luther Burden III,ankle,1,1
Luther Burden III,concussion,1,1
Mac Jones,knee,2,0
Mack Hollins,core,1,1
Malachi Corley,concussion,1,0
Malik Davis,calf,1,1
Malik Heath,other,1,1
Malik Willis,shoulder,2,0
MarShawn Lloyd,calf,3,3
Marcus Mariota,hand,2,2
Marquise Brown,other,1,1
Marvin Harrison Jr.,foot,4,2
Marvin Harrison Jr.,illness,3,2
Marvin Mims Jr.,concussion,2,2
Marvin Mims Jr.,hip,1,0
Mason Taylor,ankle,1,0
Mason Taylor,neck,4,4
Mason Taylor,quad,1,0
Mason Tipton,groin,1,0
Mason Tipton,illness,1,0
Matthew Golden,hand,2,0
Matthew Golden,hip,1,0
Matthew Golden,shoulder,3,0
Mecole Hardman,calf,2,1
Michael Mayer,ankle,2,2
Michael Mayer,concussion,2,1
Michael Penix Jr.,knee,1,0
Mike Evans,collarbone,2,1
Mike Evans,hamstring,4,3
Mike Gesicki,pec,1,1
Miles Sanders,knee,2,1
Myles Price,ankle,1,1
Nate Adkins,ankle,2,2
Nate Adkins,knee,6,6
Nate Carter,hamstring,1,1
Nick Chubb,ribs,2,0
Nico Collins,concussion,1,1
Nikko Remigio,knee,1,0
Nikko Remigio,shoulder,1,1
Noah Brown,groin,6,5
Noah Fant,ankle,2,1
Noah Fant,concussion,1,1
Noah Gray,concussion,1,1
Olamide Zaccheaus,illness,1,0
Ollie Gordon II,ankle,1,0
Omarion Hampton,ankle,3,2
Parker Washington,hip,2,0
Pat Bryant,concussion,1,1
Pat Bryant,hamstring,1,1
Phil Mafah,shoulder,3,1
Puka Nacua,ankle,1,1
Quentin Johnston,groin,2,0
Quentin Johnston,hamstring,1,0
Quentin Johnston,shin,1,0
Quinshon Judkins,other,1,0
Quintin Morris,groin,2,2
Raheem Mostert,ankle,1,0
Raheem Mostert,knee,1,0
Rashee Rice,concussion,1,1
Rashid Shaheed,hip,1,0
Rashod Bateman,ankle,3,2
Rashod Bateman,illness,1,0
Ray-Ray McCloud,other,1,1
Rhamondre Stevenson,toe,4,2
Ricky Pearsall,knee,10,7
Rome Odunze,foot,5,3
Roschon Johnson,back,2,2
Roschon Johnson,foot,1,0
Roschon Johnson,hand,1,1
Ryan Flournoy,knee,1,0
Sam LaPorta,back,1,1
Samaje Perine,ankle,2,1
Savion Williams,foot,8,3
Savion Williams,hamstring,1,0
Scott Miller,hand,3,3
Shane Zylstra,knee,2,1
Shedeur Sanders,back,1,0
Sione Vaki,ankle,3,0
Sione Vaki,groin,5,4
Sione Vaki,hamstring,2,1
Sione Vaki,hand,2,0
Skylar Thompson,hamstring,1,0
Spencer Rattler,hand,1,0
Stefon Diggs,ribs,1,0
Stone Smartt,quad,1,1
T.J. Hockenson,shoulder,2,2
Tahj Brooks,concussion,1,1
Tanner Hudson,concussion,1,1
Tanner McKee,hand,3,1
Taysom Hill,knee,1,0
Teddy Bridgewater,illness,1,0
Tee Higgins,concussion,3,2
Terrance Ferguson,hamstring,1,0
Terrell Jennings,concussion,1,1
Terrell Jennings,knee,1,0
Terry McLaurin,quad,7,7
Tetairoa McMillan,calf,1,0
Tetairoa McMillan,hamstring,1,0
Tetairoa McMillan,illness,1,0
Theo Johnson,illness,2,2
Thomas Fidone II,foot,1,1
Tim Patrick,groin,1,1
Tip Reiman,foot,2,1
Tom Kennedy,core,1,0
Tory Horton,groin,2,1
Tory Horton,shin,1,1
Travis Homer,ankle,1,1
Travis Homer,calf,2,0
Travis Homer,hamstring,1,1
Travis Hunter,knee,1,1
Trey Benson,knee,3,3
Trey Palmer,ankle,1,1
Trey Palmer,hamstring,1,0
Treylon Burks,hand,1,1
Tucker Fisk,ankle,1,1
Tucker Fisk,toe,1,0
Tucker Kraft,knee,1,0
Tutu Atwell,hamstring,2,0
Ty Chandler,knee,3,1
Tyjae Spears,ankle,1,0
Tyler Allgeier,hip,1,0
Tyler Goodson,ankle,1,0
Tyler Goodson,elbow,2,0
Tyler Goodson,groin,3,3
Tyler Higbee,ankle,1,0
Tyler Higbee,hip,2,0
Tyler Warren,illness,1,0
Tyler Warren,toe,1,0
Tyquan Thornton,concussion,1,1
Tyrod Taylor,groin,2,1
Tyrod Taylor,knee,2,1
Tyrone Tracy Jr.,shoulder,2,1
Van Jefferson,ankle,1,0
Van Jefferson,back,1,0
Van Jefferson,other,1,1
Wan'Dale Robinson,ankle,1,0
Wan'Dale Robinson,ribs,1,1
Will Dissly,illness,1,0
Will Dissly,knee,3,2
Will Howard,hand,3,0
Will Mallory,other,1,1
Will Shipley,core,2,2
Woody Marks,ankle,1,0
Xavier Gipson,shoulder,1,1
Xavier Legette,hamstring,2,1
Xavier Smith,concussion,1,0
Xavier Weaver,ankle,1,0
Xavier Weaver,hamstring,3,1
Xavier Worthy,ankle,1,0
Xavier Worthy,illness,1,0
Xavier Worthy,shoulder,2,1
Zach Charbonnet,foot,2,0
Zach Ertz,shoulder,1,0
Zach Wilson,illness,1,0
Zaire Mitchell-Paden,knee,2,1
Zamir White,illness,1,0
Zavier Scott,ankle,1,1
Zavier Scott,hand,1,0
Zay Flowers,shoulder,1,0
Zay Jones,concussion,1,1
Zay Jones,knee,2,0
