player_id,name,pos,games,ppr,team,ppg,games_next,ppg_next,birth,age,missed_prior,missed_next,season,age_band,prior_band
00-0033280,Christian McCaffrey,RB,16,391.3,SF,24.45625,4.0,11.95,1996-06-07,28.26009582477755,1,13.0,2024,27-28,1-3
00-0038120,Breece Hall,RB,17,290.5,NYJ,17.08823529411765,16.0,15.05625,2001-05-31,23.279945242984258,0,1.0,2024,<27,0
00-0036973,Travis Etienne,RB,17,282.4,JAX,16.61176470588235,15.0,8.68,1999-01-26,25.623545516769337,0,2.0,2024,<27,0
00-0037256,Rachaad White,RB,17,267.9,TB,15.758823529411764,15.0,13.306666666666667,1999-01-12,25.661875427789184,0,2.0,2024,<27,0
00-0031687,Raheem Mostert,RB,15,267.7,MIA,17.846666666666668,13.0,5.453846153846154,1992-04-09,32.421629021218344,2,4.0,2024,29+,1-3
00-0033897,Joe Mixon,RB,17,267.0,CIN,15.705882352941176,14.0,17.178571428571427,1996-07-24,28.13141683778234,0,3.0,2024,27-28,0
00-0037840,Kyren Williams,RB,12,255.0,LA,21.25,16.0,17.00625,2000-08-26,24.041067761806982,5,1.0,2024,<27,4+
00-0032764,Derrick Henry,RB,17,246.66,TEN,14.509411764705883,17.0,19.788235294117644,1994-01-04,30.68309377138946,0,0.0,2024,29+,0
00-0038542,Bijan Robinson,RB,17,246.3,ATL,14.488235294117647,17.0,20.099999999999998,2002-01-30,22.611909650924023,0,0.0,2024,<27,0
00-0039139,Jahmyr Gibbs,RB,15,242.1,DET,16.14,17.0,21.34705882352941,2002-03-20,22.477754962354553,2,0.0,2024,<27,1-3
00-0033906,Alvin Kamara,RB,13,233.0,NO,17.923076923076923,14.0,18.95,1995-07-25,29.130732375085557,4,3.0,2024,29+,4+
00-0037248,James Cook,RB,17,232.7,BUF,13.688235294117646,16.0,16.66875,1999-09-25,24.960985626283367,0,1.0,2024,<27,0
00-0034844,Saquon Barkley,RB,14,223.2,NYG,15.942857142857141,16.0,22.20625,1997-02-09,27.583846680355922,3,1.0,2024,27-28,1-3
00-0035261,Tony Pollard,RB,17,222.6,DAL,13.094117647058823,16.0,12.54375,1997-04-30,27.364818617385353,0,1.0,2024,27-28,0
00-0037197,Isiah Pacheco,RB,14,213.9,KC,15.278571428571428,7.0,8.12857142857143,1999-03-02,25.527720739219713,3,10.0,2024,<27,1-3
00-0037267,Jerome Ford,RB,17,211.20000000000002,CLE,12.423529411764706,14.0,9.571428571428571,1999-09-12,24.996577686516083,0,3.0,2024,<27,0
00-0035685,David Montgomery,RB,14,207.2,DET,14.799999999999999,14.0,15.837142857142856,1997-06-07,27.260780287474333,3,3.0,2024,27-28,1-3
00-0033553,James Conner,RB,13,201.5,ARI,15.5,16.0,15.8625,1995-05-05,29.352498288843258,4,1.0,2024,29+,4+
00-0038134,Kenneth Walker III,RB,15,199.4,SEA,13.293333333333333,11.0,16.472727272727273,2000-10-20,23.890485968514717,2,6.0,2024,<27,1-3
00-0036275,D'Andre Swift,RB,16,199.3,PHI,12.45625,17.0,12.617647058823529,1999-01-14,25.65639972621492,1,0.0,2024,<27,1-3
00-0037746,Brian Robinson,RB,15,198.1,WAS,13.206666666666667,14.0,11.414285714285713,1999-03-22,25.472963723477072,2,3.0,2024,<27,1-3
00-0037228,Jaylen Warren,RB,17,196.4,PIT,11.552941176470588,15.0,8.273333333333333,1998-11-01,25.859000684462696,0,2.0,2024,<27,0
00-0036893,Najee Harris,RB,17,195.5,PIT,11.5,17.0,12.035294117647059,1998-03-09,26.507871321013006,0,0.0,2024,<27,0
00-0039040,De'Von Achane,RB,11,190.7,MIA,17.336363636363636,17.0,17.641176470588235,2001-10-13,22.910335386721425,6,0.0,2024,<27,4+
00-0034184,Gus Edwards,RB,17,187.0,BAL,11.0,11.0,5.827272727272727,1995-04-13,29.412731006160165,0,6.0,2024,29+,0
00-0033699,Austin Ekeler,RB,14,185.4,LAC,13.242857142857144,12.0,11.025,1995-05-17,29.319644079397673,3,5.0,2024,29+,1-3
00-0036555,Chuba Hubbard,RB,17,182.5,CAR,10.735294117647058,15.0,16.106666666666666,1999-06-11,25.251197809719372,0,2.0,2024,<27,0
00-0035700,Josh Jacobs,RB,13,181.1,LV,13.930769230769231,17.0,17.241176470588236,1998-02-11,26.579055441478438,4,0.0,2024,<27,4+
00-0036997,Javonte Williams,RB,16,179.2,DEN,11.2,17.0,9.288235294117648,2000-04-25,24.37782340862423,1,0.0,2024,<27,1-3
00-0033045,Ezekiel Elliott,RB,17,174.5,NE,10.264705882352942,15.0,3.8333333333333335,1995-07-22,29.138945927446954,0,2.0,2024,29+,0
00-0036251,Zack Moss,RB,14,169.6,IND,12.114285714285714,8.0,10.2375,1997-12-15,26.7378507871321,3,9.0,2024,<27,1-3
00-0035250,Devin Singletary,RB,17,167.34,HOU,9.843529411764706,15.0,6.4399999999999995,1997-09-03,27.019849418206707,0,2.0,2024,27-28,0
00-0036223,Jonathan Taylor,RB,10,156.4,IND,15.64,14.0,17.478571428571428,1999-01-19,25.642710472279262,7,3.0,2024,<27,4+
00-0039032,Tyjae Spears,RB,17,153.8,TEN,9.047058823529412,12.0,9.466666666666667,2001-06-15,23.238877481177276,0,5.0,2024,<27,0
00-0036875,Rhamondre Stevenson,RB,12,145.7,NE,12.141666666666666,15.0,11.726666666666667,1998-02-23,26.546201232032853,5,2.0,2024,<27,4+
00-0037263,Tyler Allgeier,RB,17,137.6,ATL,8.094117647058823,17.0,6.247058823529412,2000-04-15,24.40520191649555,0,0.0,2024,<27,0
00-0033293,Aaron Jones,RB,11,134.9,GB,12.263636363636364,17.0,14.211764705882352,1994-12-02,29.7741273100616,6,0.0,2024,29+,4+
00-0034972,Alexander Mattison,RB,16,133.20000000000002,MIN,8.325000000000001,14.0,9.814285714285715,1998-06-19,26.22861054072553,1,3.0,2024,<27,1-3
00-0036328,Antonio Gibson,RB,16,127.4,WAS,7.9625,17.0,6.082352941176471,1998-06-23,26.217659137577,1,0.0,2024,<27,1-3
00-0033526,Samaje Perine,RB,17,121.3,DEN,7.135294117647058,17.0,4.788235294117648,1995-09-16,28.985626283367555,0,0.0,2024,27-28,0
00-0033923,Kareem Hunt,RB,15,118.5,CLE,7.9,13.0,11.953846153846154,1995-08-06,29.097878165639973,2,4.0,2024,29+,1-3
00-0036265,AJ Dillon,RB,15,117.6,GB,7.84,0.0,,1998-05-02,26.360027378507873,2,17.0,2024,<27,1-3
00-0036906,Khalil Herbert,RB,12,112.5,CHI,9.375,11.0,2.8636363636363638,1998-04-21,26.390143737166323,5,6.0,2024,<27,4+
00-0034975,Justice Hill,RB,16,109.3,BAL,6.83125,15.0,8.473333333333334,1997-11-14,26.822724161533195,1,2.0,2024,<27,1-3
00-0039165,Zach Charbonnet,RB,16,106.1,SEA,6.63125,17.0,10.994117647058824,2001-01-08,23.67145790554415,1,0.0,2024,<27,1-3
00-0038794,Jaleel McLaughlin,RB,17,106.0,DEN,6.235294117647059,16.0,6.075,2000-09-13,23.991786447638603,0,1.0,2024,<27,0
00-0039021,Roschon Johnson,RB,15,102.1,CHI,6.806666666666667,13.0,5.953846153846153,2001-01-31,23.60848733744011,2,4.0,2024,<27,1-3
00-0037276,Ty Chandler,RB,16,101.0,MIN,6.3125,14.0,2.0285714285714285,1998-05-12,26.33264887063655,1,3.0,2024,<27,1-3
00-0036919,Kenny Gainwell,RB,16,97.38,PHI,6.08625,17.0,3.682352941176471,1999-03-14,25.49486652977413,1,0.0,2024,<27,1-3
00-0036139,Rico Dowdle,RB,16,91.5,DAL,5.71875,16.0,12.3625,1998-06-14,26.24229979466119,1,1.0,2024,<27,1-3
00-0033925,D'Onta Foreman,RB,9,91.2,CHI,10.133333333333333,10.0,3.2600000000000002,1996-04-24,28.380561259411362,8,7.0,2024,27-28,4+
00-0035243,Miles Sanders,RB,16,87.6,CAR,5.475,11.0,7.027272727272727,1997-05-01,27.362080766598222,1,6.0,2024,27-28,1-3
00-0031376,Jerick McKinnon,RB,12,84.36,KC,7.03,0.0,,1992-05-03,32.355920602327174,5,17.0,2024,29+,4+
00-0030513,Latavius Murray,RB,15,82.89999999999999,BUF,5.526666666666666,0.0,,1990-01-18,34.64476386036961,2,17.0,2024,29+,1-3
00-0037258,Dameon Pierce,RB,14,82.7,HOU,5.9071428571428575,10.0,4.35,2000-02-19,24.55852156057495,3,7.0,2024,<27,1-3
00-0038040,Zamir White,RB,13,73.9,LV,5.684615384615385,8.0,3.6625,1999-09-18,24.980150581793293,4,9.0,2024,<27,4+
00-0038705,Emari Demercado,RB,11,73.3,ARI,6.663636363636363,13.0,4.207692307692307,1999-01-20,25.639972621492127,6,4.0,2024,<27,4+
00-0036360,Clyde Edwards-Helaire,RB,15,70.1,KC,4.673333333333333,2.0,5.0,1999-04-11,25.418206707734427,2,15.0,2024,<27,1-3
00-0038454,Keaton Mitchell,RB,7,69.9,BAL,9.985714285714286,4.0,1.7,2002-01-17,22.647501711156742,10,13.0,2024,<27,4+
00-0036370,Joshua Kelley,RB,17,61.7,LAC,3.6294117647058823,1.0,0.2,1997-11-20,26.806297056810404,0,16.0,2024,<27,0
00-0033948,Jamaal Williams,RB,13,60.8,NO,4.676923076923076,14.0,2.65,1995-04-03,29.440109514031484,4,3.0,2024,29+,4+
00-0036924,Michael Carter,RB,15,58.8,ARI,3.92,3.0,11.933333333333332,1999-05-07,25.347022587268995,2,14.0,2024,<27,1-3
00-0038597,Chase Brown,RB,12,53.5,CIN,4.458333333333333,16.0,15.9375,2000-03-21,24.473648186173854,5,1.0,2024,<27,4+
00-0036567,Elijah Mitchell,RB,11,47.5,SF,4.318181818181818,0.0,,1998-05-02,26.360027378507873,6,17.0,2024,<27,4+
00-0033308,Matt Breida,RB,15,46.9,NYG,3.1266666666666665,0.0,,1995-02-28,29.533196440793976,2,17.0,2024,29+,1-3
00-0036414,Cam Akers,RB,7,46.699999999999996,MIN,6.671428571428571,16.0,5.825,1999-06-22,25.22108145106092,10,1.0,2024,<27,4+
00-0034838,Royce Freeman,RB,11,46.2,LA,4.2,0.0,,1996-02-24,28.54483230663929,6,17.0,2024,27-28,4+
00-0037525,Jordan Mason,RB,16,44.7,SF,2.79375,12.0,9.583333333333334,1999-05-24,25.300479123887747,1,5.0,2024,<27,1-3
00-0038551,Kendre Miller,RB,7,43.3,NO,6.185714285714285,6.0,4.85,2002-06-11,22.250513347022586,10,11.0,2024,<27,4+
00-0036020,Salvon Ahmed,RB,7,42.9,MIA,6.128571428571428,0.0,,1998-12-29,25.700205338809035,10,17.0,2024,<27,4+
00-0036358,CeeDee Lamb,WR,17,403.20000000000005,DAL,23.71764705882353,15.0,17.560000000000002,1999-04-08,25.426420260095824,0,2.0,2024,<30,0
00-0033040,Tyreek Hill,WR,16,376.4,MIA,23.525,17.0,12.835294117647058,1994-03-01,30.529774127310063,1,0.0,2024,30+,1-3
00-0036963,Amon-Ra St. Brown,WR,16,330.9,DET,20.68125,17.0,18.598823529411764,1999-10-24,24.88158795345654,1,0.0,2024,<30,1-3
00-0039075,Puka Nacua,WR,17,298.5,LA,17.558823529411764,11.0,18.78181818181818,2001-05-29,23.28542094455852,0,6.0,2024,<30,0
00-0035676,A.J. Brown,WR,17,289.6,PHI,17.03529411764706,13.0,16.684615384615384,1997-06-30,27.197809719370294,0,4.0,2024,<30,0
00-0034827,DJ Moore,WR,17,286.5,CHI,16.852941176470587,17.0,14.005882352941176,1997-04-14,27.408624229979466,0,0.0,2024,<30,0
00-0031408,Mike Evans,WR,17,282.5,TB,16.61764705882353,14.0,17.17142857142857,1993-08-21,31.055441478439427,0,3.0,2024,30+,0
00-0030279,Keenan Allen,WR,13,278.86,LAC,21.450769230769232,15.0,12.293333333333333,1992-04-27,32.37234770704997,4,2.0,2024,30+,4+
00-0031588,Stefon Diggs,WR,17,273.8,BUF,16.105882352941176,8.0,15.24,1993-11-29,30.781656399726216,0,9.0,2024,30+,0
00-0031381,Davante Adams,WR,17,265.4,LV,15.61176470588235,14.0,17.235714285714284,1992-12-24,31.71252566735113,0,3.0,2024,30+,0
00-0036900,Ja'Marr Chase,WR,16,262.72,CIN,16.42,17.0,23.705882352941178,2000-03-01,24.528405201916495,1,0.0,2024,<30,1-3
00-0036554,Nico Collins,WR,15,260.4,HOU,17.36,12.0,17.55,1999-03-19,25.481177275838466,2,5.0,2024,<30,1-3
00-0036252,Michael Pittman,WR,16,252.2,IND,15.7625,16.0,10.3625,1997-10-05,26.93223819301848,1,1.0,2024,<30,1-3
00-0036261,Brandon Aiyuk,WR,16,249.2,SF,15.575,7.0,8.914285714285715,1998-03-17,26.48596851471595,1,10.0,2024,<30,1-3
00-0035719,Deebo Samuel Sr.,WR,15,243.7,SF,16.246666666666666,15.0,10.373333333333333,1996-01-15,28.654346338124572,2,2.0,2024,<30,1-3
00-0037239,Chris Olave,WR,16,231.29999999999998,NO,14.456249999999999,8.0,9.5875,2000-06-27,24.205338809034906,1,9.0,2024,<30,1-3
00-0030035,Adam Thielen,WR,17,231.0,CAR,13.588235294117647,10.0,13.95,1990-08-22,34.053388090349074,0,7.0,2024,30+,0
00-0034837,Calvin Ridley,WR,17,229.9,JAX,13.523529411764706,17.0,11.71764705882353,1994-12-20,29.724845995893222,0,0.0,2024,<30,0
00-0036912,DeVonta Smith,WR,16,227.6,PHI,14.225,13.0,15.338461538461539,1998-11-14,25.82340862422998,1,4.0,2024,<30,1-3
00-0031544,Amari Cooper,WR,15,227.0,CLE,15.133333333333333,13.0,9.438461538461539,1994-06-17,30.234086242299796,2,4.0,2024,30+,1-3
00-0035640,DK Metcalf,WR,16,225.4,SEA,14.0875,15.0,12.746666666666666,1997-12-14,26.740588637919235,1,2.0,2024,<30,1-3
00-0030564,DeAndre Hopkins,WR,17,223.6,TEN,13.152941176470588,16.0,9.1875,1992-06-06,32.26283367556468,0,1.0,2024,30+,0
00-0038994,Jordan Addison,WR,17,221.3,MIN,13.01764705882353,15.0,14.166666666666666,2002-01-27,22.62012320328542,0,2.0,2024,<30,0
00-0034960,Jakobi Meyers,WR,16,218.58,LV,13.66125,15.0,14.533333333333333,1996-11-09,27.835728952772072,1,2.0,2024,<30,1-3
00-0039146,Jayden Reed,WR,16,217.2,GB,13.575,17.0,11.588235294117647,2000-04-28,24.369609856262834,1,0.0,2024,<30,1-3
00-0037740,Garrett Wilson,WR,17,213.2,NYJ,12.541176470588235,17.0,14.81764705882353,2000-07-22,24.136892539356605,0,0.0,2024,<30,0
00-0039067,Rashee Rice,WR,16,212.5,KC,13.28125,4.0,16.225,2000-04-22,24.386036960985628,1,13.0,2024,<30,1-3
00-0033921,Chris Godwin Jr.,WR,17,209.2,TB,12.305882352941175,7.0,19.685714285714287,1996-02-27,28.536618754277892,0,10.0,2024,<30,0
00-0037247,George Pickens,WR,17,208.8,PIT,12.282352941176471,14.0,11.742857142857144,2001-03-04,23.520876112251884,0,3.0,2024,<30,0
00-0039064,Zay Flowers,WR,16,206.4,BAL,12.9,17.0,12.323529411764707,2000-09-11,23.99726214921287,1,0.0,2024,<30,1-3
00-0035659,Terry McLaurin,WR,17,203.20000000000002,WAS,11.952941176470588,17.0,15.75294117647059,1995-09-15,28.98836413415469,0,0.0,2024,<30,0
00-0032211,Tyler Lockett,WR,17,202.4,SEA,11.905882352941177,17.0,7.117647058823529,1992-09-28,31.95071868583162,0,0.0,2024,30+,0
00-0036322,Justin Jefferson,WR,10,202.2,MIN,20.22,17.0,18.67529411764706,1999-06-16,25.23750855578371,7,0.0,2024,<30,4+
00-0036613,Jaylen Waddle,WR,14,198.6,MIA,14.185714285714285,15.0,9.973333333333333,1998-11-25,25.793292265571527,3,2.0,2024,<30,1-3
00-0034348,Courtland Sutton,WR,16,190.2,DEN,11.8875,16.0,15.01875,1995-10-10,28.919917864476385,1,1.0,2024,<30,1-3
00-0037816,Romeo Doubs,WR,17,174.4,GB,10.258823529411766,13.0,10.161538461538461,2000-04-13,24.410677618069816,0,4.0,2024,<30,0
00-0037238,Drake London,WR,16,174.38,ATL,10.89875,17.0,16.51764705882353,2001-07-24,23.132101300479125,1,0.0,2024,<30,1-3
00-0031236,Brandin Cooks,WR,16,173.2,DAL,10.825,10.0,6.959999999999999,1993-09-25,30.9596167008898,1,7.0,2024,30+,1-3
00-0038977,Tank Dell,WR,10,165.0,HOU,16.5,14.0,10.0,1999-10-29,24.867898699520875,7,3.0,2024,<30,4+
00-0033908,Cooper Kupp,WR,12,164.4,LA,13.700000000000001,12.0,14.583333333333334,1993-06-15,31.238877481177276,5,5.0,2024,30+,4+
00-0036196,Gabe Davis,WR,16,161.4,BUF,10.0875,10.0,5.39,1999-03-01,25.530458590006845,1,7.0,2024,<30,1-3
00-0037545,Rashid Shaheed,WR,15,157.6,NO,10.506666666666666,6.0,13.633333333333333,1998-08-31,26.028747433264886,2,11.0,2024,<30,1-3
00-0033282,Curtis Samuel,WR,16,157.2,WAS,9.825,14.0,4.55,1996-08-11,28.082135523613964,1,3.0,2024,<30,1-3
00-0038997,Josh Downs,WR,17,157.1,IND,9.241176470588234,14.0,13.107142857142858,2001-08-12,23.080082135523615,0,3.0,2024,<30,0
00-0035216,Diontae Johnson,WR,13,152.7,PIT,11.746153846153845,11.0,8.100000000000001,1996-07-05,28.18343600273785,4,6.0,2024,<30,4+
00-0035535,Darius Slayton,WR,17,151.0,NYG,8.882352941176471,16.0,6.875,1997-01-12,27.66050650239562,0,1.0,2024,<30,0
00-0034775,Christian Kirk,WR,12,150.26,JAX,12.521666666666667,8.0,8.8625,1996-11-18,27.811088295687885,5,9.0,2024,<30,4+
00-0038543,Jaxon Smith-Njigba,WR,17,149.8,SEA,8.811764705882354,17.0,14.882352941176471,2002-02-14,22.570841889117045,0,0.0,2024,<30,0
00-0033009,Tyler Boyd,WR,17,144.79999999999998,CIN,8.517647058823528,15.0,5.22,1994-11-15,29.82067077344285,0,2.0,2024,<30,0
00-0036407,Jerry Jeudy,WR,16,141.8,DEN,8.8625,17.0,14.170588235294119,1999-04-24,25.38261464750171,1,0.0,2024,<30,1-3
00-0036410,Tee Higgins,WR,12,137.6,CIN,11.466666666666667,12.0,18.508333333333333,1999-01-18,25.645448323066393,5,5.0,2024,<30,4+
00-0035662,Marquise Brown,WR,13,134.70000000000002,ARI,10.361538461538462,2.0,9.05,1997-06-04,27.26899383983573,4,15.0,2024,<30,4+
00-0038117,Wan'Dale Robinson,WR,15,133.2,NYG,8.879999999999999,17.0,10.747058823529413,2001-01-05,23.679671457905545,2,0.0,2024,<30,1-3
00-0036980,Elijah Moore,WR,16,132.1,CLE,8.25625,17.0,7.111764705882353,2000-03-27,24.45722108145106,1,0.0,2024,<30,1-3
00-0033943,Josh Reynolds,WR,16,128.8,DET,8.05,8.0,4.8,1995-02-16,29.56605065023956,1,9.0,2024,<30,1-3
00-0037741,Jahan Dotson,WR,17,124.8,WAS,7.341176470588235,14.0,2.992857142857143,2000-03-22,24.470910335386723,0,3.0,2024,<30,0
00-0036345,K.J. Osborn,WR,15,120.0,MIN,8.0,7.0,2.6714285714285713,1997-06-10,27.252566735112936,2,10.0,2024,<30,1-3
00-0038393,Dontayvion Wicks,WR,15,119.75999999999999,GB,7.983999999999999,17.0,6.5,2001-06-16,23.236139630390145,2,0.0,2024,<30,1-3
00-0034777,DJ Chark,WR,14,115.5,CAR,8.25,4.0,3.275,1996-09-23,27.964407939767284,3,13.0,2024,<30,1-3
00-0038559,Michael Wilson,WR,13,114.5,ARI,8.807692307692308,16.0,7.78125,2000-02-23,24.54757015742642,4,1.0,2024,<30,4+
00-0037261,Khalil Shakir,WR,16,113.1,BUF,7.06875,15.0,12.166666666666666,2000-02-03,24.602327173169062,1,2.0,2024,<30,1-3
00-0036849,Tutu Atwell,WR,14,112.39999999999999,LA,8.028571428571428,15.0,6.593333333333334,1999-10-07,24.928131416837783,3,2.0,2024,<30,1-3
00-0031235,Odell Beckham Jr.,WR,14,107.5,BAL,7.678571428571429,8.0,1.8125,1992-11-05,31.8466803559206,3,9.0,2024,30+,1-3
00-0038621,DeMario Douglas,WR,14,107.2,NE,7.6571428571428575,16.0,9.23125,2000-12-08,23.756331279945243,3,1.0,2024,<30,1-3
00-0036988,Josh Palmer,WR,10,106.7,LAC,10.67,15.0,7.16,1999-09-22,24.969199178644764,7,2.0,2024,<30,4+
00-0036936,Rondale Moore,WR,17,105.0,ARI,6.176470588235294,0.0,,2000-06-09,24.254620123203285,0,17.0,2024,<30,0
00-0033591,Noah Brown,WR,10,101.6,HOU,10.16,11.0,7.845454545454545,1996-01-06,28.67898699520876,7,6.0,2024,<30,4+
00-0038124,Christian Watson,WR,9,101.3,GB,11.255555555555555,14.0,7.521428571428571,1999-05-12,25.333333333333332,8,3.0,2024,<30,4+
00-0033307,Kendrick Bourne,WR,8,100.0,NE,12.5,12.0,5.425,1995-08-04,29.10335386721424,9,5.0,2024,<30,4+
00-0032464,Kalif Raymond,WR,17,97.4,DET,5.729411764705882,12.0,4.708333333333333,1994-08-08,30.091718001368925,0,5.0,2024,30+,0
00-0039065,Sam LaPorta,TE,17,239.3,DET,14.076470588235296,16.0,10.9125,2001-01-12,23.66050650239562,0,1.0,2024,all,0
00-0033881,Evan Engram,TE,17,230.29999999999998,JAX,13.547058823529412,9.0,9.944444444444445,1994-09-02,30.023271731690624,0,8.0,2024,all,0
00-0030506,Travis Kelce,TE,15,219.4,KC,14.626666666666667,16.0,12.2125,1989-10-05,34.93223819301848,2,1.0,2024,all,1-3
00-0035229,T.J. Hockenson,TE,15,219.0,MIN,14.6,10.0,8.65,1997-07-03,27.189596167008897,2,7.0,2024,all,1-3
00-0033288,George Kittle,TE,16,203.20000000000002,SF,12.700000000000001,15.0,15.773333333333333,1993-10-09,30.921286789869953,1,2.0,2024,all,1-3
00-0033885,David Njoku,TE,16,201.2,CLE,12.575,11.0,13.5,1996-07-10,28.16974674880219,1,6.0,2024,all,1-3
00-0037744,Trey McBride,TE,17,181.5,ARI,10.676470588235293,16.0,15.2375,1999-11-22,24.802190280629706,0,1.0,2024,all,0
00-0036290,Cole Kmet,TE,16,181.1,CHI,11.31875,16.0,7.525,1999-03-10,25.505817932922657,1,1.0,2024,all,1-3
00-0038041,Jake Ferguson,TE,17,177.1,DAL,10.41764705882353,14.0,7.457142857142857,1999-01-18,25.645448323066393,0,3.0,2024,all,0
00-0034383,Dalton Schultz,TE,15,150.5,HOU,10.033333333333333,17.0,6.952941176470588,1996-07-11,28.16700889801506,2,0.0,2024,all,1-3
00-0038933,Dalton Kincaid,TE,16,150.3,BUF,9.39375,13.0,7.753846153846154,1999-10-18,24.89801505817933,1,4.0,2024,all,1-3
00-0033357,Taysom Hill,TE,16,143.52,NO,8.97,8.0,12.7925,1990-08-23,34.050650239561946,1,9.0,2024,all,1-3
00-0036970,Kyle Pitts,TE,17,137.3,ATL,8.076470588235296,17.0,7.717647058823529,2000-10-06,23.928815879534564,0,0.0,2024,all,0
00-0034351,Dallas Goedert,TE,14,136.29999999999998,PHI,9.735714285714284,10.0,10.36,1995-01-03,29.686516084873375,3,7.0,2024,all,1-3
00-0034753,Mark Andrews,TE,10,135.4,BAL,13.540000000000001,17.0,11.105882352941178,1995-09-06,29.013004791238878,7,0.0,2024,all,4+
00-0031260,Logan Thomas,TE,16,126.8,WAS,7.925,0.0,,1991-07-01,33.19644079397673,1,17.0,2024,all,1-3
00-0033858,Jonnu Smith,TE,17,124.19999999999999,ATL,7.305882352941175,17.0,13.076470588235296,1995-08-22,29.05407255304586,0,0.0,2024,all,0
00-0034270,Tyler Conklin,TE,17,123.1,NYJ,7.241176470588235,16.0,7.61875,1995-07-30,29.117043121149898,0,1.0,2024,all,0
00-0033090,Hunter Henry,TE,13,119.9,NE,9.223076923076924,16.0,9.0875,1994-12-07,29.760438056125942,4,1.0,2024,all,4+
00-0038129,Cade Otton,TE,17,118.5,TB,6.970588235294118,14.0,10.042857142857143,1999-04-15,25.4072553045859,0,3.0,2024,all,0
00-0037809,Chig Okonkwo,TE,17,113.4,TEN,6.670588235294118,16.0,7.1000000000000005,1999-09-08,25.00752908966461,0,1.0,2024,all,0
00-0031610,Darren Waller,TE,12,113.2,NYG,9.433333333333334,0.0,,1992-09-13,31.991786447638603,5,17.0,2024,all,4+
00-0033895,Gerald Everett,TE,15,111.10000000000001,LAC,7.406666666666667,10.0,1.16,1994-06-25,30.21218343600274,2,7.0,2024,all,1-3
00-0033110,Tyler Higbee,TE,15,108.5,LA,7.233333333333333,3.0,8.866666666666667,1993-01-01,31.690622861054074,2,14.0,2024,all,1-3
00-0034857,Josh Allen,QB,17,392.64,BUF,23.09647058823529,16.0,23.69,1996-05-21,28.306639288158795,0,1.0,2024,all,0
00-0036389,Jalen Hurts,QB,17,356.82,PHI,20.98941176470588,15.0,21.008,1998-08-07,26.094455852156056,0,2.0,2024,all,0
00-0033077,Dak Prescott,QB,17,342.84000000000003,DAL,20.167058823529413,8.0,14.565,1993-07-29,31.11841204654346,0,9.0,2024,all,0
00-0034796,Lamar Jackson,QB,16,331.22,BAL,20.70125,17.0,25.316470588235294,1997-01-07,27.67419575633128,1,0.0,2024,all,1-3
00-0036264,Jordan Love,QB,17,319.06,GB,18.76823529411765,15.0,15.590666666666667,1998-11-02,25.856262833675565,0,2.0,2024,all,0
00-0037834,Brock Purdy,QB,16,295.6,SF,18.475,15.0,17.790666666666667,1999-12-27,24.706365503080082,1,2.0,2024,all,1-3
00-0033106,Jared Goff,QB,17,289.1,DET,17.00588235294118,17.0,19.085882352941177,1994-10-14,29.908281998631075,0,0.0,2024,all,0
00-0033873,Patrick Mahomes,QB,16,280.22,KC,17.51375,16.0,17.68875,1995-09-17,28.982888432580424,1,1.0,2024,all,1-3
00-0039163,C.J. Stroud,QB,15,276.02,HOU,18.401333333333334,17.0,12.963529411764705,2001-10-03,22.937713894592743,2,0.0,2024,all,1-3
00-0034855,Baker Mayfield,QB,17,274.06,TB,16.121176470588235,17.0,21.51764705882353,1995-04-14,29.409993155373034,0,0.0,2024,all,0
00-0036212,Tua Tagovailoa,QB,17,270.36,MIA,15.903529411764707,11.0,16.507272727272724,1998-03-02,26.527036276522928,0,6.0,2024,all,0
00-0036971,Trevor Lawrence,QB,16,262.54,JAX,16.40875,10.0,14.52,1999-10-06,24.930869267624914,1,7.0,2024,all,1-3
00-0037077,Sam Howell,QB,17,257.54,WAS,15.149411764705883,1.0,-0.84,2000-09-16,23.983572895277206,0,16.0,2024,all,0
00-0029263,Russell Wilson,QB,15,256.9,DEN,17.126666666666665,11.0,15.707272727272727,1988-11-29,35.780971937029435,2,6.0,2024,all,1-3
00-0026498,Matthew Stafford,QB,15,243.1,LA,16.206666666666667,16.0,13.41125,1988-02-07,36.591375770020534,2,1.0,2024,all,1-3
00-0031280,Derek Carr,QB,17,241.12,NO,14.183529411764706,10.0,15.09,1991-03-28,33.45653661875428,0,7.0,2024,all,0
00-0036355,Justin Herbert,QB,13,234.16,LAC,18.012307692307694,17.0,16.788235294117644,1998-03-10,26.50513347022587,4,0.0,2024,all,4+
00-0036945,Justin Fields,QB,13,230.17999999999998,CHI,17.706153846153846,10.0,11.914,1999-03-05,25.519507186858316,4,7.0,2024,all,4+
00-0030565,Geno Smith,QB,15,227.26,SEA,15.150666666666666,17.0,15.647058823529411,1990-10-10,33.9192334017796,2,0.0,2024,all,1-3
00-0033949,Joshua Dobbs,QB,13,200.66,MIN,15.435384615384615,2.0,15.419999999999998,1995-01-26,29.623545516769337,4,15.0,2024,all,4+
00-0035289,Gardner Minshew,QB,16,196.20000000000002,IND,12.262500000000001,10.0,9.632,1996-05-16,28.320328542094455,1,7.0,2024,all,1-3
00-0038122,Desmond Ridder,QB,15,177.14,ATL,11.809333333333333,5.0,4.384,1999-08-31,25.02943189596167,2,12.0,2024,all,1-3
00-0039150,Bryce Young,QB,16,156.38,CAR,9.77375,14.0,13.930000000000001,2001-07-25,23.129363449691994,1,3.0,2024,all,1-3
00-0029604,Kirk Cousins,QB,8,149.74,MIN,18.7175,14.0,12.594285714285714,1988-08-19,36.06023271731691,9,3.0,2024,all,4+
00-0039139,Jahmyr Gibbs,RB,17,362.9,DET,21.34705882352941,17.0,21.58235294117647,2002-03-20,23.477070499657767,0,0.0,2025,<27,0
00-0034844,Saquon Barkley,RB,16,355.3,PHI,22.20625,16.0,14.518749999999999,1997-02-09,28.583162217659137,1,1.0,2025,27-28,1-3
00-0038542,Bijan Robinson,RB,17,341.7,ATL,20.099999999999998,17.0,21.811764705882354,2002-01-30,23.61122518822724,0,0.0,2025,<27,0
00-0032764,Derrick Henry,RB,17,336.4,BAL,19.788235294117644,17.0,16.441176470588236,1994-01-04,31.682409308692677,0,0.0,2025,29+,0
00-0039040,De'Von Achane,RB,17,299.9,MIA,17.641176470588235,16.0,20.175,2001-10-13,23.90965092402464,0,1.0,2025,<27,0
00-0035700,Josh Jacobs,RB,17,293.1,GB,17.241176470588236,15.0,15.806666666666667,1998-02-11,27.578370978781656,0,2.0,2025,27-28,0
00-0037840,Kyren Williams,RB,16,272.1,LA,17.00625,17.0,15.488235294117647,2000-08-26,25.0403832991102,1,0.0,2025,<27,1-3
00-0037248,James Cook,RB,16,266.7,BUF,16.66875,17.0,17.776470588235295,1999-09-25,25.960301163586585,1,0.0,2025,<27,1-3
00-0033906,Alvin Kamara,RB,14,265.3,NO,18.95,11.0,9.154545454545454,1995-07-25,30.130047912388775,3,6.0,2025,29+,1-3
00-0038597,Chase Brown,RB,16,255.0,CIN,15.9375,17.0,16.623529411764707,2000-03-21,25.472963723477072,1,0.0,2025,<27,1-3
00-0033553,James Conner,RB,16,253.8,ARI,15.8625,3.0,11.1,1995-05-05,30.351813826146476,1,14.0,2025,29+,1-3
00-0036223,Jonathan Taylor,RB,14,244.7,IND,17.478571428571428,17.0,21.311764705882354,1999-01-19,26.642026009582477,3,0.0,2025,<27,1-3
00-0039361,Bucky Irving,RB,17,244.4,TB,14.376470588235295,10.0,13.85,2002-08-19,23.06091718001369,0,7.0,2025,<27,0
00-0033293,Aaron Jones,RB,17,241.6,MIN,14.211764705882352,12.0,9.891666666666667,1994-12-02,30.77344284736482,0,5.0,2025,29+,0
00-0036555,Chuba Hubbard,RB,15,241.6,CAR,16.106666666666666,15.0,8.36,1999-06-11,26.250513347022586,2,2.0,2025,<27,1-3
00-0038120,Breece Hall,RB,16,240.9,NYJ,15.05625,16.0,12.97875,2001-05-31,24.279260780287473,1,1.0,2025,<27,1-3
00-0033897,Joe Mixon,RB,14,240.5,HOU,17.178571428571427,0.0,,1996-07-24,29.130732375085557,3,17.0,2025,29+,1-3
00-0035685,David Montgomery,RB,14,221.72,DET,15.837142857142856,17.0,9.818823529411764,1997-06-07,28.26009582477755,3,0.0,2025,27-28,1-3
00-0036275,D'Andre Swift,RB,17,214.5,CHI,12.617647058823529,16.0,14.2875,1999-01-14,26.65571526351814,0,1.0,2025,<27,0
00-0036893,Najee Harris,RB,17,204.6,PIT,12.035294117647059,3.0,3.8666666666666667,1998-03-09,27.50718685831622,0,14.0,2025,27-28,0
00-0035261,Tony Pollard,RB,16,200.7,TEN,12.54375,17.0,10.929411764705883,1997-04-30,28.36413415468857,1,0.0,2025,27-28,1-3
00-0037256,Rachaad White,RB,15,199.6,TB,13.306666666666667,17.0,8.411764705882353,1999-01-12,26.661190965092402,2,0.0,2025,<27,1-3
00-0036139,Rico Dowdle,RB,16,197.8,DAL,12.3625,17.0,12.723529411764707,1998-06-14,27.241615331964407,1,0.0,2025,27-28,1-3
00-0036158,J.K. Dobbins,RB,13,191.79999999999998,LAC,14.753846153846153,10.0,11.59,1998-12-17,26.732375085557837,4,7.0,2025,<27,4+
00-0039165,Zach Charbonnet,RB,17,186.9,SEA,10.994117647058824,16.0,11.3375,2001-01-08,24.670773442847366,0,1.0,2025,<27,0
00-0039384,Tyrone Tracy Jr.,RB,17,182.3,NYG,10.723529411764707,15.0,10.72,1999-11-23,25.79876796714579,0,2.0,2025,<27,0
00-0038134,Kenneth Walker III,RB,11,181.2,SEA,16.472727272727273,17.0,11.288235294117648,2000-10-20,24.889801505817932,6,0.0,2025,<27,4+
00-0036875,Rhamondre Stevenson,RB,15,175.9,NE,11.726666666666667,14.0,12.771428571428572,1998-02-23,27.54551676933607,2,3.0,2025,27-28,1-3
00-0037746,Brian Robinson,RB,14,159.79999999999998,WAS,11.414285714285713,17.0,3.676470588235294,1999-03-22,26.472279260780287,3,0.0,2025,<27,1-3
00-0036997,Javonte Williams,RB,17,157.9,DEN,9.288235294117648,16.0,15.175,2000-04-25,25.377138945927445,0,1.0,2025,<27,0
00-0033923,Kareem Hunt,RB,13,155.4,KC,11.953846153846154,17.0,8.552941176470588,1995-08-06,30.09719370294319,4,0.0,2025,29+,4+
00-0034972,Alexander Mattison,RB,14,137.4,LV,9.814285714285715,0.0,,1998-06-19,27.227926078028748,3,17.0,2025,27-28,1-3
00-0037267,Jerome Ford,RB,14,134.0,CLE,9.571428571428571,13.0,3.353846153846154,1999-09-12,25.9958932238193,3,4.0,2025,<27,1-3
00-0033699,Austin Ekeler,RB,12,132.3,WAS,11.025,2.0,6.55,1995-05-17,30.31895961670089,5,15.0,2025,29+,4+
00-0036973,Travis Etienne,RB,15,130.2,JAX,8.68,17.0,14.935294117647059,1999-01-26,26.622861054072555,2,0.0,2025,<27,1-3
00-0038555,Tank Bigsby,RB,16,129.0,JAX,8.0625,15.0,3.5866666666666664,2002-08-30,23.030800821355236,1,2.0,2025,<27,1-3
00-0034975,Justice Hill,RB,15,127.10000000000001,BAL,8.473333333333334,10.0,6.5200000000000005,1997-11-14,27.822039698836413,2,7.0,2025,27-28,1-3
00-0032104,Ameer Abdullah,RB,15,125.2,LV,8.346666666666668,13.0,2.9153846153846152,1993-06-13,32.24366872005476,2,4.0,2025,29+,1-3
00-0037228,Jaylen Warren,RB,15,124.1,PIT,8.273333333333333,16.0,13.56875,1998-11-01,26.858316221765914,2,1.0,2025,<27,1-3
00-0039875,Ray Davis,RB,17,116.1,BUF,6.829411764705882,17.0,3.770588235294117,1999-11-20,25.806981519507186,0,0.0,2025,<27,0
00-0037525,Jordan Mason,RB,12,115.0,SF,9.583333333333334,16.0,8.05625,1999-05-24,26.299794661190965,5,1.0,2025,<27,4+
00-0039032,Tyjae Spears,RB,12,113.6,TEN,9.466666666666667,13.0,8.592307692307692,2001-06-15,24.238193018480494,5,4.0,2025,<27,4+
00-0037263,Tyler Allgeier,RB,17,106.2,ATL,6.247058823529412,17.0,7.235294117647059,2000-04-15,25.404517453798768,0,0.0,2025,<27,0
00-0036328,Antonio Gibson,RB,17,103.4,NE,6.082352941176471,5.0,4.640000000000001,1998-06-23,27.21697467488022,0,12.0,2025,27-28,0
00-0038794,Jaleel McLaughlin,RB,16,97.2,DEN,6.075,8.0,3.925,2000-09-13,24.99110198494182,1,9.0,2025,<27,1-3
00-0035250,Devin Singletary,RB,15,96.6,NYG,6.4399999999999995,17.0,6.3999999999999995,1997-09-03,28.019164955509925,2,0.0,2025,27-28,1-3
00-0039363,Isaac Guerendo,RB,16,96.2,SF,6.0125,7.0,0.0,2000-06-28,25.201916495550993,1,10.0,2025,<27,1-3
00-0038797,Emanuel Wilson,RB,17,96.0,GB,5.647058823529412,17.0,5.5588235294117645,1999-05-08,26.34360027378508,0,0.0,2025,<27,0
00-0036414,Cam Akers,RB,16,93.2,MIN,5.825,4.0,1.7950000000000002,1999-06-22,26.220396988364133,1,13.0,2025,<27,1-3
00-0035537,Ty Johnson,RB,17,91.7,BUF,5.394117647058824,17.0,5.8999999999999995,1997-09-17,27.980835044490075,0,0.0,2025,27-28,0
00-0039794,Braelon Allen,RB,17,85.2,NYJ,5.011764705882353,4.0,3.825,2004-01-20,21.639972621492127,0,13.0,2025,<27,0
00-0036251,Zack Moss,RB,8,81.9,CIN,10.2375,0.0,,1997-12-15,27.737166324435318,9,17.0,2025,27-28,4+
00-0033526,Samaje Perine,RB,17,81.4,KC,4.788235294117648,15.0,5.193333333333333,1995-09-16,29.984941820670773,0,2.0,2025,29+,0
00-0039021,Roschon Johnson,RB,13,77.39999999999999,CHI,5.953846153846153,6.0,0.2833333333333334,2001-01-31,24.607802874743328,4,11.0,2025,<27,4+
00-0035243,Miles Sanders,RB,11,77.3,CAR,7.027272727272727,4.0,6.675000000000001,1997-05-01,28.361396303901437,6,13.0,2025,27-28,4+
00-0031687,Raheem Mostert,RB,13,70.9,MIA,5.453846153846154,12.0,2.4499999999999997,1992-04-09,33.42094455852156,4,5.0,2025,29+,4+
00-0038951,Sean Tucker,RB,17,68.7,TB,4.041176470588235,17.0,5.376470588235295,2001-10-25,23.876796714579054,0,0.0,2025,<27,0
00-0034184,Gus Edwards,RB,11,64.1,LAC,5.827272727272727,0.0,,1995-04-13,30.412046543463383,6,17.0,2025,29+,4+
00-0033955,Jeremy McNichols,RB,15,63.800000000000004,WAS,4.253333333333334,16.0,4.54375,1995-12-26,29.70841889117043,2,1.0,2025,29+,1-3
00-0034791,Nick Chubb,RB,8,63.3,CLE,7.9125,15.0,5.886666666666667,1995-12-27,29.7056810403833,9,2.0,2025,29+,4+
00-0036919,Kenny Gainwell,RB,17,62.6,PHI,3.682352941176471,17.0,13.01764705882353,1999-03-14,26.494182067077343,0,0.0,2025,<27,0
00-0033045,Ezekiel Elliott,RB,15,57.5,DAL,3.8333333333333335,0.0,,1995-07-22,30.138261464750173,2,17.0,2025,29+,1-3
00-0037197,Isiah Pacheco,RB,7,56.900000000000006,KC,8.12857142857143,13.0,6.7153846153846155,1999-03-02,26.527036276522928,10,4.0,2025,<27,4+
00-0033854,Dare Ogunbowale,RB,16,56.0,HOU,3.5,14.0,1.7214285714285715,1994-05-04,31.353867214236825,1,3.0,2025,29+,1-3
00-0038705,Emari Demercado,RB,13,54.699999999999996,ARI,4.207692307692307,12.0,4.858333333333333,1999-01-20,26.639288158795345,4,5.0,2025,<27,4+
00-0036984,Trey Sermon,RB,15,53.800000000000004,IND,3.586666666666667,3.0,0.0,1999-01-30,26.611909650924023,2,14.0,2025,<27,1-3
00-0039373,Audric Estimé,RB,13,48.7,DEN,3.746153846153846,5.0,9.620000000000001,2003-09-06,22.012320328542096,4,12.0,2025,<27,4+
00-0039921,Trey Benson,RB,12,47.0,ARI,3.9166666666666665,4.0,8.85,2002-07-23,23.134839151266256,5,13.0,2025,<27,4+
00-0039798,Isaiah Davis,RB,13,45.9,NYJ,3.5307692307692307,16.0,4.45,2002-02-21,23.550992470910334,4,1.0,2025,<27,4+
00-0037120,Tyler Goodson,RB,14,44.4,IND,3.1714285714285713,10.0,0.52,2000-11-10,24.83230663928816,3,7.0,2025,<27,1-3
00-0036900,Ja'Marr Chase,WR,17,403.0,CIN,23.705882352941178,16.0,19.6,2000-03-01,25.527720739219713,0,1.0,2025,<30,0
00-0036322,Justin Jefferson,WR,17,317.48,MIN,18.67529411764706,17.0,11.852941176470589,1999-06-16,26.236824093086927,0,0.0,2025,<30,0
00-0036963,Amon-Ra St. Brown,WR,17,316.18,DET,18.598823529411764,17.0,19.058823529411764,1999-10-24,25.880903490759753,0,0.0,2025,<30,0
00-0039893,Brian Thomas Jr.,WR,17,284.0,JAX,16.705882352941178,14.0,9.914285714285715,2002-10-08,22.924024640657084,0,3.0,2025,<30,0
00-0037238,Drake London,WR,17,280.8,ATL,16.51764705882353,12.0,16.825,2001-07-24,24.13141683778234,0,5.0,2025,<30,0
00-0039337,Malik Nabers,WR,15,273.6,NYG,18.240000000000002,4.0,14.275,2003-07-28,22.12183436002738,2,13.0,2025,<30,1-3
00-0035659,Terry McLaurin,WR,17,267.8,WAS,15.75294117647059,10.0,11.42,1995-09-15,29.987679671457904,0,7.0,2025,<30,0
00-0036358,CeeDee Lamb,WR,15,263.40000000000003,DAL,17.560000000000002,13.0,15.453846153846154,1999-04-08,26.425735797399042,2,4.0,2025,<30,1-3
00-0038543,Jaxon Smith-Njigba,WR,17,253.0,SEA,14.882352941176471,17.0,21.170588235294115,2002-02-14,23.57015742642026,0,0.0,2025,<30,0
00-0037740,Garrett Wilson,WR,17,251.9,NYJ,14.81764705882353,7.0,14.214285714285714,2000-07-22,25.136208076659823,0,10.0,2025,<30,0
00-0031381,Davante Adams,WR,14,241.29999999999998,NYJ,17.235714285714284,14.0,15.921428571428573,1992-12-24,32.71184120465435,3,3.0,2025,30+,1-3
00-0039915,Ladd McConkey,WR,16,240.9,LAC,15.05625,16.0,11.30625,2001-11-11,23.83025325119781,1,1.0,2025,<30,1-3
00-0036407,Jerry Jeudy,WR,17,240.9,CLE,14.170588235294119,17.0,7.1000000000000005,1999-04-24,26.38193018480493,0,0.0,2025,<30,0
00-0031408,Mike Evans,WR,14,240.4,TB,17.17142857142857,8.0,10.6,1993-08-21,32.054757015742645,3,9.0,2025,30+,1-3
00-0034348,Courtland Sutton,WR,16,240.3,DEN,15.01875,17.0,12.923529411764704,1995-10-10,29.919233401779604,1,0.0,2025,<30,1-3
00-0034827,DJ Moore,WR,17,238.1,CHI,14.005882352941176,17.0,10.128235294117648,1997-04-14,28.407939767282684,0,0.0,2025,<30,0
00-0036410,Tee Higgins,WR,12,222.1,CIN,18.508333333333333,15.0,14.106666666666666,1999-01-18,26.64476386036961,5,2.0,2025,<30,4+
00-0033040,Tyreek Hill,WR,17,218.2,MIA,12.835294117647058,4.0,13.375,1994-03-01,31.529089664613277,0,13.0,2025,30+,0
00-0034960,Jakobi Meyers,WR,15,218.0,LV,14.533333333333333,16.0,10.9875,1996-11-09,28.83504449007529,2,1.0,2025,<30,1-3
00-0035676,A.J. Brown,WR,13,216.9,PHI,16.684615384615384,15.0,14.686666666666667,1997-06-30,28.197125256673512,4,2.0,2025,<30,4+
00-0038994,Jordan Addison,WR,15,212.5,MIN,14.166666666666666,14.0,9.65,2002-01-27,23.619438740588638,2,3.0,2025,<30,1-3
00-0037240,Jameson Williams,WR,15,212.2,DET,14.146666666666667,17.0,12.935294117647059,2001-03-26,24.459958932238195,2,0.0,2025,<30,1-3
00-0036554,Nico Collins,WR,12,210.6,HOU,17.55,15.0,15.08,1999-03-19,26.480492813141684,5,2.0,2025,<30,4+
00-0036259,Jauan Jennings,WR,15,210.5,SF,14.033333333333333,15.0,11.553333333333335,1997-07-10,28.16974674880219,2,2.0,2025,<30,1-3
00-0039064,Zay Flowers,WR,17,209.5,BAL,12.323529411764707,17.0,14.311764705882354,2000-09-11,24.996577686516083,0,0.0,2025,<30,0
00-0039075,Puka Nacua,WR,11,206.6,LA,18.78181818181818,16.0,23.4375,2001-05-29,24.28473648186174,6,1.0,2025,<30,4+
00-0036912,DeVonta Smith,WR,13,199.4,PHI,15.338461538461539,17.0,11.870588235294116,1998-11-14,26.822724161533195,4,0.0,2025,<30,4+
00-0034837,Calvin Ridley,WR,17,199.20000000000002,TEN,11.71764705882353,7.0,6.757142857142857,1994-12-20,30.72416153319644,0,10.0,2025,30+,0
00-0039146,Jayden Reed,WR,17,197.0,GB,11.588235294117647,5.0,9.7,2000-04-28,25.36892539356605,0,12.0,2025,<30,0
00-0039849,Marvin Harrison Jr.,WR,17,196.5,ARI,11.558823529411764,12.0,10.65,2002-08-11,23.082819986310746,0,5.0,2025,<30,0
00-0036309,Darnell Mooney,WR,16,193.2,ATL,12.075,15.0,5.486666666666666,1997-10-29,27.865845311430526,1,2.0,2025,<30,1-3
00-0035640,DK Metcalf,WR,15,191.2,SEA,12.746666666666666,15.0,12.479999999999999,1997-12-14,27.73990417522245,2,2.0,2025,<30,1-3
00-0039894,Xavier Worthy,WR,16,187.2,KC,11.7,14.0,7.8500000000000005,2003-04-27,22.373716632443532,1,3.0,2025,<30,1-3
00-0030279,Keenan Allen,WR,15,184.4,CHI,12.293333333333333,17.0,10.74705882352941,1992-04-27,33.37166324435318,2,0.0,2025,30+,1-3
00-0038997,Josh Downs,WR,14,183.5,IND,13.107142857142858,16.0,8.65,2001-08-12,24.079397672826833,3,1.0,2025,<30,1-3
00-0038117,Wan'Dale Robinson,WR,17,182.70000000000002,NYG,10.747058823529413,16.0,13.618749999999999,2001-01-05,24.67898699520876,0,1.0,2025,<30,0
00-0037261,Khalil Shakir,WR,15,182.5,BUF,12.166666666666666,16.0,10.4,2000-02-03,25.60164271047228,2,1.0,2025,<30,1-3
00-0033908,Cooper Kupp,WR,12,175.0,LA,14.583333333333334,16.0,7.26875,1993-06-15,32.238193018480494,5,1.0,2025,30+,4+
00-0038544,Quentin Johnston,WR,15,174.70000000000002,LAC,11.646666666666668,13.0,13.169230769230769,2001-09-06,24.01095140314853,2,4.0,2025,<30,1-3
00-0036550,Rashod Bateman,WR,16,174.60000000000002,BAL,10.912500000000001,13.0,4.2615384615384615,1999-11-29,25.782340862423,1,4.0,2025,<30,1-3
00-0036252,Michael Pittman,WR,16,165.8,IND,10.3625,17.0,11.905882352941177,1997-10-05,27.9315537303217,1,0.0,2025,<30,1-3
00-0037247,George Pickens,WR,14,164.4,PIT,11.742857142857144,17.0,17.170588235294115,2001-03-04,24.520191649555098,3,0.0,2025,<30,1-3
00-0037664,Alec Pierce,WR,16,161.4,IND,10.0875,15.0,12.22,2000-05-02,25.357973990417523,1,2.0,2025,<30,1-3
00-0035719,Deebo Samuel Sr.,WR,15,155.6,SF,10.373333333333333,16.0,11.7625,1996-01-15,29.65366187542779,2,1.0,2025,<30,1-3
00-0037666,Jalen Tolbert,WR,17,152.0,DAL,8.941176470588236,12.0,3.858333333333333,1999-02-27,26.535249828884325,0,5.0,2025,<30,0
00-0036613,Jaylen Waddle,WR,15,149.6,MIA,9.973333333333333,16.0,12.1325,1998-11-25,26.792607802874745,2,1.0,2025,<30,1-3
00-0038621,DeMario Douglas,WR,16,147.7,NE,9.23125,16.0,5.9875,2000-12-08,24.75564681724846,1,1.0,2025,<30,1-3
00-0030564,DeAndre Hopkins,WR,16,147.0,KC,9.1875,17.0,3.9411764705882355,1992-06-06,33.2621492128679,1,0.0,2025,30+,1-3
00-0039919,Rome Odunze,WR,17,144.9,CHI,8.523529411764706,12.0,12.174999999999999,2002-06-03,23.27173169062286,0,5.0,2025,<30,0
00-0034407,Ray-Ray McCloud,WR,17,142.5,ATL,8.382352941176471,6.0,2.316666666666667,1996-10-15,28.903490759753595,0,11.0,2025,<30,0
00-0038977,Tank Dell,WR,14,140.0,HOU,10.0,0.0,,1999-10-29,25.867214236824093,3,17.0,2025,<30,1-3
00-0030035,Adam Thielen,WR,10,139.5,CAR,13.95,14.0,2.8285714285714287,1990-08-22,35.05270362765229,7,3.0,2025,30+,4+
00-0033921,Chris Godwin Jr.,WR,7,137.8,TB,19.685714285714287,9.0,9.222222222222221,1996-02-27,29.53593429158111,10,8.0,2025,<30,4+
00-0036182,Nick Westbrook-Ikhine,WR,14,135.7,TEN,9.692857142857141,13.0,1.5307692307692307,1997-03-21,28.473648186173854,3,4.0,2025,<30,1-3
00-0039855,Jalen McMillan,WR,13,135.4,TB,10.415384615384616,4.0,7.475,2001-12-07,23.759069130732374,4,13.0,2025,<30,4+
00-0037816,Romeo Doubs,WR,13,132.1,GB,10.161538461538461,16.0,10.3375,2000-04-13,25.409993155373034,4,1.0,2025,<30,4+
00-0038976,Marvin Mims Jr.,WR,17,129.5,DEN,7.617647058823529,15.0,6.333333333333333,2002-03-19,23.479808350444902,0,2.0,2025,<30,0
00-0038563,Tre Tucker,WR,17,129.3,LV,7.605882352941177,17.0,9.511764705882353,2001-03-08,24.50924024640657,0,0.0,2025,<30,0
00-0034521,Allen Lazard,WR,12,126.0,NYJ,10.5,9.0,2.5555555555555554,1995-12-11,29.749486652977414,5,8.0,2025,<30,4+
00-0039342,Xavier Legette,WR,15,125.10000000000001,CAR,8.34,15.0,5.953333333333333,2001-01-29,24.61327857631759,2,2.0,2025,<30,1-3
00-0038559,Michael Wilson,WR,16,124.5,ARI,7.78125,17.0,12.976470588235294,2000-02-23,25.54688569472964,1,0.0,2025,<30,1-3
00-0032775,Demarcus Robinson,WR,17,123.5,LA,7.264705882352941,14.0,4.1571428571428575,1994-09-21,30.97056810403833,0,3.0,2025,30+,0
00-0031544,Amari Cooper,WR,13,122.7,BUF,9.438461538461539,0.0,,1994-06-17,31.23340177960301,4,17.0,2025,30+,4+
00-0031588,Stefon Diggs,WR,8,121.92,HOU,15.24,17.0,12.370588235294118,1993-11-29,31.78097193702943,9,0.0,2025,30+,4+
00-0038608,Kayshon Boutte,WR,15,121.9,NE,8.126666666666667,14.0,8.864285714285714,2002-05-07,23.345653661875428,2,3.0,2025,<30,1-3
00-0032211,Tyler Lockett,WR,17,121.0,SEA,7.117647058823529,17.0,3.9470588235294115,1992-09-28,32.95003422313484,0,0.0,2025,30+,0
00-0036980,Elijah Moore,WR,17,120.9,CLE,7.111764705882353,9.0,3.1777777777777776,2000-03-27,25.456536618754278,0,8.0,2025,<30,0
00-0037837,Calvin Austin III,WR,17,120.8,PIT,7.105882352941176,14.0,6.1571428571428575,1999-03-24,26.466803559206024,0,3.0,2025,<30,0
00-0038619,Andrei Iosivas,WR,17,119.9,CIN,7.052941176470589,15.0,5.993333333333334,1999-10-15,25.905544147843944,0,2.0,2025,<30,0
00-0035208,Olamide Zaccheaus,WR,16,114.4,WAS,7.15,14.0,6.057142857142857,1997-07-23,28.134154688569474,1,3.0,2025,<30,1-3
00-0039338,Brock Bowers,TE,17,262.7,LV,15.452941176470588,12.0,14.683333333333332,2002-12-13,22.743326488706366,0,5.0,2025,all,0
00-0037744,Trey McBride,TE,16,243.8,ARI,15.2375,17.0,18.58235294117647,1999-11-22,25.801505817932924,1,0.0,2025,all,1-3
00-0033288,George Kittle,TE,15,236.6,SF,15.773333333333333,11.0,14.681818181818182,1993-10-09,31.920602327173167,2,6.0,2025,all,1-3
00-0033858,Jonnu Smith,TE,17,222.3,MIA,13.076470588235296,17.0,5.011764705882353,1995-08-22,30.053388090349078,0,0.0,2025,all,0
00-0030506,Travis Kelce,TE,16,195.4,KC,12.2125,17.0,11.36470588235294,1989-10-05,35.931553730321696,1,0.0,2025,all,1-3
00-0034753,Mark Andrews,TE,17,188.8,BAL,11.105882352941178,17.0,7.705882352941177,1995-09-06,30.012320328542096,0,0.0,2025,all,0
00-0030061,Zach Ertz,TE,17,177.4,WAS,10.435294117647059,13.0,9.723076923076922,1990-11-10,34.83367556468173,0,4.0,2025,all,0
00-0039065,Sam LaPorta,TE,16,174.6,DET,10.9125,9.0,11.877777777777778,2001-01-12,24.659822039698838,1,8.0,2025,all,1-3
00-0036894,Pat Freiermuth,TE,17,170.3,PIT,10.01764705882353,15.0,7.573333333333334,1998-10-25,26.87748117727584,0,2.0,2025,all,0
00-0038996,Tucker Kraft,TE,17,163.3,GB,9.605882352941178,8.0,14.649999999999999,2000-11-03,24.851471594798085,0,9.0,2025,all,0
00-0033885,David Njoku,TE,11,148.5,CLE,13.5,11.0,7.845454545454545,1996-07-10,29.169062286105408,6,6.0,2025,all,4+
00-0033090,Hunter Henry,TE,16,145.4,NE,9.0875,17.0,10.51764705882353,1994-12-07,30.759753593429156,1,0.0,2025,all,1-3
00-0034829,Mike Gesicki,TE,16,141.5,CIN,8.84375,12.0,5.891666666666667,1995-10-03,29.93839835728953,1,5.0,2025,all,1-3
00-0038129,Cade Otton,TE,14,140.6,TB,10.042857142857143,15.0,8.146666666666667,1999-04-15,26.406570841889117,3,2.0,2025,all,1-3
00-0036970,Kyle Pitts,TE,17,131.2,ATL,7.717647058823529,17.0,12.4,2000-10-06,24.928131416837783,0,0.0,2025,all,0
00-0037838,Isaiah Likely,TE,15,123.7,BAL,8.246666666666666,12.0,5.141666666666667,2000-04-18,25.39630390143737,2,5.0,2025,all,1-3
00-0036040,Juwan Johnson,TE,15,122.8,NO,8.186666666666666,17.0,10.58235294117647,1996-09-13,28.99110198494182,2,0.0,2025,all,1-3
00-0034270,Tyler Conklin,TE,16,121.9,NYJ,7.61875,6.0,2.8833333333333333,1995-07-30,30.116358658453116,1,11.0,2025,all,1-3
00-0036290,Cole Kmet,TE,16,120.4,CHI,7.525,16.0,4.91875,1999-03-10,26.50513347022587,1,1.0,2025,all,1-3
00-0034383,Dalton Schultz,TE,17,118.2,HOU,6.952941176470588,17.0,10.452941176470588,1996-07-11,29.166324435318277,0,0.0,2025,all,0
00-0037809,Chig Okonkwo,TE,16,113.60000000000001,TEN,7.1000000000000005,17.0,7.294117647058823,1999-09-08,26.00684462696783,1,0.0,2025,all,1-3
00-0036637,Noah Gray,TE,16,113.3,KC,7.08125,14.0,2.7714285714285714,1999-04-30,26.365503080082135,1,3.0,2025,all,1-3
00-0034159,Will Dissly,TE,15,110.1,LAC,7.34,8.0,2.5875,1996-07-08,29.17453798767967,2,9.0,2025,all,1-3
00-0032392,Austin Hooper,TE,17,108.6,NE,6.388235294117647,13.0,4.561538461538461,1994-10-29,30.86652977412731,0,4.0,2025,all,0
00-0034796,Lamar Jackson,QB,17,430.38,BAL,25.316470588235294,13.0,16.52769230769231,1997-01-07,28.673511293634498,0,4.0,2025,all,0
00-0034857,Josh Allen,QB,16,379.04,BUF,23.69,16.0,22.78875,1996-05-21,29.305954825462013,1,1.0,2025,all,1-3
00-0036442,Joe Burrow,QB,17,372.82,CIN,21.930588235294117,8.0,16.8075,1996-12-10,28.750171115674195,0,9.0,2025,all,0
00-0034855,Baker Mayfield,QB,17,365.8,TB,21.51764705882353,17.0,15.99529411764706,1995-04-14,30.409308692676248,0,0.0,2025,all,0
00-0039910,Jayden Daniels,QB,17,355.82,WAS,20.930588235294117,7.0,16.325714285714287,2000-12-18,24.72826830937714,0,10.0,2025,all,0
00-0033106,Jared Goff,QB,17,324.46,DET,19.085882352941177,17.0,17.474117647058822,1994-10-14,30.90759753593429,0,0.0,2025,all,0
00-0039732,Bo Nix,QB,17,317.2,DEN,18.658823529411762,17.0,17.93176470588235,2000-02-25,25.541409993155373,0,0.0,2025,all,0
00-0036389,Jalen Hurts,QB,15,315.12,PHI,21.008,16.0,18.81625,1998-08-07,27.093771389459274,2,1.0,2025,all,1-3
00-0034869,Sam Darnold,QB,17,307.96,MIN,18.115294117647057,17.0,13.848235294117648,1997-06-05,28.265571526351813,0,0.0,2025,all,0
00-0035228,Kyler Murray,QB,17,297.24,ARI,17.48470588235294,5.0,15.556000000000001,1997-08-07,28.093086926762492,0,12.0,2025,all,0
00-0036355,Justin Herbert,QB,17,285.4,LAC,16.788235294117644,16.0,17.93,1998-03-10,27.50444900752909,0,1.0,2025,all,0
00-0033873,Patrick Mahomes,QB,16,283.02,KC,17.68875,14.0,20.405714285714286,1995-09-17,29.982203969883642,1,3.0,2025,all,1-3
00-0037834,Brock Purdy,QB,15,266.86,SF,17.790666666666667,9.0,19.70888888888889,1999-12-27,25.7056810403833,2,8.0,2025,all,1-3
00-0030565,Geno Smith,QB,17,266.0,SEA,15.647058823529411,15.0,11.593333333333334,1990-10-10,34.91854893908282,0,2.0,2025,all,0
00-0023459,Aaron Rodgers,QB,17,256.58,NYJ,15.092941176470587,16.0,14.1925,1983-12-02,41.7741273100616,0,1.0,2025,all,0
00-0039918,Caleb Williams,QB,17,254.54,CHI,14.972941176470588,17.0,18.745882352941177,2001-11-18,23.811088295687885,0,0.0,2025,all,0
00-0036264,Jordan Love,QB,15,233.86,GB,15.590666666666667,15.0,15.676,1998-11-02,26.855578370978783,2,2.0,2025,all,1-3
00-0039163,C.J. Stroud,QB,17,220.38,HOU,12.963529411764705,14.0,14.895714285714286,2001-10-03,23.93702943189596,0,3.0,2025,all,0
00-0026498,Matthew Stafford,QB,16,214.58,LA,13.41125,17.0,20.610588235294117,1988-02-07,37.59069130732375,1,0.0,2025,all,1-3
00-0039150,Bryce Young,QB,14,195.02,CAR,13.930000000000001,16.0,13.6275,2001-07-25,24.128678986995208,3,1.0,2025,all,1-3
00-0036212,Tua Tagovailoa,QB,11,181.57999999999998,MIA,16.507272727272724,14.0,11.478571428571428,1998-03-02,27.526351813826146,6,3.0,2025,all,4+
00-0039851,Drake Maye,QB,13,177.14000000000001,NE,13.626153846153848,17.0,20.703529411764706,2002-08-30,23.030800821355236,4,0.0,2025,all,4+
00-0029604,Kirk Cousins,QB,14,176.32,ATL,12.594285714285714,10.0,10.354,1988-08-19,37.059548254620125,3,7.0,2025,all,1-3
00-0029263,Russell Wilson,QB,11,172.78,PIT,15.707272727272727,6.0,8.306666666666667,1988-11-29,36.780287474332646,6,11.0,2025,all,4+
