player,pos,mean,sd,exp_missed,avail,vor,score
Jahmyr Gibbs,RB,22.366547248801385,14.447827029776933,3.63,16.755175247852094,9.195775247852094,9.195775247852094
Ja'Marr Chase,WR,22.087027600954386,10.875017241365644,3.4,17.409774697222872,9.193546457640641,9.193546457640641
Bijan Robinson,RB,21.90078593905056,10.965567767817053,3.63,16.40626523140052,8.846865231400521,8.846865231400521
Puka Nacua,WR,21.09473171405348,11.20951232956486,4.2,16.13126542839384,7.915037188811608,7.915037188811608
Jaxon Smith-Njigba,WR,19.579732442482367,8.015201549702475,2.92,15.709855912674088,7.493627673091858,7.493627673091858
Amon-Ra St. Brown,WR,19.12343260053475,11.612768707712368,2.92,15.343742392429057,7.127514152846826,7.127514152846826
Christian McCaffrey,RB,21.49700985390029,8.799185289826887,6.59,14.232285053273399,6.672885053273399,6.672885053273399
Jonathan Taylor,RB,19.690076512319003,13.414322350295864,5.02,13.945207129901224,6.385807129901224,6.385807129901224
James Cook III,RB,18.556294962739226,10.193510046045159,4.52,13.415109711297946,5.855709711297946,5.855709711297946
Trey McBride,TE,16.761247781631727,8.934689500513615,3.11,13.256175083766975,5.553486522618428,5.553486522618428
Chase Brown,RB,17.435469312788225,7.492707238689224,3.63,13.061217746962237,5.501817746962237,5.501817746962237
De'Von Achane,RB,17.04634009035961,7.646480671960577,4.62,12.27336486505892,4.713964865058919,4.713964865058919
George Pickens,WR,15.93215560022768,10.493036906892671,2.92,12.783211905123856,4.566983665541626,4.566983665541626
CeeDee Lamb,WR,17.269697166141043,6.771281740575886,5.4799999999999995,12.556085704323722,4.339857464741492,4.339857464741492
Justin Jefferson,WR,15.776746513399805,6.352408065867158,3.2199999999999998,12.519312380339024,4.303084140756793,4.303084140756793
Drake London,WR,17.367526700017354,12.335791114648561,5.9799999999999995,12.371808725718246,4.1555804861360155,4.1555804861360155
Kyren Williams,RB,15.548446473369705,6.172871150064135,3.63,11.647615637550775,4.088215637550775,4.088215637550775
Josh Allen,QB,27.038056254034043,12.481245597562234,3.65,21.03401729174119,4.048812959991494,4.048812959991494
Nico Collins,WR,15.86614238054812,6.888935227698731,4.1,12.179597533303117,3.963369293720886,3.963369293720886
Chris Olave,WR,15.505138495375128,8.503685475525696,3.6,12.130490705205247,3.9142624656230165,3.9142624656230165
Rashee Rice,WR,16.267128255393022,8.327482469853315,5.38,11.875003626436905,3.658775386854675,3.658775386854675
A.J. Brown,WR,15.819193319520625,10.554949188932763,4.7,11.86439498964047,3.6481667500582393,3.6481667500582393
Ashton Jeanty,RB,14.951668991682254,9.21907788549503,3.63,11.200559094651382,3.641159094651382,3.641159094651382
Brock Bowers,TE,15.987831134119014,10.66419952528794,5.93,11.318443982301314,3.615755421152768,3.615755421152768
Zay Flowers,WR,14.647522263858573,8.093511380765968,3.2199999999999998,11.623239725850127,3.407011486267896,3.407011486267896
Jeremiyah Love,RB,15.011544117647059,8.256349264705882,5.12,10.587553762975778,3.028153762975778,3.028153762975778
Omarion Hampton,RB,15.856517005736295,8.477175237070423,6.489999999999999,10.544583808814638,2.9851838088146376,2.9851838088146376
DeVonta Smith,WR,13.932278754013662,8.276508215140858,2.92,11.178604835573315,2.962376595991085,2.962376595991085
Derrick Henry,RB,15.45533620217743,10.8579463988362,6.09,10.45962605917949,2.9002260591794897,2.9002260591794897
Kenneth Walker III,RB,14.23266019272568,6.962985118805431,4.13,10.45263308859883,2.89323308859883,2.89323308859883
Tetairoa McMillan,WR,13.811338018658375,7.507070196899485,2.92,11.081567680852956,2.8653394412707254,2.8653394412707254
Tyler Warren,TE,13.240454700500933,4.878381180389297,3.11,10.471641967543238,2.768953406394692,2.768953406394692
Javonte Williams,RB,14.42890818533681,6.38472134604688,4.82,10.303937962940523,2.744537962940523,2.744537962940523
Drake Maye,QB,24.11550946022962,7.544663871981076,2.33,19.696696991487546,2.71149265973785,2.71149265973785
Jameson Williams,WR,13.487969933861365,9.60048635410176,2.92,10.822112346933471,2.6058841073512404,2.6058841073512404
Lamar Jackson,QB,24.74077055277958,11.741781413790275,3.43,19.40695148948916,2.421747157739464,2.421747157739464
Emeka Egbuka,WR,13.445036296271544,9.034789785633544,3.42,10.58994329453388,2.3737150549516493,2.3737150549516493
Tee Higgins,WR,13.73337863545852,8.56494516703322,4.1,10.54238771721963,2.3261594776373986,2.3261594776373986
Colston Loveland,TE,13.07412282720609,8.814531089816027,4.01,9.994013302326067,2.2913247411775206,2.2913247411775206
Travis Etienne Jr.,RB,13.572581107170949,7.121952392592423,4.52,9.812177753360645,2.252777753360645,2.252777753360645
Saquon Barkley,RB,15.50140947898356,7.75873432547689,7.609999999999999,9.797802638334021,2.238402638334021,2.238402638334021
Ladd McConkey,WR,13.191262994347166,7.286056889703786,3.4,10.397819066132474,2.1815908265502433,2.1815908265502433
Jaylen Waddle,WR,12.807567343806593,7.096578988028903,3.4,10.095376612176963,1.8791483725947327,1.8791483725947327
Jadarian Price,RB,12.94,7.117,4.62,9.316799999999999,1.7573999999999987,1.7573999999999987
Breece Hall,RB,13.671519299127372,8.625417381205388,6.12,9.240338632174913,1.6809386321749127,1.6809386321749127
Harold Fannin Jr.,TE,12.286997879962888,6.06129799080472,4.21,9.320049274242438,1.6173607130938912,1.6173607130938912
TreVeyon Henderson,RB,12.293803849598811,10.050120719204733,3.9299999999999997,9.101030673364766,1.5416306733647662,1.5416306733647662
Kyle Pitts Sr.,TE,11.631065923824284,10.361059024908943,3.11,9.198804785048088,1.4961162238995414,1.4961162238995414
Bucky Irving,RB,13.395264470489607,6.085182367394132,6.29,8.98664654623141,1.4272465462314106,1.4272465462314106
Carnell Tate,WR,12.157132352941177,7.294279411764706,3.4,9.582680795847752,1.3664525562655214,1.3664525562655214
D'Andre Swift,RB,13.61265987006719,7.184787169197614,6.87,8.900277320929225,1.3408773209292253,1.3408773209292253
Garrett Wilson,WR,13.653100865686548,8.191860519411929,6.4799999999999995,9.525045662767205,1.3088174231849745,1.3088174231849745
Jalen Hurts,QB,23.498859219767382,9.369194113334046,3.65,18.280730187142566,1.2955258553928708,1.2955258553928708
Quinshon Judkins,RB,12.272645729513274,6.788840228518539,4.62,8.836304925249557,1.276904925249557,1.276904925249557
Davante Adams,WR,13.174680865966106,7.008413311360648,5.95,9.396647382343474,1.1804191427612434,1.1804191427612434
Caleb Williams,QB,22.18399123432826,10.03180193185651,2.33,18.119101075802817,1.1338967440531214,1.1338967440531214
Wan'Dale Robinson,WR,12.2168326619342,8.85764970707994,4.2,9.342283800302623,1.126055560720392,1.126055560720392
Joe Burrow,QB,22.704751821934167,11.869564620731222,3.1300000000000003,18.010210489340132,1.0250061575904361,1.0250061575904361
Parker Washington,WR,11.673915667739719,7.828449718814064,3.4,9.201792349865427,0.985564110283196,0.985564110283196
Trevor Lawrence,QB,21.94931718877325,11.163681924779432,2.33,17.927427598006858,0.9422232662571624,0.9422232662571624
DK Metcalf,WR,11.61524586273735,6.505916721028051,3.4,9.15554673886356,0.9393184992813293,0.9393184992813293
DJ Moore,WR,11.347521373983444,8.398484282017447,2.92,9.10471714947848,0.8884889098962496,0.8884889098962496
Quentin Johnston,WR,11.936420686844773,7.623336304417929,4.68,8.959336939067018,0.7431086994847877,0.7431086994847877
Luther Burden III,WR,11.798519754587904,8.129528774488598,4.4,8.952994402010821,0.7367661624285908,0.7367661624285908
Cam Skattebo,RB,12.620675989404688,8.618408454332753,6.89,8.2442709919023,0.684870991902299,0.684870991902299
Rome Odunze,WR,12.685761518430485,9.702807310102045,6.38,8.88749527555924,0.6712670359770101,0.6712670359770101
Dak Prescott,QB,21.57759074133479,11.143320737501169,2.33,17.623814555496093,0.6386102237463973,0.6386102237463973
Tucker Kraft,TE,11.600506378228378,10.701001288264036,5.63,8.314833542277222,0.6121449811286759,0.6121449811286759
Rico Dowdle,RB,11.300796718941651,10.785028429971529,4.52,8.16981127504664,0.6104112750466406,0.6104112750466406
Courtland Sutton,WR,11.536142581568088,7.874885620084381,4.21,8.818363108675134,0.6021348690929038,0.6021348690929038
Alec Pierce,WR,11.26235768557953,8.705488143092484,3.6,8.811138659894574,0.5949104203123436,0.5949104203123436
Michael Pittman Jr.,WR,10.928440384993081,7.646938064657375,2.92,8.76846628537092,0.5522380457886893,0.5522380457886893
Michael Wilson,WR,10.92030625321067,11.244207659161804,2.92,8.761939840811385,0.5457116012291543,0.5457116012291543
Brian Thomas Jr.,WR,11.416559674342755,5.013651692798704,4.2,8.730310339203283,0.5140820996210529,0.5140820996210529
Travis Kelce,TE,10.388445562213962,6.405265526938616,3.11,8.2160382696451,0.5133497084965537,0.5133497084965537
RJ Harvey,RB,10.724644702062566,7.655971333464065,3.63,8.034020604750985,0.4746206047509851,0.4746206047509851
Jaylen Warren,RB,11.543761432810898,6.148411041345018,5.67,7.955009716787039,0.39560971678703893,0.39560971678703893
Terry McLaurin,WR,11.78572422936579,5.10050106471032,5.43,8.5862467400409,0.37001850045867,0.37001850045867
Bo Nix,QB,21.21748342659645,10.334106723113802,2.33,17.329691610487746,0.3444872787380504,0.3444872787380504
Rhamondre Stevenson,RB,11.45059246166319,10.405757070957414,5.87,7.823448908365761,0.2640489083657611,0.2640489083657611
Marvin Harrison Jr.,WR,11.474509187142672,7.103712217758211,5.08,8.477637375912469,0.2614091363302382,0.2614091363302382
Malik Nabers,WR,11.755087728262973,7.0530526369577835,5.68,8.477492679323769,0.261264439741538,0.261264439741538
Christian Watson,WR,12.143303546436503,7.953084656632012,6.4799999999999995,8.471740003572762,0.25551176399053155,0.25551176399053155
Justin Herbert,QB,22.11142811996193,10.017979836274378,3.65,17.20139040508803,0.21618607333833495,0.21618607333833495
Dallas Goedert,TE,10.673556656505543,7.459075648081974,4.81,7.907849769922784,0.20516120877423738,0.20516120877423738
Jake Ferguson,TE,9.861035678154517,7.0894235640557,3.11,7.798919099575734,0.09623053842718754,0.09623053842718754
Makai Lemon,WR,10.443392857142857,6.266035714285715,3.4,8.231850840336136,0.015622600753905758,0.015622600753905758
Jakobi Meyers,WR,10.4235731397685,4.352757746532651,3.4,8.21622823958223,0.0,0.0
Sam LaPorta,TE,11.303038889902918,6.454219119649135,6.83,7.7026885611485465,0.0,0.0
Matthew Stafford,QB,21.412567566907292,9.43544412745648,3.13,16.985204331749696,0.0,0.0
Jonathon Brooks,RB,10.499166666666667,5.774541666666668,4.62,7.5594,0.0,0.0
Jordan Addison,WR,10.40725423840679,6.1714737228710534,3.4,8.203365105567705,-0.012863134014525102,-0.012863134014525102
MarShawn Lloyd,RB,10.94,6.017,5.82,7.490682352941176,-0.06871764705882377,-0.06871764705882377
David Montgomery,RB,10.843561157500773,7.253829211891752,6.09,7.338539477473317,-0.2208605225266833,-0.2208605225266833
Juwan Johnson,TE,9.45817237889618,4.82457709210321,3.11,7.480301625544655,-0.22238693560389144,-0.22238693560389144
Jared Goff,QB,20.51365422943717,10.180098231353172,2.33,16.754828763278535,-0.23037556847116036,-0.23037556847116036
Brock Purdy,QB,21.87093984958112,13.195470603371616,4.13,16.705538467459462,-0.27966586429023366,-0.27966586429023366
Stefon Diggs,WR,10.324496489303357,7.621848432592437,4.21,7.892166581088066,-0.32406165849416446,-0.32406165849416446
Josh Downs,WR,10.053052895088927,4.736383993441973,3.6,7.865035500275455,-0.35119273930677597,-0.35119273930677597
Khalil Shakir,WR,9.961633283473237,5.97143198906259,3.4,7.85211094109067,-0.3641172984915606,-0.3641172984915606
Kenny Gainwell,RB,9.870209133064371,9.377915233016719,4.52,7.135580602668301,-0.42381939733169904,-0.42381939733169904
Jayden Daniels,QB,22.10466065524928,7.736631229337247,4.630000000000001,16.558991379094092,-0.42621295265560377,-0.42621295265560377
Hunter Henry,TE,9.185271448179488,7.52752791230881,3.11,7.264469095339601,-0.43821946580894533,-0.43821946580894533
Romeo Doubs,WR,9.792730827539781,7.260842467188868,3.4,7.71897606406077,-0.49725217552146095,-0.49725217552146095
KC Concepcion,WR,9.74991452991453,5.849948717948718,3.4,7.685226747109101,-0.5310014924731297,-0.5310014924731297
Mike Evans,WR,11.211150775809221,6.248428373827865,6.93,7.673043486855311,-0.54318475272692,-0.54318475272692
George Kittle,TE,10.394693144632258,8.516016994730897,6.63,7.144822905589879,-0.5578656555586674,-0.5578656555586674
J.K. Dobbins,RB,10.42672476989683,4.312372381364527,6.430000000000001,6.952172074516504,-0.607227925483496,-0.607227925483496
Dalton Kincaid,TE,9.909214102243883,7.083073078997862,5.93,7.015140689441479,-0.6875478717070678,-0.6875478717070678
Mark Andrews,TE,8.842602922457523,6.786150472491317,3.11,6.99345860543773,-0.7092299557108168,-0.7092299557108168
Bhayshul Tuten,RB,9.5730884640312,4.918110361084786,4.82,6.8363114090199275,-0.7230885909800726,-0.7230885909800726
Tony Pollard,RB,10.087070828640698,6.174467112038663,6.09,6.826573522559484,-0.7328264774405158,-0.7328264774405158
Dalton Schultz,TE,8.795829739873152,5.639161911031065,3.11,6.956466520740855,-0.7462220404076918,-0.7462220404076918
Patrick Mahomes II,QB,21.24920980955624,10.510233631514145,4.15,16.218146898764246,-0.7670574329854496,-0.7670574329854496
De'Zhaun Stribling,WR,9.422857142857143,5.653714285714286,3.4,7.427428571428573,-0.7887996681536578,-0.7887996681536578
Xavier Worthy,WR,9.372702107910145,4.524590929235822,3.6,7.332761060894407,-0.8834671786878232,-0.8834671786878232
Baker Mayfield,QB,19.553423045568245,7.850793328215496,2.33,15.97054582280677,-1.0146585089429259,-1.0146585089429259
Brenton Strange,TE,9.103293425413398,4.741180009110377,5.33,6.605242611910251,-1.0974459492382955,-1.0974459492382955
Jordan Watkins,WR,9.549117647058821,5.7294705882352925,4.88,7.11128408304498,-1.1049441565372504,-1.1049441565372504
Oronde Gadsden II,TE,8.584392360459063,7.942423763442444,4.01,6.562010513186207,-1.1406780479623393,-1.1406780479623393
Chig Okonkwo,TE,8.276029015360422,4.482670881884384,3.11,6.545365300677698,-1.1573232604708483,-1.1573232604708483
Xavier Restrepo,WR,9.349117647058822,5.609470588235293,4.68,7.017337716262975,-1.198890523319256,-1.198890523319256
Jauan Jennings,WR,9.156116844513916,5.710124675479846,4.2,7.001736410510641,-1.2144918290715898,-1.2144918290715898
Troy Franklin,WR,8.710775461296432,7.625306165502279,2.92,6.98911631129902,-1.227111928283211,-1.227111928283211
Jacory Croskey-Merritt,RB,8.441618114969915,8.029312108840736,3.63,6.323765099655403,-1.2356349003445972,-1.2356349003445972
AJ Barner,TE,8.115430814039849,6.492875054287448,3.11,6.4183510173391625,-1.284337543809384,-1.284337543809384
Kyle Monangai,RB,9.089188861841407,6.7830617327714355,5.63,6.274213605512288,-1.2851863944877122,-1.2851863944877122
Jayden Reed,WR,9.290871866160366,5.574523119696219,4.88,6.918966930917072,-1.297261308665159,-1.297261308665159
Jaxson Dart,QB,20.898488928413236,11.460791929371707,4.65,15.643133624356379,-1.342070707393317,-1.342070707393317
Tre Tucker,WR,8.56058823814755,9.379150061831453,2.92,6.868613151078388,-1.3476150885038427,-1.3476150885038427
Jalen Royals,WR,9.614117647058823,5.768470588235293,5.9799999999999995,6.8486449826989615,-1.367583256883269,-1.367583256883269
Rashid Shaheed,WR,8.436402318301575,6.1066876444540785,2.92,6.768972213037263,-1.4472560265449674,-1.4472560265449674
Kayshon Boutte,WR,8.901290787779253,7.544887651272858,4.4,6.75450889190308,-1.4617193476791508,-1.4617193476791508
Hollywood Brown,WR,8.565367647058823,5.6867646044712155,3.4,6.751525086505191,-1.46470315307704,-1.46470315307704
Deebo Samuel Sr.,WR,9.3093146079218,6.942609979923496,5.65,6.7218727536611835,-1.494355485921047,-1.494355485921047
Keon Coleman,WR,8.932278044380219,6.558131662988394,4.68,6.704462814487741,-1.5117654250944899,-1.5117654250944899
Jalen Coker,WR,8.896935203032251,5.865461308681215,4.68,6.67793489357009,-1.5382933460121402,-1.5382933460121402
CJ Daniels,WR,8.458235294117646,5.074941176470587,3.4,6.667079584775086,-1.5491486548071443,-1.5491486548071443
Elijah Sarratt,WR,8.458235294117646,5.074941176470587,3.4,6.667079584775086,-1.5491486548071443,-1.5491486548071443
Ja'Kobi Lane,WR,8.458235294117646,5.074941176470587,3.4,6.667079584775086,-1.5491486548071443,-1.5491486548071443
Chris Godwin Jr.,WR,9.450100422044436,7.281159095760632,6.2299999999999995,6.662320797541328,-1.5539074420409023,-1.5539074420409023
Kyler Murray,QB,19.302780362912024,6.7559731270192085,2.93,15.42519242530352,-1.5600119064461762,-1.5600119064461762
Woody Marks,RB,8.318728428437916,6.934524136521554,4.62,5.9894844684752995,-1.5699155315247006,-1.5699155315247006
Phil Mafah,RB,8.835555555555556,4.8595555555555565,6.09,5.979592156862745,-1.5798078431372549,-1.5798078431372549
Chris Blair,WR,8.829950980392157,5.297970588235294,4.68,6.627657324106114,-1.588570915476117,-1.588570915476117
Skyler Bell,WR,8.368235294117646,5.020941176470587,3.4,6.5961384083044985,-1.620089831277732,-1.620089831277732
Colbie Young,WR,8.368235294117646,5.020941176470587,3.4,6.5961384083044985,-1.620089831277732,-1.620089831277732
Jacob Cowing,WR,8.368235294117646,5.020941176470587,3.4,6.5961384083044985,-1.620089831277732,-1.620089831277732
Brandon Aiyuk,WR,8.368235294117646,5.020941176470587,3.4,6.5961384083044985,-1.620089831277732,-1.620089831277732
Cyrus Allen,WR,8.368235294117646,5.020941176470587,3.4,6.5961384083044985,-1.620089831277732,-1.620089831277732
Rachaad White,RB,8.16895302352893,5.498054468734962,4.52,5.905672509362973,-1.653727490637027,-1.653727490637027
Brenen Thompson,WR,8.278235294117646,4.966941176470588,3.4,6.52519723183391,-1.6910310077483208,-1.6910310077483208
Michael Woods II,WR,8.278235294117646,4.966941176470588,3.4,6.52519723183391,-1.6910310077483208,-1.6910310077483208
Josh Cameron,WR,8.278235294117646,4.966941176470588,3.4,6.52519723183391,-1.6910310077483208,-1.6910310077483208
Zavion Thomas,WR,8.278235294117646,4.966941176470588,3.4,6.52519723183391,-1.6910310077483208,-1.6910310077483208
Cade Otton,TE,7.854585230432752,5.978636570163405,4.01,6.00413735702786,-1.6985512041206867,-1.6985512041206867
T.J. Hockenson,TE,7.852701283959092,4.039660523219388,4.21,5.956504885685441,-1.7461836754631053,-1.7461836754631053
Germie Bernard,WR,8.188235294117646,4.9129411764705875,3.4,6.454256055363322,-1.7619721842189087,-1.7619721842189087
Ted Hurst III,WR,8.188235294117646,4.9129411764705875,3.4,6.454256055363322,-1.7619721842189087,-1.7619721842189087
Deion Burks,WR,8.188235294117646,4.9129411764705875,3.4,6.454256055363322,-1.7619721842189087,-1.7619721842189087
Denzel Boston,WR,8.176250000000001,4.90575,3.4,6.444808823529414,-1.771419416052817,-1.771419416052817
Antonio Williams,WR,8.098235294117647,4.858941176470588,3.4,6.383314878892734,-1.8329133606894965,-1.8329133606894965
Bryce Lance,WR,8.098235294117647,4.858941176470588,3.4,6.383314878892734,-1.8329133606894965,-1.8329133606894965
Barion Brown,WR,8.098235294117647,4.858941176470588,3.4,6.383314878892734,-1.8329133606894965,-1.8329133606894965
Malachi Fields,WR,8.098235294117647,4.858941176470588,3.4,6.383314878892734,-1.8329133606894965,-1.8329133606894965
Zachariah Branch,WR,8.098235294117647,4.858941176470588,3.4,6.383314878892734,-1.8329133606894965,-1.8329133606894965
Tyrone Tracy Jr.,RB,7.984584024424776,7.990786360970157,4.82,5.701932356265693,-1.8574676437343074,-1.8574676437343074
Chuba Hubbard,RB,8.317611233680212,6.147566301274955,5.87,5.682885557599745,-1.8765144424002553,-1.8765144424002553
Elic Ayomanor,WR,8.290243872062906,4.239216712239814,4.2,6.339598255106927,-1.8766299844753034,-1.8766299844753034
Matthew Golden,WR,8.011265372930437,4.300804933605229,3.4,6.314762117486345,-1.9014661220958855,-1.9014661220958855
Chris Brazzell II,WR,8.008235294117647,4.804941176470588,3.4,6.312373702422145,-1.9038545371600852,-1.9038545371600852
Isaiah Likely,TE,7.9749837242392365,4.102872238573924,5.33,5.786554366970058,-1.9161341941784888,-1.9161341941784888
Kenyon Sadiq,TE,7.517012987012987,4.886058441558442,4.01,5.746093162719633,-1.956595398428913,-1.956595398428913
Jerry Jeudy,WR,7.794246069532878,5.216679978683761,2.92,6.253736258142851,-1.9624919814393795,-1.9624919814393795
Keenan Allen,WR,8.168400468898335,7.1479840843826885,4.21,6.244021417254934,-1.9722068223272968,-1.9722068223272968
Omar Cooper Jr.,WR,7.918235294117647,4.750941176470588,3.4,6.2414325259515575,-1.974795713630673,-1.974795713630673
Malik Benson,WR,7.918235294117647,4.750941176470588,3.4,6.2414325259515575,-1.974795713630673,-1.974795713630673
Pat Freiermuth,TE,7.489764493114658,6.9074976517928555,4.01,5.725264093413234,-1.9774244677353128,-1.9774244677353128
Sam Darnold,QB,18.353926821578305,10.91725819382267,2.33,14.990839642212634,-1.9943646895370613,-1.9943646895370613
Travis Hunter,WR,8.278235294117646,4.966941176470588,4.7,6.208676470588235,-2.007551768993996,-2.007551768993996
Tyreek Hill,WR,8.344704922481018,5.00682295348861,4.93,6.202079217385156,-2.014149022197074,-2.014149022197074
Caleb Douglas,WR,7.828235294117646,4.696941176470587,3.4,6.170491349480969,-2.045736890101262,-2.045736890101262
Kevin Coleman Jr.,WR,7.828235294117646,4.696941176470587,3.4,6.170491349480969,-2.045736890101262,-2.045736890101262
Chris Bell,WR,7.828235294117646,4.696941176470587,3.4,6.170491349480969,-2.045736890101262,-2.045736890101262
Reggie Virgil,WR,7.828235294117646,4.696941176470587,3.4,6.170491349480969,-2.045736890101262,-2.045736890101262
Jalen Reagor,WR,7.828235294117646,4.696941176470587,3.4,6.170491349480969,-2.045736890101262,-2.045736890101262
Jordan Mason,RB,8.100647069054162,5.885713635575555,5.97,5.510822550212433,-2.048577449787567,-2.048577449787567
Chimere Dike,WR,7.6527545190540165,6.477648220657573,2.92,6.140210096464517,-2.0760181431177136,-2.0760181431177136
Tyler Shough,QB,18.626674876422147,9.096260570346276,2.93,14.884904599776167,-2.1002997319735286,-2.1002997319735286
Mitch Tinsley,WR,8.086617647058823,3.865229618017538,4.68,6.069720069204152,-2.1465081703780786,-2.1465081703780786
Jordan Love,QB,19.779612912238385,10.323398849677552,4.65,14.805622018131379,-2.179582313618317,-2.179582313618317
Blake Corum,RB,7.16,6.864534815651685,3.63,5.363682352941176,-2.1957176470588244,-2.1957176470588244
Lew Nichols III,RB,7.83,4.306500000000001,5.89,5.3451264705882355,-2.2142735294117646,-2.2142735294117646
Tyler Allgeier,RB,7.12,5.349876304232485,3.63,5.333717647058823,-2.2256823529411776,-2.2256823529411776
Daniel Jones,QB,18.446064597515587,8.065505214118602,2.93,14.74057573866172,-2.2446285930879757,-2.2446285930879757
Tory Horton,WR,8.054165896562735,8.701221178662223,5.08,5.950607274166349,-2.2656209654158816,-2.2656209654158816
Greg Dulcich,TE,7.363423019041271,3.9622524458247796,5.13,5.386127367163423,-2.316561193985123,-2.316561193985123
Colby Parkinson,TE,7.044811570564993,7.272332032217257,4.01,5.385136844676005,-2.3175517164725417,-2.3175517164725417
Odell Beckham Jr.,WR,8.098235294117647,4.858941176470588,5.45,5.895038927335641,-2.32118931224659,-2.32118931224659
Darren Waller,TE,7.4084592373570555,8.907315969346646,5.33,5.375490864282311,-2.327197696866236,-2.327197696866236
Theo Johnson,TE,7.052064418389434,5.823744499890084,4.21,5.34919827500775,-2.3534902861407963,-2.3534902861407963
Tyquan Thornton,WR,7.871978563466152,5.705712182992717,4.88,5.862308741969499,-2.353919497612732,-2.353919497612732
Gunnar Helm,TE,7.0250643215144235,3.9886035568019715,4.21,5.328717907407558,-2.3739706537409884,-2.3739706537409884
Andrei Iosivas,WR,7.397343330734561,5.18176289178371,3.4,5.830847095990772,-2.3853811435914585,-2.3853811435914585
Jake Tonges,TE,7.253585505167388,6.441195541201959,5.13,5.305784456279793,-2.396904104868754,-2.396904104868754
Aaron Jones Sr.,RB,8.38606333444755,4.508871726100027,8.37,5.113032144796992,-2.4463678552030084,-2.4463678552030084
Tyjae Spears,RB,7.463408401891136,5.551645632672282,5.89,5.094873794349802,-2.4645262056501984,-2.4645262056501984
Jalen McMillan,WR,7.693096890071177,4.615858134042706,4.88,5.729094507547123,-2.4871337320351072,-2.4871337320351072
DeMario Douglas,WR,7.23435654471044,5.570981361782979,3.4,5.702375158771759,-2.5138530808104713,-2.5138530808104713
Tez Johnson,WR,7.2199417074990695,6.507665809313988,3.4,5.691012875322796,-2.5252153642594344,-2.5252153642594344
Marvin Mims Jr.,WR,7.260657856650775,5.539425791112116,3.6,5.680397029026783,-2.5358312105554477,-2.5358312105554477
David Njoku,TE,7.26726766173758,5.045069600384843,5.93,5.1447980181771635,-2.557890542971383,-2.557890542971383
Darius Slayton,WR,7.392187896840335,4.123985056623357,4.2,5.65284956817202,-2.5633786714102103,-2.5633786714102103
Devontez Walker,WR,7.511924753037823,6.469268008934904,4.88,5.594174551379931,-2.6220536882023,-2.6220536882023
Chris Rodriguez Jr.,RB,7.331689864135021,4.839859752538541,6.23,4.931639623316704,-2.6277603766832964,-2.6277603766832964
Mason Taylor,TE,6.992077225341586,5.198483506680652,5.33,5.073368974975792,-2.6293195861727545,-2.6293195861727545
Isaac TeSlaa,WR,7.013051885072737,5.6063396218962644,3.4,5.527935015292629,-2.688293224289602,-2.688293224289602
Josh Williams,RB,7.171666666666667,3.944416666666667,6.09,4.853530882352941,-2.705869117647059,-2.705869117647059
Terrance Ferguson,TE,6.775004284856193,5.202551821418548,5.13,4.955716369540397,-2.7469721916081493,-2.7469721916081493
Ryan Flournoy,WR,6.9337973747625234,7.825842416239259,3.4,5.465463813048108,-2.750764426534123,-2.750764426534123
Pat Bryant,WR,7.554909946467459,4.136346089770412,5.68,5.448423290805356,-2.7678049487768748,-2.7678049487768748
Dontayvion Wicks,WR,7.31470916312208,7.019542318340588,4.88,5.447306941477972,-2.7689212981042584,-2.7689212981042584
Devaughn Vele,WR,7.226235641044953,6.797977640445723,4.68,5.423927457631389,-2.792300781950842,-2.792300781950842
Xavier Legette,WR,7.0794208740467575,6.860431750955899,4.2,5.413674786035755,-2.8025534535464756,-2.8025534535464756
Jalen Nailor,WR,6.727915160894902,6.992948128608688,2.92,5.3981625173297925,-2.818065722252438,-2.818065722252438
Adonai Mitchell,WR,6.837552655971155,7.163352916058233,3.4,5.389600328824323,-2.8266279107579075,-2.8266279107579075
Jonah Coleman,RB,6.559583333333333,3.607770833333334,4.62,4.7229,-2.8365,-2.8365
Evan Engram,TE,6.3649331983952715,3.9116066605253996,4.21,4.827989034900414,-2.8746995262481327,-2.8746995262481327
Kimani Vidal,RB,6.861905577880084,9.08252760481947,5.89,4.68425966066461,-2.87514033933539,-2.87514033933539
Tre' Harris,WR,6.6973117099170985,3.0,3.4,5.279057465464066,-2.9371707741181643,-2.9371707741181643
Najee Harris,RB,6.798752228163994,3.739313725490197,6.23,4.5731606899444275,-2.9862393100555726,-2.9862393100555726
Xavier Hutchinson,WR,6.632477280073399,5.369978274319801,3.4,5.2279526795872675,-2.988275559994963,-2.988275559994963
Darnell Mooney,WR,6.817273989363413,3.825080142328798,4.2,5.2132095212779035,-3.003018718304327,-3.003018718304327
Malik Willis,QB,17.491222586137578,6.121927905148152,2.93,13.977544637216411,-3.0076596945332845,-3.0076596945332845
Dylan Sampson,RB,6.413774796841751,5.598060888761905,5.0200000000000005,4.5424616796455695,-3.0169383203544307,-3.0169383203544307
Jaylin Noel,WR,6.468762491411276,4.907841864272512,2.92,5.190230610755871,-3.0259976288263593,-3.0259976288263593
Isaiah Bond,WR,6.623549544839476,3.205768610014201,3.6,5.181953467433237,-3.0342747721489935,-3.0342747721489935
Cooper Kupp,WR,7.102294026566922,4.053594084266455,5.45,5.170052269339156,-3.046175970243074,-3.046175970243074
Malik Washington,WR,6.442898066368182,3.3196274596087187,2.92,5.169478213250706,-3.046750026331525,-3.046750026331525
Olamide Zaccheaus,WR,6.538466772231018,4.598948757088914,3.4,5.15385027928798,-3.062377960294251,-3.062377960294251
Joshua Palmer,WR,6.838617647058824,3.056575128334247,4.68,5.132985951557093,-3.0832422880251373,-3.0832422880251373
Luke McCaffrey,WR,6.765427752557253,5.220392705534709,4.68,5.0780504778017965,-3.138177761780434,-3.138177761780434
Kyle Williams,WR,6.438515001332727,5.074803087177509,3.4,5.075064765756385,-3.141163473825846,-3.141163473825846
Audric Estime,RB,6.45362472925333,3.549493601089332,5.89,4.405547940175582,-3.153852059824418,-3.153852059824418
Mack Hollins,WR,7.006253425033005,4.918835741813814,5.65,5.0589271054282445,-3.157301134153986,-3.157301134153986
Tutu Atwell,WR,6.699576507943776,5.689338399899538,4.68,5.028623308315447,-3.187604931266784,-3.187604931266784
Cedric Tillman,WR,6.684610831039075,4.588126969789425,4.68,5.017390247297564,-3.198837992284666,-3.198837992284666
Calvin Ridley,WR,6.9209897790787345,4.152593867447241,5.7299999999999995,4.981077055707548,-3.2351511838746827,-3.2351511838746827
John Metchie III,WR,6.585191423525647,5.421159872109875,4.68,4.942767209658074,-3.2734610299241567,-3.2734610299241567
Jahdae Walker,WR,6.568067221347281,3.9408403328083685,4.88,4.891278295426857,-3.3249499441553736,-3.3249499441553736
Eli Stowers,TE,5.698589743589744,3.7040833333333336,4.01,4.356069042232278,-3.3466195189162686,-3.3466195189162686
Lil'Jordan Humphrey,WR,6.4162524772785865,3.849751486367152,4.68,4.815963624122045,-3.400264615460186,-3.400264615460186
Jawhar Jordan,RB,6.145196875322541,3.379858281427398,6.23,4.13354860407725,-3.4258513959227503,-3.4258513959227503
Mike Gesicki,TE,5.891431950421877,5.580560143493798,5.33,4.274753712261991,-3.4279348488865553,-3.4279348488865553
Keaton Mitchell,RB,6.017354295872917,3.2686741607616336,5.89,4.1077292119767765,-3.4516707880232236,-3.4516707880232236
Tank Bigsby,RB,5.701038482214234,5.374702649582447,4.62,4.104747707194249,-3.4546522928057515,-3.4546522928057515
Roman Wilson,WR,6.340994890440013,3.8045969342640076,4.68,4.759476164824386,-3.456752074757844,-3.456752074757844
Austin Ekeler,RB,6.631666666666666,3.6474166666666665,8.17,4.082375980392157,-3.4770240196078435,-3.4770240196078435
Kendrick Bourne,WR,6.50502584542535,7.570754168596329,5.45,4.735276166890513,-3.480952072691718,-3.480952072691718
Rashod Bateman,WR,6.508236305808314,4.774330400090758,5.4799999999999995,4.731870631752398,-3.484357607829833,-3.484357607829833
Zach Ertz,TE,5.758985487039194,6.3994991791225155,5.13,4.212528501843081,-3.490160059305466,-3.490160059305466
Moliki Matavao,TE,5.754305555555556,3.740298611111111,5.13,4.209105269607843,-3.4935832915407037,-3.4935832915407037
Jaylin Lane,WR,5.980885581479146,3.0,3.4,4.71434510540121,-3.5018831341810204,-3.5018831341810204
C.J. Stroud,QB,17.997036603832566,8.854952919625896,4.65,13.47131122257467,-3.513893109175026,-3.513893109175026
Jacoby Brissett,QB,17.278295381020992,9.542557078917351,3.65,13.441497436117801,-3.5437068956318942,-3.5437068956318942
Christian Kirk,WR,6.418931782331605,4.772477915563932,5.4799999999999995,4.666940989977567,-3.5492872496046637,-3.5492872496046637
KaVontae Turpin,WR,6.461117246032234,4.650755187012515,5.65,4.665306717355628,-3.550921522226602,-3.550921522226602
Emanuel Wilson,RB,5.543965277429709,7.323210482070408,4.52,4.007960779977124,-3.5514392200228757,-3.5514392200228757
Devin Neal,RB,5.856069148089234,5.269013190342192,5.89,3.997628380210327,-3.561771619789673,-3.561771619789673
Greg Dortch,WR,6.385178701724072,6.021243956848019,5.4799999999999995,4.642400514900561,-3.57382772468167,-3.57382772468167
Jack Bech,WR,5.876965855870807,3.1657854952914617,3.4,4.632431909921696,-3.583796329660535,-3.583796329660535
Brashard Smith,RB,5.302581066385519,4.006639709869841,3.63,3.972257051789387,-3.587142948210613,-3.587142948210613
Dyami Brown,WR,6.143179632528717,5.36466554070581,4.68,4.610998359474496,-3.6052298801077347,-3.6052298801077347
Emmett Johnson,RB,5.462058823529412,3.0041323529411765,4.62,3.932682352941176,-3.626717647058824,-3.626717647058824
Aaron Rodgers,QB,17.16693832510697,8.162535145406725,3.65,13.354868197031745,-3.6303361347179504,-3.6303361347179504
Darnell Washington,TE,5.566437773729855,3.0,5.13,4.071685512725338,-3.6310030484232083,-3.6310030484232083
Jahan Dotson,WR,5.815785219153309,3.480736101677892,3.4,4.584207172744374,-3.632021066837857,-3.632021066837857
Mike Washington Jr.,RB,5.453636363636363,3.0,4.62,3.9266181818181813,-3.632781818181819,-3.632781818181819
Kareem Hunt,RB,5.743849469183143,6.301167025428936,6.09,3.8872345966442388,-3.6721654033557614,-3.6721654033557614
Adam Randall,RB,5.383333333333334,3.0,4.62,3.8760000000000003,-3.6834,-3.6834
Justice Hill,RB,5.845140021590891,8.560088265380863,6.630000000000001,3.862949890739627,-3.696450109260373,-3.696450109260373
Alvin Kamara,RB,6.743534457522974,4.897828832526436,9.67,3.8537316032256292,-3.705668396774371,-3.705668396774371
Sean Tucker,RB,5.123771975594716,8.672187626850224,3.63,3.838308006423453,-3.721091993576547,-3.721091993576547
Tyler Higbee,TE,5.426718153985356,6.277906586682468,5.13,3.969484720282818,-3.7332038408657287,-3.7332038408657287
Jordan Whittington,WR,5.651243386987405,3.0,3.4,4.454509493272425,-3.761718746309805,-3.761718746309805
Michael Carter,RB,5.591469828415671,4.885496589199191,6.23,3.761085734584306,-3.7983142654156943,-3.7983142654156943
Ray Davis,RB,5.005087884271199,6.697376571552214,3.63,3.7493996591878656,-3.8100003408121346,-3.8100003408121346
Xavier Smith,WR,5.5864115497024205,3.752193802741715,3.4,4.403406750941908,-3.8128214886403224,-3.8128214886403224
Treylon Burks,WR,5.9119067076965806,3.2508240713482395,4.88,4.402631701143453,-3.8135965384387776,-3.8135965384387776
Jaydon Blue,RB,5.4742851607603695,3.0108568384182033,5.89,3.737004664154358,-3.822395335845642,-3.822395335845642
Cam Ward,QB,16.105300270539544,6.567295978603998,2.33,13.15424083861421,-3.830963493135485,-3.830963493135485
Frank Gore Jr.,RB,5.163333333333334,3.0,4.62,3.7176000000000005,-3.8417999999999997,-3.8417999999999997
Kyle Juszczyk,RB,5.163333333333334,3.0,4.62,3.7176000000000005,-3.8417999999999997,-3.8417999999999997
Jaydn Ott,RB,5.163333333333334,3.0,4.62,3.7176000000000005,-3.8417999999999997,-3.8417999999999997
Damien Martinez,RB,5.163333333333334,3.0,4.62,3.7176000000000005,-3.8417999999999997,-3.8417999999999997
Kaelon Black,RB,5.163333333333334,3.0,4.62,3.7176000000000005,-3.8417999999999997,-3.8417999999999997
Jordan James,RB,5.163333333333334,3.0,4.62,3.7176000000000005,-3.8417999999999997,-3.8417999999999997
Michael Mayer,TE,5.3638971634728785,5.60240333043981,5.53,3.8604283408876863,-3.8422602202608602,-3.8422602202608602
Dawson Knox,TE,5.041827270778699,5.224712910773184,4.01,3.8540320813981874,-3.848656479750359,-3.848656479750359
Bryce Young,QB,16.87316338763039,10.506863471084031,3.65,13.126328576553643,-3.8588757551960526,-3.8588757551960526
Cole Kmet,TE,5.0396612512608,3.2408267977991874,4.21,3.8227312844122365,-3.87995727673631,-3.87995727673631
Van Jefferson,WR,5.983445944425924,3.380714535306223,5.65,4.320399939284013,-3.8958283002982173,-3.8958283002982173
Konata Mumpfield,WR,5.7483510118212795,3.0,4.68,4.31464464181409,-3.9015835977681403,-3.9015835977681403
Bam Knight,RB,5.317070220457334,5.895986051132712,5.89,3.6296823475533744,-3.9297176524466257,-3.9297176524466257
Elijah Moore,WR,5.6868926691729165,3.423367413007906,4.68,4.268514732861554,-3.9477135067206763,-3.9477135067206763
J'Mari Taylor,RB,4.943333333333333,3.0,4.62,3.5591999999999997,-4.0002,-4.0002
Jam Miller,RB,4.943333333333333,3.0,4.62,3.5591999999999997,-4.0002,-4.0002
Noah Whittington,RB,4.943333333333333,3.0,4.62,3.5591999999999997,-4.0002,-4.0002
Alec Ingold,RB,4.943333333333333,3.0,4.62,3.5591999999999997,-4.0002,-4.0002
Adam Prentice,RB,4.943333333333333,3.0,4.62,3.5591999999999997,-4.0002,-4.0002
Ty Johnson,RB,5.254178771528809,5.2852388782343604,6.09,3.555842750966997,-4.003557249033003,-4.003557249033003
Oscar Delp,TE,4.7683333333333335,3.099416666666667,4.01,3.6449700980392157,-4.057718463109331,-4.057718463109331
Jimmy Horn Jr.,WR,5.520380754689759,3.0,4.68,4.143532848814195,-4.072695390768035,-4.072695390768035
Erick All Jr.,TE,4.7421323529411765,3.0823860294117646,4.01,3.6249417603806227,-4.077746800767924,-4.077746800767924
Trey Benson,RB,5.445465849025546,3.0,7.39,3.477090105363077,-4.082309894636923,-4.082309894636923
Jaret Patterson,RB,5.086719778265388,3.0,5.89,3.4724342956923424,-4.086965704307658,-4.086965704307658
Braelon Allen,RB,5.062116092809818,3.0,5.89,3.4556386621798785,-4.103761337820122,-4.103761337820122
Jalen Tolbert,WR,5.478092907540215,4.408557449765035,4.68,4.111792088247832,-4.104436151334399,-4.104436151334399
Kendre Miller,RB,4.982995529360097,3.0,5.89,3.401627242248466,-4.157772757751534,-4.157772757751534
Seth McGowan,RB,4.723333333333334,3.0,4.62,3.4008000000000003,-4.1586,-4.1586
Max Bredeson,RB,4.723333333333334,3.0,4.62,3.4008000000000003,-4.1586,-4.1586
Eli Heidenreich,RB,4.723333333333334,3.0,4.62,3.4008000000000003,-4.1586,-4.1586
Demond Claiborne,RB,4.723333333333334,3.0,4.62,3.4008000000000003,-4.1586,-4.1586
Raheim Sanders,RB,4.9685329952205075,3.0,5.89,3.3917544358549403,-4.16764556414506,-4.16764556414506
Demarcus Robinson,WR,5.561336650896418,3.004282657426609,5.45,4.04832594440254,-4.16790229517969,-4.16790229517969
Isaiah Williams,WR,5.123466131238288,4.430070406835969,3.4,4.038496832858416,-4.177731406723814,-4.177731406723814
Ja'Tavion Sanders,TE,4.837987634230977,3.842584357623726,5.33,3.5103869098964178,-4.192301651252128,-4.192301651252128
Dont'e Thornton Jr.,WR,5.391486240895601,3.0,4.88,4.0150715182199,-4.201156721362331,-4.201156721362331
Emari Demercado,RB,5.053791976550543,4.298933976386859,6.53,3.3548260267866397,-4.2045739732133605,-4.2045739732133605
Jonnu Smith,TE,4.421873812254178,3.916452851902659,3.11,3.497181965044555,-4.205506596103992,-4.205506596103992
Savion Williams,WR,5.36519393048678,3.0,4.88,3.9954914799978014,-4.22073675958443,-4.22073675958443
Eli Raridon,TE,4.5407142857142855,3.0,4.01,3.470975420168067,-4.23171314098048,-4.23171314098048
DeAndre Hopkins,WR,5.177674251785524,4.167742018097062,4.21,3.957875111879581,-4.25835312770265,-4.25835312770265
Devin Singletary,RB,4.8668487512690435,6.327420485474313,6.09,3.293711463726491,-4.265688536273509,-4.265688536273509
Jaleel McLaughlin,RB,4.819460141768182,3.0,5.89,3.28999029089528,-4.26940970910472,-4.26940970910472
Kalif Raymond,WR,5.5597717080093805,4.692983617923169,6.25,3.916368600200725,-4.299859639381506,-4.299859639381506
Max Klare,TE,4.433141025641025,3.0,4.01,3.3887451546003016,-4.313943406548245,-4.313943406548245
Robert Henry Jr.,RB,4.503333333333334,3.0,4.62,3.2424000000000004,-4.317,-4.317
Cash Jones,RB,4.503333333333334,3.0,4.62,3.2424000000000004,-4.317,-4.317
Kaytron Allen,RB,4.503333333333334,3.0,4.62,3.2424000000000004,-4.317,-4.317
DJ Giddens,RB,4.733724458467053,3.0,5.89,3.231463078853538,-4.327936921146462,-4.327936921146462
Noah Fant,TE,4.634123875503085,4.726100468782445,5.53,3.335206212751779,-4.367482348396767,-4.367482348396767
Elijah Arroyo,TE,4.692666276784564,3.334551059622685,5.93,3.32213168477072,-4.380556876377827,-4.380556876377827
Brian Robinson Jr.,RB,4.394089284747828,3.202446215739756,4.52,3.1766680770324003,-4.3827319229676,-4.3827319229676
Michael Penix Jr.,QB,15.711005280585715,9.214222701888641,2.93,12.554941572750407,-4.430262758999289,-4.430262758999289
Malik Davis,RB,4.690227948200227,5.129262455103397,6.430000000000001,3.127278458402916,-4.432121541597084,-4.432121541597084
Tommy Tremble,TE,4.277328762799678,4.541365433435192,4.01,3.2696404277989304,-4.433048133349616,-4.433048133349616
Charlie Kolar,TE,4.440211269635328,3.2320906943355188,5.13,3.2478839492891356,-4.4548046118594105,-4.4548046118594105
LeQuint Allen Jr.,RB,4.311867898510024,3.0,4.62,3.104544886927217,-4.454855113072783,-4.454855113072783
Nicholas Singleton,RB,4.283333333333333,3.0,4.62,3.0839999999999996,-4.4754000000000005,-4.4754000000000005
Michael Burton,RB,4.283333333333333,3.0,4.62,3.0839999999999996,-4.4754000000000005,-4.4754000000000005
Antonio Gibson,RB,4.885780190320081,3.0,7.73,3.070856549033533,-4.488543450966468,-4.488543450966468
Isaiah Davis,RB,4.295800933087066,5.174295443181935,4.82,3.067707254569234,-4.4916927454307665,-4.4916927454307665
Dameon Pierce,RB,4.4826966935269414,3.0,5.89,3.0600997134341266,-4.499300286565873,-4.499300286565873
Samaje Perine,RB,4.837421676010103,4.744239614923505,7.609999999999999,3.057535053454621,-4.501864946545379,-4.501864946545379
Marquez Valdes-Scantling,WR,4.993592509820449,3.343318378165289,4.93,3.7114141977400807,-4.50481404184215,-4.50481404184215
Chris Brooks,RB,4.0762737341614015,3.0,3.63,3.053608588502673,-4.505791411497327,-4.505791411497327
Khalil Herbert,RB,4.539670959260747,3.0,6.23,3.053596318773332,-4.505803681226668,-4.505803681226668
Rasheen Ali,RB,4.225202318754,3.0,4.62,3.0421456695028803,-4.51725433049712,-4.51725433049712
Joe Mixon,RB,4.723333333333334,3.0,7.31,3.027100980392157,-4.5322990196078425,-4.5322990196078425
Will Shipley,RB,4.179343011965055,3.0,4.82,2.9845425979562217,-4.574857402043778,-4.574857402043778
Terrell Jennings,RB,4.349335114788817,3.0,6.09,2.943476499743843,-4.615923500256157,-4.615923500256157
Sione Vaki,RB,4.44,3.0,6.59,2.9395411764705885,-4.619858823529412,-4.619858823529412
Hunter Luepke,RB,4.077837717416764,3.0,4.62,2.93604315654007,-4.623356843459931,-4.623356843459931
KeAndre Lambert-Smith,WR,4.782548128243047,3.0,4.68,3.589724359787134,-4.626503879795097,-4.626503879795097
Ronnie Rivers,RB,4.354255527528169,3.0,6.23,2.9288771739579182,-4.630522826042082,-4.630522826042082
Roman Hemby,RB,4.0633333333333335,3.0,4.62,2.9256,-4.6338,-4.6338
Tai Felton,WR,4.74784524094246,3.0,4.68,3.5636767808485756,-4.6525514587336545,-4.6525514587336545
Noah Gray,TE,4.006611623003695,3.0,4.21,3.0391327575666267,-4.66355580358192,-4.66355580358192
Jaylen Wright,RB,4.5301274725547644,6.04974746947709,7.39,2.8926196302695275,-4.666780369730473,-4.666780369730473
Tyler Lockett,WR,4.623073382023044,3.542442244952418,4.21,3.533931682317027,-4.682296557265204,-4.682296557265204
Zavier Scott,RB,4.244913170889616,4.668677056141863,6.53,2.81787324314643,-4.74152675685357,-4.74152675685357
Luke Musgrave,TE,4.024458598237963,3.0,5.13,2.94377309818171,-4.758915462966836,-4.758915462966836
Mitchell Evans,TE,3.8507796766444145,3.206175360076308,4.01,2.943581288117304,-4.759107273031242,-4.759107273031242
Kaleb Johnson,RB,4.094617653037607,3.0,5.89,2.795178697853025,-4.764221302146975,-4.764221302146975
Ashton Dulin,WR,4.743483217656069,3.0,5.4799999999999995,3.4487913276605298,-4.767436911921701,-4.767436911921701
Ollie Gordon II,RB,3.7236742443944584,4.346296597983973,3.63,2.789470088374319,-4.769929911625681,-4.769929911625681
Justin Joly,TE,3.8207692307692307,3.0,4.01,2.9206409502262445,-4.782047610922302,-4.782047610922302
Jarquez Hunter,RB,3.8433333333333337,3.0,4.62,2.7672000000000003,-4.792199999999999,-4.792199999999999
Tim Patrick,WR,4.634377684763267,5.697829096266086,5.13,3.417172016382797,-4.799056223199433,-4.799056223199433
Elijah Higgins,TE,3.6235707041698406,3.9509864739893836,3.11,2.8658181245625594,-4.836870436585987,-4.836870436585987
Jackson Hawes,TE,3.9103594944520834,3.0,5.13,2.8603129596183328,-4.842375601530214,-4.842375601530214
Austin Hooper,TE,3.9256601155593143,3.0,5.33,2.848412795613185,-4.854275765535362,-4.854275765535362
Jerome Ford,RB,4.000965194305745,3.28573060992919,6.23,2.69123747040507,-4.86816252959493,-4.86816252959493
Roschon Johnson,RB,4.11343518246447,3.0,6.89,2.6870410412510557,-4.872358958748944,-4.872358958748944
Tua Tagovailoa,QB,15.569000884471397,9.70948612847873,3.65,12.111766864537307,-4.873437467212389,-4.873437467212389
George Holani,RB,4.0196232031862875,3.2379005543716133,6.39,2.6848718513047234,-4.874528148695276,-4.874528148695276
Velus Jones Jr.,WR,4.447864869386932,3.0,4.68,3.3385150431398385,-4.877713196442392,-4.877713196442392
Tyler Badie,RB,3.8394011265280192,3.0,5.67,2.645799070427985,-4.913600929572015,-4.913600929572015
Daniel Bellinger,TE,3.7818931424814526,5.368091863633694,5.13,2.766343601573933,-4.936344959574614,-4.936344959574614
Josh Oliver,TE,3.77904691852799,4.999787874288147,5.33,2.7420319847083974,-4.960656576440149,-4.960656576440149
Jeremy McNichols,RB,3.9637252641346516,3.778706789365907,7.31,2.5402815736910016,-5.0191184263089985,-5.0191184263089985
Nick Westbrook-Ikhine,WR,4.247403435093338,3.0,4.68,3.1880510489288816,-5.028177190653349,-5.028177190653349
Ben Sinnott,TE,3.6776359909542506,3.0,5.33,2.6684494087306283,-5.034239152417918,-5.034239152417918
Trevor Etienne,RB,3.369176988922081,3.0,3.63,2.523909938466041,-5.0354900615339595,-5.0354900615339595
Tahj Brooks,RB,3.7118071983993355,3.0,6.09,2.5120201069167267,-5.047379893083273,-5.047379893083273
Cade Stover,TE,3.598540687768047,3.0,5.13,2.632226673670333,-5.0704618874782135,-5.0704618874782135
Tommy Myers,TE,3.335714285714286,3.0,4.01,2.549859243697479,-5.152829317451067,-5.152829317451067
British Brooks,RB,3.464832090237301,3.0,5.89,2.3652574357178753,-5.194142564282124,-5.194142564282124
Tanner Hudson,TE,3.456528932221063,3.150238086240467,5.33,2.508016728173342,-5.194671832975205,-5.194671832975205
Isaac Guerendo,RB,3.4211670627584287,3.0,5.89,2.3354496331359744,-5.223950366864026,-5.223950366864026
Adam Trautman,TE,3.366095320283181,3.0,5.13,2.462199723983609,-5.240488837164937,-5.240488837164937
Kirk Cousins,QB,14.659318167694423,10.530375323056841,2.93,11.714519841654631,-5.270684490095064,-5.270684490095064
Jeremy Ruckert,TE,3.1615125666826884,3.0,4.01,2.4166974002377373,-5.285991160910809,-5.285991160910809
Geno Smith,QB,15.745686830038432,9.489663549658347,4.85,11.693488013484425,-5.291716318265271,-5.291716318265271
Marlin Klein,TE,3.1300000000000003,3.0,4.01,2.392608823529412,-5.310079737619135,-5.310079737619135
Jacob Saylors,RB,3.3962149902481875,3.0,6.6899999999999995,2.238505233278291,-5.320894766721709,-5.320894766721709
Matt Hibner,TE,3.060277777777778,3.0,4.01,2.3393123366013073,-5.363376224547239,-5.363376224547239
Tanner Koziol,TE,2.980277777777778,3.0,4.01,2.2781593954248365,-5.42452916572371,-5.42452916572371
Nate Boerkircher,TE,2.980277777777778,3.0,4.01,2.2781593954248365,-5.42452916572371,-5.42452916572371
Shedeur Sanders,QB,14.361366622753446,12.528139469667018,2.93,11.476421504123856,-5.50878282762584,-5.50878282762584
Drew Sample,TE,2.9789835438531105,3.0,5.13,2.1790388451654956,-5.523649715983051,-5.523649715983051
Will Kacmarek,TE,2.7802777777777776,3.0,4.01,2.12527704248366,-5.577411518664887,-5.577411518664887
Patrick Ricard,RB,3.1945108322556997,3.0,8.17,1.9665032858562292,-5.592896714143771,-5.592896714143771
Tyler Goodson,RB,2.867393258364741,3.0,6.09,1.9405505551462556,-5.618849444853744,-5.618849444853744
Luke Schoonmaker,TE,2.7008404884186197,3.0,4.01,2.064554243941174,-5.638134317207372,-5.638134317207372
John Bates,TE,2.8448043982061795,3.0,5.53,2.0474224595325063,-5.65526610161604,-5.65526610161604
Ty Chandler,RB,2.9343290043290042,3.0,7.73,1.844312083015024,-5.715087916984976,-5.715087916984976
Reggie Gilliam,RB,2.6999612237833626,3.0,8.17,1.6620643651113465,-5.897335634888654,-5.897335634888654
Dylan Laube,RB,2.1222509375841265,3.0,3.63,1.589815628831403,-5.969584371168597,-5.969584371168597
Fernando Mendoza,QB,14.145649350649352,4.950977272727273,3.65,11.00448309778457,-5.9807212339651254,-5.9807212339651254
Durham Smythe,TE,2.331679017026398,3.0,5.13,1.7055546221601916,-5.997133938988355,-5.997133938988355
Kene Nwangwu,RB,2.302379079422071,3.0,6.930000000000001,1.5012865938466855,-6.058113406153314,-6.058113406153314
Justin Fields,QB,13.112633793420512,11.860421577667466,4.73,9.78433880409054,-7.200865527659156,-7.200865527659156
Joe Flacco,QB,11.828348288943976,13.96752093342412,2.93,9.452241853253172,-7.532962478496524,-7.532962478496524
Deshaun Watson,QB,12.19,4.2665,3.85,9.41139705882353,-7.573807272926166,-7.573807272926166
Marcus Mariota,QB,11.844812100526987,9.67763630461718,3.1300000000000003,9.395723010329789,-7.589481321419907,-7.589481321419907
Mac Jones,QB,11.703739738978413,12.054085991517942,2.93,9.35266496200128,-7.632539369748416,-7.632539369748416
Tyrod Taylor,QB,11.728809879847391,4.105083457946587,3.93,9.027733957517832,-7.957470374231864,-7.957470374231864
Tyson Bagent,QB,11.234749999999998,3.932162499999999,2.93,8.977886985294116,-8.00731734645558,-8.00731734645558
J.J. McCarthy,QB,11.837946894774182,10.433060486315178,4.33,8.972467396421491,-8.012736935328205,-8.012736935328205
Quinn Ewers,QB,11.146774585116109,3.901371104790638,2.93,8.90758427875308,-8.077620052996616,-8.077620052996616
Jake Browning,QB,11.095549577346958,3.883442352071435,2.93,8.866649471074025,-8.11855486067567,-8.11855486067567
Trey Lance,QB,10.62412321207049,3.718443124224671,2.93,8.4899243432928,-8.495279988456895,-8.495279988456895
Joe Milton III,QB,10.591693574645042,3.7070927511257645,2.93,8.464009247738405,-8.52119508401129,-8.52119508401129
Riley Leonard,QB,10.577741459091115,3.70220951068189,2.93,8.452859865985458,-8.532344465764238,-8.532344465764238
Jameis Winston,QB,9.724923553719009,3.403723243801653,2.93,7.771358028074866,-9.21384630367483,-9.21384630367483
Anthony Richardson Sr.,QB,9.485931818181818,3.320076136363636,3.1300000000000003,7.524575915775401,-9.460628415974295,-9.460628415974295
Gardner Minshew II,QB,9.208650869608821,3.2230278043630873,2.93,7.3587954155079895,-9.626408916241706,-9.626408916241706
Ty Simpson,QB,5.756499999999999,3.0,3.65,4.4782183823529405,-12.506985949396755,-12.506985949396755
Drew Allar,QB,5.156499999999999,3.0,3.65,4.0114536764705875,-12.973750655279108,-12.973750655279108
Carson Beck,QB,4.60775,3.0,3.65,3.584558455882353,-13.400645875867342,-13.400645875867342
Cade Klubnik,QB,4.5565,3.0,3.65,3.544688970588235,-13.440515361161461,-13.440515361161461
