name,pos,team,g,ppgA,tgt_pg,car_pg,tgt_share,car_share,snapf,age,model_A,model_B
Josh Allen,QB,BUF,16,22.78875,0.0,7.0,0.0,0.2222222222222222,0.9217647058823529,30.305270362765228,20.99239321961112,24.724347802185736
Christian McCaffrey,RB,SF,17,25.211764705882356,7.588235294117647,18.294117647058822,0.2476007677543186,0.6492693110647182,0.8311764705882353,30.258726899383984,20.809000990575914,20.60519617838882
Puka Nacua,WR,LA,16,24.40625,10.375,0.625,0.3029197080291971,0.022935779816513763,0.6825,25.284052019164957,20.570537348388797,20.689303000299475
Bijan Robinson,RB,ATL,17,22.870588235294118,6.0588235294117645,16.88235294117647,0.19884169884169883,0.6016771488469602,0.7817647058823529,24.61054072553046,20.129626800995826,19.90021158398347
Jahmyr Gibbs,RB,DET,17,22.494117647058825,5.529411764705882,14.294117647058824,0.1709090909090909,0.5510204081632653,0.67,24.476386036960985,19.736499169972603,19.51173420348512
Ja'Marr Chase,WR,CIN,16,20.25625,11.5625,0.1875,0.3228621291448517,0.008379888268156424,0.94375,26.527036276522928,19.338341681776907,19.451922848967598
Jaxon Smith-Njigba,WR,SEA,17,21.964705882352945,9.588235294117647,0.4117647058823529,0.35824175824175825,0.013806706114398421,0.7741176470588236,24.569472963723477,18.81905020889574,18.930200179082377
Patrick Mahomes,QB,KC,14,20.405714285714286,0.07142857142857142,4.571428571428571,0.0020964360587002098,0.17158176943699732,0.9742857142857143,30.981519507186857,18.68779883871704,22.245744907514393
Jalen Hurts,QB,PHI,16,18.81625,0.0,6.5625,0.0,0.2292576419213974,0.9762500000000001,28.093086926762492,18.682331688638808,22.09057558239191
Jaxson Dart,QB,NYG,14,17.255714285714287,0.0,6.142857142857143,0.0,0.2097560975609756,0.8364285714285714,23.329226557152634,18.450099573083225,21.42991903329706
Jonathan Taylor,RB,IND,17,22.488235294117647,3.235294117647059,19.0,0.10396975425330812,0.7324263038548753,0.8258823529411765,27.641341546885695,18.3057245837484,18.02721184816741
Drake Maye,QB,NE,17,20.70352941176471,0.058823529411764705,6.0588235294117645,0.002074688796680498,0.20850202429149797,0.9576470588235295,24.030116358658454,18.274085680146932,21.74963003157036
De'Von Achane,RB,MIA,16,20.925,5.3125,14.875,0.19813519813519814,0.5876543209876544,0.75375,24.908966461327857,18.226187320037887,18.013394466433507
Justin Herbert,QB,LAC,16,18.43,0.0,5.1875,0.0,0.18651685393258427,0.968125,28.503764544832308,18.17031456893763,21.43991506345327
Brock Purdy,QB,SF,9,19.70888888888889,0.0,3.6666666666666665,0.0,0.12177121771217712,0.9777777777777779,26.704996577686515,18.158146874612367,21.818584244616783
Lamar Jackson,QB,BAL,13,16.52769230769231,0.0,5.153846153846154,0.0,0.18457300275482094,0.9223076923076923,29.672826830937716,17.97449406970968,21.11304845850033
Amon-Ra St. Brown,WR,DET,17,19.5,10.117647058823529,0.17647058823529413,0.31272727272727274,0.006802721088435374,0.8523529411764706,26.88021902806297,17.916058820862627,18.01760049518714
Trevor Lawrence,QB,JAX,17,19.89294117647059,0.0,4.823529411764706,0.0,0.1680327868852459,0.9670588235294119,26.92950034223135,17.755062928071137,21.312568201075912
Jayden Daniels,QB,WAS,7,16.325714285714287,0.0,8.285714285714286,0.0,0.29441624365482233,0.9028571428571429,25.727583846680357,17.681258814180456,20.502178453355697
Justin Fields,QB,NYJ,9,15.851111111111111,0.1111111111111111,7.888888888888889,0.004484304932735426,0.27413127413127414,0.8977777777777778,27.51813826146475,17.586026471367703,20.268767586841022
Bo Nix,QB,DEN,17,17.93176470588235,0.058823529411764705,4.882352941176471,0.0017391304347826088,0.1860986547085202,0.9964705882352942,26.54072553045859,17.512240101013784,20.91167139864744
Caleb Williams,QB,CHI,17,18.745882352941177,0.11764705882352941,4.529411764705882,0.0037593984962406013,0.15247524752475247,0.9905882352941177,24.810403832991103,17.472578206687245,20.85084521375456
Rashee Rice,WR,KC,8,18.95,9.75,0.625,0.2867647058823529,0.0228310502283105,0.74875,26.38466803559206,17.31787615717824,17.4128235708528
Matthew Stafford,QB,LA,17,21.081176470588236,0.0,1.7058823529411764,0.0,0.06236559139784946,0.9852941176470589,38.59000684462697,17.186476908643765,21.435813866846253
Baker Mayfield,QB,TB,17,15.99529411764706,0.0,3.235294117647059,0.0,0.11652542372881355,0.9711764705882354,31.408624229979466,17.001392074026462,20.20978726760708
Drake London,WR,ATL,12,17.45,9.333333333333334,0.0,0.30434782608695654,0.0,0.9066666666666666,25.130732375085557,16.88183085341558,16.977553400034704
Dak Prescott,QB,DAL,17,18.457647058823532,0.0,3.1176470588235294,0.0,0.11422413793103449,0.9505882352941176,33.1170431211499,16.859801390779793,20.56911530619899
Jacoby Brissett,QB,ARI,14,16.81714285714286,0.0,2.7142857142857144,0.0,0.1292517006802721,0.8571428571428571,33.74674880219028,16.852703367166338,20.396334351785576
Jared Goff,QB,DET,17,17.474117647058822,0.0,1.1176470588235294,0.0,0.04308390022675737,0.9852941176470589,31.906913073237508,16.812938801364474,20.57578464935053
Daniel Jones,QB,IND,13,17.41846153846154,0.0,3.4615384615384617,0.0,0.13196480938416422,0.9146153846153846,29.28952772073922,16.758293862565427,20.22704898112743
Joe Burrow,QB,CIN,8,16.8075,0.0,1.75,0.0,0.06763285024154589,0.8775,29.749486652977414,16.6568917293346,20.256274223514964
Jordan Love,QB,GB,15,15.675999999999998,0.0,3.1333333333333333,0.0,0.10681818181818181,0.9426666666666667,27.854893908281998,16.58680437227834,19.86216700094736
James Cook,RB,BUF,17,19.658823529411766,2.3529411764705883,18.176470588235293,0.08350730688935282,0.5648994515539305,0.571764705882353,26.9596167008898,16.460908475234973,16.20580421119273
Kyler Murray,QB,ARI,5,15.556000000000001,0.0,5.8,0.0,0.23577235772357724,0.9879999999999999,29.09240246406571,16.377574315429566,19.236329956593273
Marcus Mariota,QB,WAS,10,12.55,0.0,5.0,0.0,0.17793594306049823,0.7454545454545454,32.86242299794661,16.26825299164808,18.933124201053975
Trey McBride,TE,ARI,17,18.847058823529412,9.941176470588236,0.0,0.2739059967585089,0.0,0.9135294117647058,26.80082135523614,16.151164370065008,16.22151517110659
Malik Willis,QB,GB,4,12.795,0.0,5.5,0.0,0.1746031746031746,0.4225,27.29637234770705,16.127134923130342,18.798516600846582
Tyler Shough,QB,NO,11,14.360000000000001,0.0,4.090909090909091,0.0,0.16129032258064516,0.8345454545454545,26.951403148528406,16.063168957465564,19.10368308617763
C.J. Stroud,QB,HOU,14,14.895714285714286,0.0,3.4285714285714284,0.0,0.1188118811881188,0.9121428571428571,24.93634496919918,15.843826983007002,18.92899299376139
Bryce Young,QB,CAR,16,14.1275,0.0,3.375,0.0,0.12471131639722864,0.9675,25.127994524298426,15.741253055211727,18.78607036500437
Aaron Rodgers,QB,PIT,16,14.1925,0.0625,1.3125,0.00205761316872428,0.058823529411764705,0.956875,42.77344284736482,15.674217505426691,19.192539751818217
J.J. McCarthy,QB,MIN,10,12.538,0.0,3.7,0.0,0.1450980392156863,0.916,23.638603696098563,15.532991772298304,18.268143789548365
Sam Darnold,QB,SEA,17,13.848235294117648,0.0,2.0588235294117645,0.0,0.06903353057199212,0.9617647058823531,29.26488706365503,15.530470729147765,18.75160364315661
CeeDee Lamb,WR,DAL,13,16.146153846153847,9.0,0.07692307692307693,0.2526997840172786,0.002702702702702703,0.7285714285714285,27.42505133470226,15.3535307007166,15.43231099894875
Carson Wentz,QB,MIN,5,14.068000000000001,0.0,2.2,0.0,0.10185185185185185,0.932,33.69472963723477,15.353137476121834,18.418176000644955
Chase Brown,RB,CIN,17,17.15294117647059,5.176470588235294,13.647058823529411,0.14497528830313014,0.6089238845144357,0.3167996898594326,26.472279260780287,15.272354674605337,15.132325180198292
Michael Penix Jr.,QB,ATL,9,13.364444444444445,0.0,2.3333333333333335,0.0,0.08333333333333333,0.9322222222222223,26.340862422997947,15.155374195930575,18.239625945786813
George Pickens,WR,DAL,17,17.61176470588235,8.058823529411764,0.0,0.2257001647446458,0.0,0.8111764705882354,25.519507186858316,15.134309091625141,15.217388123532286
Tyrod Taylor,QB,NYJ,6,9.91,0.0,4.5,0.0,0.2,0.6699999999999999,37.10335386721424,14.906482168850475,17.501119759694785
Tyler Huntley,QB,BAL,5,8.028,0.0,4.8,0.0,0.13186813186813187,0.5940000000000001,28.59958932238193,14.784518008392755,17.099921259832417
Russell Wilson,QB,NYG,6,9.64,0.0,3.0,0.0,0.0989010989010989,0.5433333333333333,37.779603011635864,14.763216984886885,17.422106282568915
Davis Mills,QB,HOU,6,11.433333333333332,0.0,2.1666666666666665,0.0,0.07926829268292683,0.705,27.887748117727583,14.715444699584282,17.535348369780966
Omarion Hampton,RB,LAC,9,15.41111111111111,3.888888888888889,13.777777777777779,0.125,0.5145228215767634,0.6344444444444445,23.488021902806295,14.64715187937497,14.494725187943176
Cam Skattebo,RB,NYG,8,15.9625,4.0,12.625,0.1322314049586777,0.43162393162393164,0.5225,24.594113620807665,14.60198088297739,14.460542231356824
Shedeur Sanders,QB,CLE,8,10.6125,0.0,2.625,0.0,0.10552763819095477,0.91625,24.588637919233403,14.596609491540514,17.069546970997088
Ashton Jeanty,RB,LV,17,14.770588235294117,4.294117647058823,15.647058823529411,0.14807302231237324,0.7228260869565217,0.7788235294117647,22.77344284736482,14.590567385247937,14.4450291598351
Spencer Rattler,QB,NO,9,11.015555555555556,0.2222222222222222,3.4444444444444446,0.0064516129032258064,0.13901345291479822,0.8166666666666667,25.949349760438057,14.578961951544864,17.174406213180028
Brock Bowers,TE,LV,12,14.933333333333332,7.166666666666667,0.16666666666666666,0.23626373626373626,0.008032128514056224,0.8591666666666667,23.742642026009584,14.526449271902706,14.594681876081161
Geno Smith,QB,LV,15,11.593333333333334,0.0,2.7333333333333334,0.0,0.12654320987654322,0.9646666666666667,35.917864476386036,14.515490054475864,17.55003676168114
Nico Collins,WR,HOU,15,15.38,8.0,0.13333333333333333,0.2464065708418891,0.004914004914004914,0.772,27.479808350444902,14.458566527562489,14.531680365491843
Joe Flacco,QB,CIN,13,11.896923076923077,0.0,1.6153846153846154,0.0,0.07,0.7784615384615384,41.648186173853524,14.448093654556338,17.70019657788795
Mitchell Trubisky,QB,BUF,4,7.779999999999999,0.0,2.25,0.0,0.06293706293706294,0.3325,32.05749486652977,14.396845414559493,17.079599443443804
Chris Olave,WR,NO,16,17.03125,9.75,0.0625,0.2937853107344633,0.0024449877750611247,0.843125,26.203969883641342,14.345686625958221,14.42956270503597
Tua Tagovailoa,QB,MIA,14,11.478571428571428,0.0,1.4285714285714286,0.0,0.05763688760806916,0.9542857142857143,28.525667351129364,14.321636069806473,17.295501768942792
Jake Browning,QB,CIN,5,9.748000000000001,0.0,1.8,0.0,0.09782608695652174,0.734,30.414784394250514,14.295317556855181,17.034599154693915
Mac Jones,QB,SF,11,11.82181818181818,0.0,3.272727272727273,0.0,0.12121212121212122,0.7436363636363637,28.01368925393566,14.268748481394256,17.199729477956826
Quinn Ewers,QB,MIA,4,8.295,0.25,2.0,0.00980392156862745,0.0761904761904762,0.79,23.49075975359343,14.105258204571985,16.737049170232222
Kyren Williams,RB,LA,17,15.664705882352942,2.9411764705882355,15.235294117647058,0.08605851979345955,0.556989247311828,0.6829411764705882,26.039698836413415,14.063190322239558,13.88534882909235
Cam Ward,QB,TEN,17,10.980000000000002,0.0,2.2941176470588234,0.0,0.10317460317460317,0.9464705882352941,24.295687885010267,13.959513542330084,16.70326287874142
Kirk Cousins,QB,ATL,10,10.354000000000001,0.0,1.4,0.0,0.050724637681159424,0.861,38.05886379192334,13.901245675214444,16.93625172000423
Zay Flowers,WR,BAL,17,14.576470588235296,6.9411764705882355,0.5882352941176471,0.28992628992628994,0.01972386587771203,0.8647058823529411,25.9958932238193,13.862215772321509,13.935092604640221
Derrick Henry,RB,BAL,17,18.147058823529413,1.2352941176470589,18.058823529411764,0.051597051597051594,0.6055226824457594,0.5452941176470588,32.681724845995895,13.859796800140062,13.62067240435486
A.J. Brown,WR,PHI,15,15.186666666666667,8.066666666666666,0.0,0.2951219512195122,0.0,0.9066666666666666,29.196440793976727,13.842795077498597,13.91588663904125
Bucky Irving,RB,TB,10,14.0,3.5,17.3,0.11290322580645161,0.5924657534246576,0.616,24.060232717316907,13.683427971145122,13.540136784116472
Tetairoa McMillan,WR,CAR,17,12.729411764705883,7.176470588235294,0.0,0.25416666666666665,0.0,0.871764705882353,23.433264887063654,13.602956677760323,13.673852507904986
Riley Leonard,QB,IND,5,6.2,0.0,1.2,0.0,0.05263157894736842,0.394,23.991786447638603,13.578433935411358,15.99898291818223
Trey Lance,QB,LAC,4,3.385,0.0,4.25,0.0,0.1588785046728972,0.3775,26.338124572210816,13.488933565321126,15.691746424140984
Josh Jacobs,RB,GB,15,15.806666666666668,2.933333333333333,15.6,0.10256410256410256,0.563855421686747,0.5906666666666667,28.577686516084874,13.40347799610415,13.241991603412064
Joe Milton III,QB,DAL,4,2.58,0.0,1.25,0.0,0.04807692307692308,0.21,26.51334702258727,13.401065386601918,15.626887149290088
Wan'Dale Robinson,WR,NYG,16,13.9,8.75,0.1875,0.29723991507430997,0.006276150627615063,0.9075,25.678302532511978,13.337493528880302,13.411998657201732
Jameson Williams,WR,DET,17,13.288235294117648,6.0,0.35294117647058826,0.18545454545454546,0.013605442176870748,0.9017647058823529,25.45927446954141,13.326871548723568,13.392410455958025
Tanner McKee,QB,PHI,4,3.4400000000000004,0.0,2.0,0.0,0.06015037593984962,0.345,26.3709787816564,13.24415192514136,15.623234696048907
Andy Dalton,QB,CAR,4,2.38,0.0,1.25,0.0,0.040983606557377046,0.38,38.86652977412731,13.106818716149021,15.543703659653481
Javonte Williams,RB,DAL,16,15.55,3.1875,15.75,0.08732876712328767,0.5806451612903226,0.69,26.376454483230663,13.069373655442254,12.909512799245046
George Kittle,TE,SF,11,14.818181818181818,6.2727272727272725,0.09090909090909091,0.22847682119205298,0.003115264797507788,0.8118181818181818,32.91991786447639,13.014848115922245,13.096998575605312
Garrett Wilson,WR,NYJ,7,14.214285714285714,8.428571428571429,0.0,0.3430232558139535,0.0,0.87,26.135523613963038,12.958797670783907,13.026249808296171
Dillon Gabriel,QB,CLE,10,7.008,0.0,1.4,0.0,0.05263157894736842,0.562,25.700205338809035,12.929091288000041,15.202327334589585
Breece Hall,RB,NYJ,16,13.72875,3.0,15.1875,0.1085972850678733,0.5625,0.64375,25.27857631759069,12.919121089282916,12.771494480607682
Saquon Barkley,RB,PHI,16,15.08125,3.125,17.5,0.11627906976744186,0.611353711790393,0.783125,29.582477754962355,12.850456792863088,12.696348369731824
Brady Cook,QB,NYJ,5,5.692,0.0,2.6,0.0,0.1092436974789916,0.9800000000000001,24.91170431211499,12.828791642416146,15.2002920306829
Joshua Dobbs,QB,NE,4,0.525,0.0,2.5,0.0,0.07407407407407407,0.18,31.62217659137577,12.803433328350664,15.070442148098438
Zach Wilson,QB,MIA,4,0.34500000000000003,0.0,0.75,0.0,0.02608695652173913,0.1125,27.104722792607802,12.739043470228602,14.945947170518913
Tee Higgins,WR,CIN,15,14.206666666666667,6.533333333333333,0.0,0.1859582542694497,0.0,0.8086666666666666,27.644079397672826,12.736866708019184,12.797933741505275
Mason Rudolph,QB,PIT,5,3.0,0.0,1.4,0.0,0.0546875,0.33799999999999997,31.15126625598905,12.722817062652453,15.021351013316908
Nick Mullens,QB,JAX,4,-0.010000000000000009,0.0,3.0,0.0,0.10909090909090909,0.11200000000000002,31.474332648870636,12.717061484006367,14.955736392409138
D'Andre Swift,RB,CHI,16,14.85,3.0,13.9375,0.0963855421686747,0.47649572649572647,0.57875,27.655030800821354,12.658322127554223,12.511238857781441
Gardner Minshew,QB,KC,4,-0.08000000000000007,0.0,1.5,0.0,0.05504587155963303,0.1675,30.31895961670089,12.655037642079808,14.860801739217642
Emeka Egbuka,WR,TB,17,11.776470588235293,7.470588235294118,0.11764705882352941,0.2351851851851852,0.00423728813559322,0.776470588235294,23.906913073237508,12.630327986132585,12.693013769013675
Quinshon Judkins,RB,CLE,14,12.342857142857143,2.5714285714285716,16.428571428571427,0.08275862068965517,0.6609195402298851,0.505,22.86652977412731,12.603049032947833,12.457092929614781
Tucker Kraft,TE,GB,8,15.024999999999999,5.5,0.125,0.18803418803418803,0.0043859649122807015,0.86,25.8507871321013,12.589288356602413,12.679686655688265
Quentin Johnston,WR,LAC,13,13.284615384615384,6.461538461538462,0.15384615384615385,0.20192307692307693,0.005747126436781609,0.7685714285714286,25.010266940451746,12.572726946249862,12.634017844277782
Justin Jefferson,WR,MIN,17,12.117647058823529,8.294117647058824,0.11764705882352941,0.30257510729613735,0.004914004914004914,0.9417647058823531,27.236139630390145,12.559966991197157,12.626409693466275
Cooper Rush,QB,BAL,4,0.43000000000000005,0.0,1.0,0.0,0.0425531914893617,0.505,32.80219028062971,12.447367351650488,14.730545993771266
Travis Etienne,RB,JAX,17,15.28823529411765,3.0588235294117645,15.294117647058824,0.10358565737051793,0.5327868852459017,0.6011764705882353,27.62217659137577,12.366327213226255,12.2226622143419
Davante Adams,WR,LA,14,16.02857142857143,8.142857142857142,0.0,0.24782608695652175,0.0,0.7142857142857143,33.711156741957566,12.29154552662532,12.349361731932214
Rome Odunze,WR,CHI,12,12.424999999999999,7.5,0.0,0.23684210526315788,0.0,0.8808333333333334,24.27104722792608,11.991175186761733,12.05524852705705
Alec Pierce,WR,IND,15,12.42,5.6,0.0,0.17987152034261242,0.0,0.8593333333333334,26.357289527720738,11.950540429533849,12.006741514949912
TreVeyon Henderson,RB,NE,17,12.482352941176472,2.4705882352941178,10.588235294117647,0.08713692946058091,0.3643724696356275,0.4588235294117647,23.88501026694045,11.946182673768867,11.817775766424512
Harold Fannin Jr.,TE,CLE,16,11.74375,6.6875,0.4375,0.214,0.017632241813602016,0.759375,22.140999315537304,11.944166901637303,11.97607909325911
Kenny Pickett,QB,LV,6,1.2866666666666668,0.0,0.8333333333333334,0.0,0.044642857142857144,0.28500000000000003,28.262833675564682,11.825383639419327,13.797753974932633
Rico Dowdle,RB,CAR,17,13.547058823529412,2.9411764705882355,13.882352941176471,0.10416666666666667,0.5119305856832972,0.5605882352941176,28.240930869267626,11.790979284761272,11.662426771216637
Ladd McConkey,WR,LAC,16,11.49375,6.625,0.0,0.21157684630738524,0.0,0.775,24.829568788501028,11.728356555042168,11.783959812223749
DeVonta Smith,WR,PHI,17,12.047058823529412,6.647058823529412,0.0,0.2435344827586207,0.0,0.8441176470588235,27.822039698836413,11.681298489414827,11.736910449203794
DK Metcalf,WR,PIT,15,12.68,6.6,0.13333333333333333,0.22654462242562928,0.0057306590257879654,0.8726666666666667,28.739219712525667,11.666661873316286,11.722456011188983
Sam LaPorta,TE,DET,9,11.877777777777778,5.444444444444445,0.0,0.18631178707224336,0.0,0.9066666666666667,25.659137577002053,11.475616125533774,11.528232458275149
Courtland Sutton,WR,DEN,17,13.100000000000001,7.294117647058823,0.0,0.21565217391304348,0.0,0.8535294117647059,30.91854893908282,11.435683244180098,11.489343986665588
Jaylen Warren,RB,PIT,16,13.94375,2.8125,13.1875,0.09090909090909091,0.5796703296703297,0.5075000000000001,27.857631759069132,11.290573083439506,11.162522865621797
Marvin Harrison Jr.,WR,ARI,12,10.65,6.083333333333333,0.0,0.18024691358024691,0.0,0.7125,24.082135523613964,11.281852872766969,11.331886021344165
Michael Wilson,WR,ARI,17,13.241176470588234,7.411764705882353,0.0,0.20421393841166938,0.0,0.8135294117647058,26.546201232032853,11.260173827021333,11.31796544759781
Tyler Warren,TE,IND,17,11.088235294117647,6.588235294117647,0.35294117647058826,0.21172022684310018,0.013605442176870748,0.8382352941176471,24.298425735797398,11.142896976670126,11.166326067668535
Brian Thomas Jr.,WR,JAX,14,9.914285714285715,6.5,0.21428571428571427,0.21311475409836064,0.007772020725388601,0.7764285714285715,23.923340177960302,11.093778068310428,11.145083634399796
RJ Harvey,RB,DEN,17,12.15294117647059,3.411764705882353,8.588235294117647,0.10086956521739131,0.3273542600896861,0.4211764705882353,25.596167008898014,11.09308905398085,11.02178940412513
Jaylen Waddle,WR,MIA,16,12.22625,6.25,0.125,0.2331002331002331,0.0049382716049382715,0.77625,27.79192334017796,10.965663483428855,11.016568511142596
Kenneth Walker III,RB,SEA,17,11.641176470588235,2.1176470588235294,13.0,0.07912087912087912,0.4358974358974359,0.4688235294117647,25.88911704312115,10.930386402545796,10.807011561921948
J.K. Dobbins,RB,DEN,10,12.190000000000001,1.4,15.3,0.04281345565749235,0.575187969924812,0.511,27.731690622861056,10.898877947144937,10.740922067266187
Christian Watson,WR,GB,10,13.39,5.5,0.1,0.19230769230769232,0.0035714285714285713,0.6769999999999999,27.33196440793977,10.741949557364968,10.790332583069086
Max Brosmer,QB,MIN,7,0.602857142857143,0.0,1.0,0.0,0.04142011834319527,0.4542857142857143,25.453798767967147,10.737278282191976,12.502802389776635
Colston Loveland,TE,CHI,16,10.4125,5.125,0.0625,0.16532258064516128,0.0020876826722338203,0.645,22.420260095824776,10.712639250607873,10.753662321078847
Rhamondre Stevenson,RB,NE,14,12.985714285714286,2.642857142857143,9.285714285714286,0.09438775510204081,0.3194103194103194,0.5935714285714286,28.54483230663929,10.63519328800873,10.536184923326376
Dallas Goedert,TE,PHI,15,12.44,5.466666666666667,0.0,0.20048899755501223,0.0,0.846,31.685147159479808,10.614394295681224,10.67342283682061
Kyle Pitts,TE,ATL,17,12.488235294117647,6.9411764705882355,0.0,0.2277992277992278,0.0,0.88,25.927446954141,10.554342056014946,10.5842151809819
Malik Nabers,WR,NYG,4,14.65,8.75,0.0,0.28688524590163933,0.0,0.795,23.121149897330596,10.490769638562925,10.534770115094188
Parker Washington,WR,JAX,16,11.73125,5.9375,0.4375,0.20169851380042464,0.015350877192982455,0.61375,24.473648186173854,10.48407935750983,10.531066629597085
Jordan Addison,WR,MIN,14,9.864285714285714,5.642857142857143,0.14285714285714285,0.1970074812967581,0.006042296072507553,0.8514285714285714,24.618754277891856,10.478657420940241,10.526651333956437
Zach Charbonnet,RB,SEA,16,11.525,1.5,11.5,0.05517241379310345,0.3881856540084388,0.48375,25.67008898015058,10.427754313678449,10.309559006164575
Ricky Pearsall,WR,SF,9,10.177777777777779,5.888888888888889,0.2222222222222222,0.19343065693430658,0.0072992700729927005,0.7811111111111111,26.001368925393567,10.41577524118564,10.46143917270556
Michael Pittman,WR,IND,17,11.994117647058824,6.529411764705882,0.0,0.20982986767485823,0.0,0.8552941176470588,28.930869267624914,10.300505049478076,10.34884505570045
Tyrone Tracy Jr.,RB,NYG,15,10.92,3.2,11.733333333333333,0.10810810810810811,0.4009111617312073,0.5446666666666666,26.798083504449007,10.247694106104392,10.172244971926471
Jakobi Meyers,WR,JAX,16,10.9875,6.875,0.3125,0.2286902286902287,0.011210762331838564,0.85,29.83436002737851,10.165032707610367,10.21087176973308
Stefon Diggs,WR,NE,17,12.811764705882354,6.0,0.0,0.21161825726141079,0.0,0.5376470588235295,32.780287474332646,10.105427586222666,10.141492978606713
Kenny Gainwell,RB,PIT,17,13.01764705882353,5.0,6.705882352941177,0.1644100580270793,0.29081632653061223,0.4964705882352941,27.49349760438056,10.097002415079787,10.067890793601267
Romeo Doubs,WR,GB,16,10.3375,5.3125,0.0,0.18888888888888888,0.0,0.775625,26.409308692676248,10.093931595422106,10.136711655079564
Jauan Jennings,WR,SF,15,11.553333333333335,6.0,0.0,0.20454545454545456,0.0,0.8206666666666667,29.169062286105408,10.07961924688496,10.123998394910185
Khalil Shakir,WR,BUF,16,10.49375,5.9375,0.0625,0.2106430155210643,0.001984126984126984,0.5975,26.600958247775495,10.055185594885783,10.095171328851235
Terry McLaurin,WR,WAS,10,11.42,6.0,0.0,0.23255813953488372,0.0,0.704,30.986995208761122,10.017670696209557,10.057526890104128
Tony Pollard,RB,TEN,17,11.458823529411765,2.411764705882353,14.235294117647058,0.07750472589792061,0.6402116402116402,0.6247058823529412,29.363449691991786,9.986857547406142,9.874729892575512
Luther Burden III,WR,CHI,15,8.726666666666667,4.0,0.4,0.1279317697228145,0.013574660633484163,0.39666666666666667,22.746064339493497,9.693527625762306,9.72311794054836
Deebo Samuel Sr.,WR,WAS,16,11.762500000000001,6.1875,1.0625,0.24688279301745636,0.03728070175438596,0.7225,30.652977412731005,9.515650603328204,9.555788306752692
Tre Tucker,WR,LV,17,9.6,5.411764705882353,0.6470588235294118,0.18661257606490872,0.029891304347826088,0.9482352941176471,25.508555783709788,9.428487780224135,9.472941182177454
Kayshon Boutte,WR,NE,14,8.971428571428572,3.2857142857142856,0.0,0.11645569620253164,0.0,0.6749999999999999,24.344969199178646,9.401920006992716,9.434346281440861
Travis Kelce,TE,KC,17,11.364705882352942,6.352941176470588,0.058823529411764705,0.19672131147540983,0.002325581395348837,0.8188235294117647,36.930869267624914,9.384795147032941,9.41578818325145
Keon Coleman,WR,BUF,12,8.658333333333333,4.916666666666667,0.0,0.17352941176470588,0.0,0.6523076923076924,23.318275154004105,9.280251354481145,9.316320794642792
Oronde Gadsden II,TE,LAC,15,8.860000000000001,4.6,0.0,0.14435146443514643,0.0,0.626,23.211498973305954,9.25882898279933,9.286879959013364
Jake Ferguson,TE,DAL,17,11.064705882352941,6.0,0.058823529411764705,0.16803953871499178,0.0021551724137931034,0.6670588235294117,27.644079397672826,9.211766487055765,9.241090964152173
Kyle Monangai,RB,CHI,17,8.982352941176472,1.7647058823529411,9.941176470588236,0.05639097744360902,0.3346534653465347,0.4088235294117647,24.262833675564682,9.146254010505832,9.063083606035754
Hunter Henry,TE,NE,17,10.605882352941178,5.117647058823529,0.0,0.18049792531120332,0.0,0.7941176470588235,31.759069130732374,9.143834160845621,9.183876229692311
Dalton Kincaid,TE,BUF,12,10.758333333333333,4.083333333333333,0.0,0.14626865671641792,0.0,0.3741666666666667,26.89664613278576,9.082781650349936,9.14473772829729
Xavier Worthy,WR,KC,14,7.8500000000000005,5.214285714285714,0.7857142857142857,0.16043956043956045,0.031161473087818695,0.7057142857142857,23.37303216974675,9.081331303012494,9.11665421582029
Woody Marks,RB,HOU,16,9.06875,2.25,12.25,0.06936416184971098,0.4365256124721604,0.515,25.697467488021903,9.018604630843852,8.949417641189559
Troy Franklin,WR,DEN,17,10.41764705882353,6.117647058823529,0.29411764705882354,0.1808695652173913,0.011210762331838564,0.5958823529411765,23.592060232717316,9.013761313187864,9.053315628475215
Juwan Johnson,TE,NO,17,10.58235294117647,6.0,0.0,0.18053097345132743,0.0,0.75,29.99041752224504,8.943562856867405,8.966932993086472
DJ Moore,WR,CHI,17,10.128235294117648,5.0,0.8823529411764706,0.15977443609022557,0.0297029702970297,0.8482352941176471,29.4072553045859,8.840347487454029,8.875042747966887
Josh Downs,WR,IND,16,8.65,5.5,0.125,0.17706237424547283,0.004784688995215311,0.586875,25.078713210130047,8.831572955359217,8.863458731354324
Mike Evans,WR,TB,8,10.787500000000001,7.75,0.0,0.23134328358208955,0.0,0.65625,33.054072553045856,8.805213031588739,8.838772139853738
Brenton Strange,TE,JAX,12,9.833333333333334,5.0,0.0,0.16853932584269662,0.0,0.7483333333333334,25.702943189596166,8.744873266319843,8.773809073049021
Elic Ayomanor,WR,TEN,16,7.28125,5.5625,0.0,0.18126272912423624,0.0,0.805625,23.27173169062286,8.715696792481083,8.752252450008164
Jake Tonges,TE,SF,10,9.330000000000002,4.6,0.0,0.13690476190476192,0.0,0.3317647058823529,27.175906913073238,8.691313245315722,8.728581266745033
Audric Estimé,RB,NO,5,9.62,2.6,9.2,0.08176100628930817,0.3511450381679389,0.39285714285714285,23.01163586584531,8.677362428412833,8.623916125173327
Jalen Coker,WR,CAR,11,8.218181818181819,3.909090909090909,0.0,0.14878892733564014,0.0,0.6936363636363636,24.862422997946613,8.655908162815441,8.685775167969265
Kimani Vidal,RB,LAC,13,9.761538461538462,1.6923076923076923,11.923076923076923,0.05472636815920398,0.4246575342465753,0.5446153846153846,25.034907597535934,8.646743944777443,8.560477822426835
Tyjae Spears,RB,TEN,13,8.592307692307692,3.8461538461538463,5.538461538461538,0.1201923076923077,0.2482758620689655,0.4592307692307692,25.23750855578371,8.560416618974891,8.558777588095998
Tyreek Hill,WR,MIA,4,13.75,7.25,0.0,0.24786324786324787,0.0,0.6849999999999999,32.5284052019165,8.474037836661374,8.50117455084439
Dalton Schultz,TE,HOU,17,10.452941176470588,6.235294117647059,0.0,0.19168173598553345,0.0,0.7105882352941176,30.16563997262149,8.388806331789166,8.404992813079637
David Montgomery,RB,DET,17,9.99529411764706,1.7058823529411764,9.294117647058824,0.05272727272727273,0.35827664399092973,0.37058823529411766,29.259411362080765,8.354825895702456,8.278923785589779
Jacory Croskey-Merritt,RB,WAS,17,8.605882352941178,0.7647058823529411,10.294117647058824,0.03009259259259259,0.3615702479338843,0.3947058823529412,25.412731006160165,8.342816277867923,8.246765641704537
Darren Waller,TE,MIA,9,9.855555555555556,3.7777777777777777,0.1111111111111111,0.1459227467811159,0.004273504273504274,0.44999999999999996,33.99041752224504,8.30582793734758,8.363570058424518
Cade Otton,TE,TB,15,8.146666666666667,5.4,0.0,0.16910229645093947,0.0,0.9349999999999999,27.405886379192335,8.305317037320508,8.306229284394917
Zach Ertz,TE,WAS,13,9.838461538461539,5.538461538461538,0.0,0.20224719101123595,0.0,0.6646153846153846,35.832991101984945,8.157367841418054,8.182256688364102
Aaron Jones,RB,MIN,12,9.891666666666667,3.4166666666666665,11.0,0.13758389261744966,0.4714285714285714,0.5508333333333333,31.772758384668034,8.133731410768732,8.096832551248042
Keenan Allen,WR,LAC,17,10.835294117647058,7.176470588235294,0.0,0.22634508348794063,0.0,0.5547058823529412,34.3709787816564,8.122568700015009,8.148565643679024
Theo Johnson,TE,NYG,15,8.52,4.933333333333334,0.0,0.167420814479638,0.0,0.8673333333333333,25.53593429158111,8.116189386289777,8.127878836778867
Jayden Higgins,WR,HOU,17,7.617647058823529,4.0,0.0,0.12296564195298372,0.0,0.5723529411764706,23.737166324435318,8.10805957417081,8.132570227124527
Rashid Shaheed,WR,SEA,18,8.783333333333333,5.111111111111111,0.5,0.16696914700544466,0.018255578093306288,0.6088888888888889,28.027378507871322,8.087202596705737,8.112804636603151
AJ Barner,TE,SEA,17,8.664705882352942,4.0,0.5882352941176471,0.14945054945054945,0.01972386587771203,0.7729411764705882,24.355920602327174,8.01906152255348,8.048361628079695
Chris Godwin Jr.,WR,TB,9,9.38888888888889,5.666666666666667,0.0,0.18345323741007194,0.0,0.7088888888888889,30.535249828884325,7.995156005979203,8.022448256935657
Trey Benson,RB,ARI,4,8.85,4.0,7.25,0.125,0.30851063829787234,0.48250000000000004,24.134154688569474,7.954976846214699,7.927598364717758
Mason Taylor,TE,NYJ,13,6.838461538461539,5.0,0.0,0.18786127167630057,0.0,0.8107692307692307,22.340862422997947,7.897419131252447,7.8880749052286285
Chuba Hubbard,RB,CAR,15,8.360000000000001,2.6,8.933333333333334,0.09027777777777778,0.34271099744245526,0.458,27.249828884325805,7.8746770298812026,7.84269499483295
Alvin Kamara,RB,NO,11,9.154545454545454,3.5454545454545454,11.909090909090908,0.10483870967741936,0.4729241877256318,0.6372727272727272,31.129363449691994,7.835805338507229,7.813432551409584
Jayden Reed,WR,GB,5,9.7,4.4,0.6,0.16923076923076924,0.022727272727272728,0.4114285714285714,26.368240930869266,7.746886785182912,7.765469222516811
Rachaad White,RB,TB,17,8.411764705882353,2.6470588235294117,7.764705882352941,0.08333333333333333,0.2796610169491525,0.5105882352941177,27.66050650239562,7.730365116403496,7.701435458822565
Jerry Jeudy,WR,CLE,17,7.1000000000000005,6.235294117647059,0.058823529411764705,0.2034548944337812,0.0023752969121140144,0.8452941176470588,27.381245722108144,7.729685930827437,7.760256844948109
Bam Knight,RB,ARI,12,7.741666666666666,2.5833333333333335,6.833333333333333,0.0670995670995671,0.3153846153846154,0.3308333333333333,25.415468856947296,7.685494985698537,7.670807107581335
Jordan Mason,RB,MIN,16,8.24375,1.0,9.9375,0.035398230088495575,0.41952506596306066,0.4275,27.299110198494184,7.607766893679367,7.526000020461264
Tory Horton,WR,SEA,8,8.1375,2.75,0.0,0.10628019323671498,0.0,0.48125,23.78097193702943,7.541706976611696,7.560096499007822
Chimere Dike,WR,TEN,17,7.535294117647059,4.352941176470588,0.6470588235294118,0.13988657844990549,0.0291005291005291,0.5929411764705882,24.739219712525667,7.455036124666823,7.477273743990386
Devin Neal,RB,NO,9,6.666666666666667,2.111111111111111,6.333333333333333,0.06333333333333334,0.2626728110599078,0.4,23.080082135523615,7.447439389808563,7.428804962845135
Pat Freiermuth,TE,PIT,15,7.673333333333334,3.6,0.0,0.11416490486257928,0.0,0.5035294117647059,27.876796714579054,7.426861080162691,7.456195652895983
T.J. Hockenson,TE,MIN,15,7.52,4.4,0.06666666666666667,0.15602836879432624,0.0028653295128939827,0.7793333333333333,29.188227241615333,7.389198568038214,7.399912371839754
Marquise Brown,WR,KC,16,8.60625,4.625,0.0,0.14258188824662812,0.0,0.535,29.267624914442163,7.3405212018163395,7.358332639320617
Michael Carter,RB,ARI,13,7.615384615384615,3.4615384615384617,7.076923076923077,0.09,0.35384615384615387,0.4523076923076923,27.345653661875428,7.333427451277507,7.339606323498009
David Njoku,TE,CLE,11,7.845454545454545,4.363636363636363,0.0,0.12532637075718014,0.0,0.6391666666666667,30.168377823408623,7.313868093498881,7.331005911710454
Chig Okonkwo,TE,TEN,17,7.294117647058823,4.647058823529412,0.0,0.14933837429111532,0.0,0.6370588235294118,27.006160164271048,7.2749966252244445,7.279280252943066
Colby Parkinson,TE,LA,14,9.271428571428572,4.0,0.0,0.11428571428571428,0.0,0.604,27.67419575633128,7.199602270610679,7.236274724840393
Tyquan Thornton,WR,KC,12,6.733333333333333,3.0833333333333335,0.0,0.08872901678657075,0.0,0.39,26.091718001368925,7.185663992928541,7.195721832814658
Jalen McMillan,WR,TB,4,7.85,3.75,0.25,0.12195121951219512,0.008849557522123894,0.515,24.758384668035593,7.183223178031755,7.197958486024708
Jawhar Jordan,RB,HOU,4,8.175,1.75,10.75,0.06140350877192982,0.344,0.3,27.06365503080082,7.168352171326691,7.127060417311748
Mark Andrews,TE,BAL,17,7.705882352941177,4.117647058823529,0.5882352941176471,0.171990171990172,0.01972386587771203,0.6170588235294118,31.01163586584531,7.125437048438101,7.145205844915047
Chris Rodriguez Jr.,RB,WAS,12,7.666666666666667,0.3333333333333333,9.333333333333334,0.013245033112582781,0.3209169054441261,0.3123076923076923,26.95687885010267,7.053753658078727,6.975340512583768
Dylan Sampson,RB,CLE,15,5.840000000000001,2.6666666666666665,4.333333333333333,0.08639308855291576,0.17379679144385027,0.26466666666666666,21.987679671457904,7.026086330864741,7.048726064271738
Greg Dulcich,TE,MIA,9,6.977777777777778,3.6666666666666665,0.1111111111111111,0.1527777777777778,0.003937007874015748,0.422,26.458590006844627,7.005157507509466,7.02434603808254
Kareem Hunt,RB,KC,17,8.729411764705883,1.4705882352941178,9.588235294117647,0.04553734061930783,0.37906976744186044,0.47058823529411764,31.096509240246405,6.812405806506469,6.764365605032953
Darius Slayton,WR,NYG,14,7.057142857142858,4.5,0.0,0.15180722891566265,0.0,0.812857142857143,29.659137577002053,6.756953008911313,6.7761404995630246
Tyler Allgeier,RB,ATL,17,7.235294117647059,0.9411764705882353,8.411764705882353,0.03088803088803089,0.29979035639413,0.3023529411764706,26.403832991101986,6.735065133415201,6.689675142989244
Pat Bryant,WR,DEN,13,5.753846153846154,3.769230769230769,0.0,0.10961968680089486,0.0,0.4766666666666667,23.750855578370977,6.728662016496166,6.741584598817272
Blake Corum,RB,LA,17,7.364705882352942,0.8235294117647058,8.529411764705882,0.024096385542168676,0.3118279569892473,0.2911764705882353,25.790554414784395,6.548732152582623,6.485058897916959
Isiah Pacheco,RB,KC,13,6.7153846153846155,2.0,9.076923076923077,0.06435643564356436,0.35542168674698793,0.5169230769230769,27.526351813826146,6.526858170719106,6.504573189954486
Efton Chism III,WR,NE,8,2.0625,0.375,0.0,0.014084507042253521,0.0,0.17875,24.87337440109514,6.484907719839449,6.474171141565437
Devaughn Vele,WR,NO,9,7.366666666666666,4.333333333333333,0.0,0.12580645161290321,0.0,0.5015384615384616,28.744695414099933,6.433225154789807,6.44423598797226
Gunnar Helm,TE,TEN,16,5.73125,3.4375,0.0,0.11088709677419355,0.0,0.525625,24.01095140314853,6.403846880750574,6.408223881124085
Matthew Golden,WR,GB,14,5.0,3.142857142857143,0.7142857142857143,0.11671087533156499,0.02544529262086514,0.5321428571428571,23.110198494182068,6.382332988661539,6.393780745860871
Xavier Legette,WR,CAR,15,5.953333333333334,4.266666666666667,0.06666666666666667,0.1509433962264151,0.0024813895781637717,0.6786666666666666,25.61259411362081,6.314259957830477,6.330606453975867
Devontez Walker,WR,BAL,8,4.7,1.0,0.0,0.04145077720207254,0.0,0.24666666666666667,25.22655715263518,6.29966382627029,6.295614211957998
Tez Johnson,WR,TB,15,6.16,2.933333333333333,0.4666666666666667,0.09243697478991597,0.017369727047146403,0.470625,24.314852840520192,6.242559147049248,6.2516481208804935
Andrei Iosivas,WR,CIN,15,5.993333333333334,3.8666666666666667,0.2,0.1039426523297491,0.008902077151335312,0.7617647058823529,26.90485968514716,6.231639895033626,6.246451367351477
Bhayshul Tuten,RB,JAX,15,5.906666666666666,0.9333333333333333,5.533333333333333,0.03255813953488372,0.19212962962962962,0.21133333333333332,24.569472963723477,6.177518235784544,6.156176928062398
Miles Sanders,RB,DAL,4,6.675000000000001,2.0,5.0,0.04790419161676647,0.20833333333333334,0.215,29.360711841204655,6.152459598389019,6.13480473506093
Marvin Mims Jr.,WR,DEN,15,6.333333333333333,3.4,0.8,0.09902912621359224,0.030226700251889168,0.3686666666666667,24.479123887748116,6.145752140998828,6.1530804191839055
Jaylen Wright,RB,MIA,9,5.688888888888889,1.0,7.777777777777778,0.04390243902439024,0.25830258302583026,0.215,23.444216290212182,6.128277208037443,6.096921611776195
Raheim Sanders,RB,CLE,4,5.075,1.0,6.75,0.035398230088495575,0.25961538461538464,0.2575,24.257357973990416,6.110337590450721,6.093732657107683
DeMario Douglas,WR,NE,16,6.08125,2.875,0.4375,0.0989247311827957,0.015053763440860216,0.25882352941176473,25.754962354551676,6.0986623168230585,6.100477795303234
Tyler Higbee,TE,LA,10,7.109999999999999,3.6,0.0,0.11214953271028037,0.0,0.5549999999999999,33.68925393566051,6.0922114489318755,6.112722022256428
Dontayvion Wicks,WR,GB,13,5.8307692307692305,3.5384615384615383,0.07692307692307693,0.12885154061624648,0.002631578947368421,0.44642857142857145,25.234770704996578,6.072943493859745,6.081183032126514
Kevin Austin Jr.,WR,NO,5,6.6,4.6,0.0,0.12777777777777777,0.0,0.4425,26.4476386036961,6.061889901023257,6.070561149149949
Adonai Mitchell,WR,NYJ,16,5.5875,4.625,0.0625,0.15195071868583163,0.0024630541871921183,0.50625,23.923340177960302,6.013596670265681,6.026870017824664
Calvin Ridley,WR,TEN,7,6.971428571428571,5.142857142857143,0.0,0.16363636363636364,0.0,0.5714285714285714,31.72347707049966,6.004672097304239,6.013744264039822
Braelon Allen,RB,NYJ,4,3.825,0.75,4.5,0.028846153846153848,0.16216216216216217,0.2325,22.639288158795345,5.809464504854899,5.79730910869656
Jaydon Blue,RB,DAL,5,4.08,0.2,7.6,0.006666666666666667,0.2714285714285714,0.256,22.67214236824093,5.808825863861062,5.785236988187407
Jalen Nailor,WR,MIN,17,6.011764705882353,3.1176470588235294,0.11764705882352941,0.11373390557939914,0.004914004914004914,0.6535294117647058,27.526351813826146,5.798738643258102,5.807595027672159
Calvin Austin III,WR,PIT,14,6.1571428571428575,3.9285714285714284,0.0,0.13095238095238096,0.0,0.535,27.46611909650924,5.763758516988974,5.771746808838301
Kendre Miller,RB,NO,7,4.757142857142857,0.7142857142857143,6.714285714285714,0.021834061135371178,0.2568306010928962,0.24285714285714285,24.249144421629023,5.705502986021357,5.682657725386859
Cooper Kupp,WR,SEA,16,7.26875,4.375,0.0,0.16241299303944315,0.0,0.755625,33.23750855578371,5.646370524186426,5.656352759016197
Mack Hollins,WR,NE,14,8.207142857142857,4.642857142857143,0.07142857142857142,0.15892420537897312,0.0024875621890547263,0.6773333333333333,32.982888432580424,5.63361270455391,5.6442715559483645
Isaiah Likely,TE,BAL,12,5.141666666666667,3.0,0.0,0.12413793103448276,0.0,0.5592857142857143,26.39561943874059,5.625782484133871,5.628987056321611
Justice Hill,RB,BAL,10,6.5200000000000005,2.7,1.8,0.108,0.06474820143884892,0.371,28.82135523613963,5.6219808876997845,5.6469467098484465
Darnell Mooney,WR,ATL,15,5.486666666666666,4.8,0.0,0.16179775280898875,0.0,0.8193333333333332,28.865160848733744,5.612482805347045,5.626312684609179
Sean Tucker,RB,TB,17,5.552941176470589,0.6470588235294118,5.0588235294117645,0.020370370370370372,0.18220338983050846,0.15823529411764706,24.876112251882272,5.540640857049318,5.524210617856097
Kendrick Bourne,WR,SF,14,6.792857142857144,3.7857142857142856,0.0,0.12211981566820276,0.0,0.566875,31.10198494182067,5.5370697214245,5.541816396733054
Evan Engram,TE,DEN,16,6.425,4.75,0.0625,0.13768115942028986,0.002352941176470588,0.42125,32.02190280629706,5.5342876841409225,5.526336985025838
Luke McCaffrey,WR,WAS,9,5.7,1.6666666666666667,0.0,0.0625,0.0,0.31666666666666665,25.440109514031484,5.524438263697114,5.522620210996858
Darnell Washington,TE,PIT,13,5.6461538461538465,3.3076923076923075,0.0,0.1096938775510204,0.0,0.5725,25.065023956194388,5.512556127095542,5.514285803869966
Emanuel Wilson,RB,GB,17,5.73529411764706,1.0,7.352941176470588,0.03695652173913044,0.2540650406504065,0.3111764705882353,27.342915811088297,5.503999519474151,5.484597221526082
Noah Fant,TE,CIN,13,5.753846153846154,3.1538461538461537,0.0,0.08577405857740586,0.0,0.3793333333333333,28.804928131416837,5.497570744816177,5.508247751006169
Terrance Ferguson,TE,LA,11,4.736363636363636,2.272727272727273,0.09090909090909091,0.06510416666666667,0.003278688524590164,0.3671428571428571,23.512662559890487,5.496293838912289,5.508103807807624
Dawson Knox,TE,BUF,16,6.48125,3.0625,0.0,0.1084070796460177,0.0,0.5829411764705883,29.82067077344285,5.494217441620856,5.511722723375579
Michael Mayer,TE,LV,13,5.676923076923076,3.8461538461538463,0.0,0.12919896640826872,0.0,0.6176923076923077,25.180013689253936,5.49332868390089,5.48550266027909
Ryan Flournoy,WR,DAL,15,7.8,3.7333333333333334,0.26666666666666666,0.10408921933085502,0.010050251256281407,0.4475,26.872005475701574,5.491207231394433,5.4993594554074
Cody White,WR,SEA,8,2.25,0.5,0.0,0.019138755980861243,0.0,0.4718471705084331,27.783709787816566,5.4777842670855605,5.467618564507342
Isaac TeSlaa,WR,DET,14,5.421428571428572,1.9285714285714286,0.0,0.05844155844155844,0.0,0.39647058823529413,24.553045859000683,5.4776217155432425,5.477868476027828
Devin Singletary,RB,NYG,17,6.3999999999999995,1.1176470588235294,7.0,0.03777335984095427,0.23333333333333334,0.27647058823529413,29.018480492813143,5.464218212689872,5.450364169204752
Ja'Tavion Sanders,TE,CAR,12,4.5,2.8333333333333335,0.0,0.09742120343839542,0.0,0.48307692307692307,23.457905544147845,5.42635198092815,5.424043450280136
Isaiah Bond,WR,CLE,15,3.646666666666667,2.933333333333333,0.3333333333333333,0.09341825902335456,0.014044943820224719,0.48062499999999997,22.48870636550308,5.414997388856331,5.418863795561306
Malik Washington,WR,MIA,17,6.864705882352942,3.823529411764706,1.0,0.14412416851441243,0.03953488372093023,0.57,25.88911704312115,5.4066222436516815,5.4175608386187175
Cole Kmet,TE,CHI,16,4.91875,3.0,0.0,0.096579476861167,0.0,0.714375,27.50444900752909,5.402629123839162,5.401058613632711
John Metchie III,WR,NYJ,13,5.5307692307692315,3.6923076923076925,0.23076923076923078,0.14285714285714285,0.008241758241758242,0.46125,26.146475017111566,5.337320756185213,5.342147552933645
Mike Gesicki,TE,CIN,12,5.891666666666667,3.5,0.0,0.1037037037037037,0.0,0.3853846153846154,30.937713894592743,5.280276020858213,5.286784355389208
Keaton Mitchell,RB,BAL,13,4.261538461538462,0.9230769230769231,4.538461538461538,0.039735099337748346,0.14014251781472684,0.17461538461538462,24.646132785763175,5.217325544132333,5.199516284053528
Isaiah Davis,RB,NYJ,16,4.45,1.75,2.6875,0.06334841628959276,0.09953703703703703,0.28,24.550308008213552,5.177698009024848,5.188268532840799
Cedric Tillman,WR,CLE,12,5.0,3.25,0.0,0.10955056179775281,0.0,0.6184615384615384,26.392881587953458,5.17577241380118,5.180986367960504
Olamide Zaccheaus,WR,CHI,14,6.057142857142858,4.642857142857143,0.2857142857142857,0.14908256880733944,0.009389671361502348,0.53625,29.13347022587269,5.063742708993944,5.06869825034439
Antonio Gibson,RB,NE,5,4.640000000000001,0.6,5.0,0.020134228187919462,0.1968503937007874,0.16599999999999998,28.216290212183434,5.0559785747245485,5.0482270473068285
Tre Harris,WR,LAC,16,4.3375,2.6875,0.125,0.08481262327416174,0.004555808656036446,0.4852941176470588,24.531143052703626,5.025630276472424,5.02638812571655
Jaret Patterson,RB,LAC,6,4.283333333333333,0.6666666666666666,6.833333333333333,0.022988505747126436,0.21578947368421053,0.28,26.715947980835043,5.017790128251733,5.010106223197443
Corey Kiner,RB,ARI,4,2.325,0.75,3.0,0.023076923076923078,0.16666666666666666,0.1325,24.635181382614647,4.992667398976238,4.99407019578614
Gabe Davis,WR,BUF,6,5.15,3.0,0.0,0.10404624277456648,0.0,0.5716666666666667,27.529089664613277,4.97545932895122,4.977394285128875
Brashard Smith,RB,KC,17,3.7235294117647055,2.0588235294117645,2.588235294117647,0.06375227686703097,0.10232558139534884,0.16705882352941176,23.416837782340863,4.955490740838871,5.001828799437704
Emari Demercado,RB,ARI,12,4.858333333333333,1.6666666666666667,3.6666666666666665,0.04640371229698376,0.16730038022813687,0.2323076923076923,27.638603696098563,4.955449317765397,4.944250619767753
Tommy Tremble,TE,CAR,15,4.260000000000001,2.466666666666667,0.0,0.08604651162790698,0.0,0.6011764705882353,26.272416153319643,4.9373186630091555,4.936708807650638
Xavier Hutchinson,WR,HOU,16,6.125,3.5625,0.1875,0.11198428290766209,0.006622516556291391,0.5747058823529412,26.275154004106778,4.890346601485425,4.8967192660291525
Nick Chubb,RB,HOU,15,5.886666666666668,1.3333333333333333,8.133333333333333,0.04008016032064128,0.2975609756097561,0.322,30.704996577686515,4.880181703822161,4.871743733583984
Ty Johnson,RB,BUF,17,5.9,1.9411764705882353,2.9411764705882355,0.06889352818371608,0.09140767824497258,0.2958823529411765,28.980150581793293,4.876503679904428,4.905024209724284
Davis Allen,TE,LA,15,4.1866666666666665,2.2,0.0,0.0637065637065637,0.0,0.5029411764705882,25.598904859685145,4.861298348477272,4.865155495913874
Tank Bigsby,RB,PHI,15,3.7866666666666666,0.26666666666666666,4.2,0.00966183574879227,0.15,0.1264705882352941,24.030116358658454,4.847272364600981,4.822861278153957
Hunter Long,TE,JAX,7,4.642857142857143,2.4285714285714284,0.0,0.08292682926829269,0.0,0.39888888888888885,28.060232717316907,4.775655206586956,4.782758998601259
Jahdae Walker,WR,CHI,6,4.45,1.6666666666666667,0.0,0.04950495049504951,0.0,0.15111111111111108,24.18343600273785,4.77520713161219,4.767899148576917
DJ Giddens,RB,IND,5,1.9200000000000004,0.4,5.2,0.013333333333333334,0.16993464052287582,0.12000000000000001,23.041752224503764,4.739105935997544,4.744115583600772
Jackson Hawes,TE,BUF,13,4.053846153846154,1.4615384615384615,0.0,0.05277777777777778,0.0,0.4388235294117647,25.760438056125942,4.705045744011263,4.7204412111263885
Jonnu Smith,TE,PIT,17,5.011764705882353,3.176470588235294,0.5294117647058824,0.10444874274661509,0.02295918367346939,0.5270588235294118,31.052703627652292,4.704715106853553,4.702978393739125
Josh Palmer,WR,BUF,12,4.358333333333333,3.0833333333333335,0.0,0.10818713450292397,0.0,0.48333333333333334,26.967830253251197,4.693118588325838,4.691178102609456
Tutu Atwell,WR,LA,8,3.9,1.875,0.0,0.05172413793103448,0.0,0.279,26.926762491444215,4.6820016327985465,4.670917721769908
Isaiah Hodgins,WR,NYG,6,4.583333333333333,3.1666666666666665,0.0,0.10326086956521739,0.0,0.7628571428571428,27.887748117727583,4.658016087535347,4.661335003010634
Josh Oliver,TE,MIN,12,4.583333333333333,1.5833333333333333,0.0,0.059006211180124224,0.0,0.458,29.472963723477072,4.597313524813899,4.617816059278201
Jaylin Noel,WR,HOU,17,4.023529411764706,2.0588235294117645,0.35294117647058826,0.06329113924050633,0.01263157894736842,0.26,24.016427104722794,4.577276737587648,4.569289688704907
KaVontae Turpin,WR,DAL,15,5.633333333333334,2.533333333333333,1.1333333333333333,0.06972477064220184,0.040865384615384616,0.3546666666666667,30.105407255304584,4.562709469994992,4.553999197946822
Tyrell Shavers,WR,BUF,11,4.136363636363637,2.090909090909091,0.0,0.076158940397351,0.0,0.39588235294117646,27.06365503080082,4.518226483200385,4.510536437487495
Kyle Williams,WR,NE,14,3.5142857142857147,1.5,0.14285714285714285,0.051470588235294115,0.004901960784313725,0.30823529411764705,23.824777549623544,4.517746592725851,4.508794708547808
Zay Jones,WR,ARI,6,5.05,3.0,0.0,0.08571428571428572,0.0,0.49625,31.449691991786448,4.512056275428988,4.507149327679808
Roman Wilson,WR,PIT,9,4.288888888888889,2.3333333333333335,0.0,0.07894736842105263,0.0,0.33076923076923076,25.22655715263518,4.500351598031588,4.493754486762379
Jaleel McLaughlin,RB,DEN,8,3.9250000000000003,0.75,4.625,0.021897810218978103,0.18048780487804877,0.16,25.99041752224504,4.479806355055021,4.475586950203032
Brock Wright,TE,DET,8,4.6000000000000005,2.75,0.0,0.08943089430894309,0.0,0.5763636363636363,27.786447638603697,4.473698258713472,4.471088116750693
Mitchell Evans,TE,CAR,14,3.442857142857143,1.7857142857142858,0.07142857142857142,0.06188118811881188,0.0026666666666666666,0.37411764705882355,23.315537303216974,4.469808446556156,4.4715593532888285
Lil'Jordan Humphrey,WR,DEN,7,4.942857142857143,3.5714285714285716,0.0,0.1,0.0,0.484,28.39425051334702,4.466634937719104,4.464269660439526
Ollie Gordon II,RB,MIA,17,3.182352941176471,0.5294117647058824,4.117647058823529,0.019955654101995565,0.16279069767441862,0.22411764705882353,22.652977412731005,4.465843658925236,4.484015155455584
Daniel Bellinger,TE,NYG,13,4.584615384615384,2.0,0.0,0.06372549019607843,0.0,0.499375,25.965776865160848,4.3785069377095915,4.388071999248619
Michael Bandy,WR,DEN,4,3.75,1.0,0.0,0.031007751937984496,0.0,0.0625,28.763860369609855,4.374685921702896,4.363865652874762
Casey Washington,WR,ATL,5,3.0800000000000005,2.8,0.0,0.08484848484848485,0.0,0.37,25.51403148528405,4.369803371688553,4.365099062435205
Josh Reynolds,WR,NYJ,5,4.62,4.2,0.0,0.15441176470588236,0.0,0.842,31.564681724845997,4.345650468748481,4.348025616191021
Luke Musgrave,TE,GB,13,3.784615384615385,2.3846153846153846,0.0,0.08333333333333333,0.0,0.4005882352941177,26.02053388090349,4.341637075102215,4.337518595077325
Hunter Renfrow,WR,CAR,6,5.983333333333334,4.333333333333333,0.0,0.13612565445026178,0.0,0.4916666666666667,30.72142368240931,4.333451197685046,4.3321713414437175
Tyler Johnson,WR,NYJ,9,4.188888888888889,2.0,0.0,0.07894736842105263,0.0,0.41,28.043805612594113,4.301636594397135,4.292377091242582
Christian Kirk,WR,HOU,11,5.263636363636364,4.7272727272727275,0.0,0.1440443213296399,0.0,0.48615384615384616,29.809719370294317,4.290962851831251,4.289628270545565
Rashod Bateman,WR,BAL,13,4.261538461538462,2.923076923076923,0.0,0.11411411411411411,0.0,0.693076923076923,26.781656399726216,4.286822943445497,4.2882373174989805
Dyami Brown,WR,JAX,11,4.5181818181818185,3.3636363636363638,0.5454545454545454,0.11598746081504702,0.019169329073482427,0.36642857142857144,26.858316221765914,4.283419646905889,4.278123970939787
Cam Akers,RB,SEA,4,1.7950000000000002,0.25,1.25,0.00909090909090909,0.03875968992248062,0.024999999999999998,27.21971252566735,4.230977994840231,4.248580692684579
Greg Dortch,WR,ARI,12,6.258333333333334,2.75,0.5833333333333334,0.0744920993227991,0.025,0.3358333333333334,28.28473648186174,4.2289348512232845,4.222122109330498
Austin Hooper,TE,NE,13,4.561538461538462,2.0,0.0,0.07046070460704607,0.0,0.5,31.865845311430526,4.228308737833654,4.240760790559188
Malik Davis,RB,DAL,10,4.36,0.5,5.2,0.014084507042253521,0.1793103448275862,0.207,27.789185489390828,4.224494209546379,4.21712256306712
Cade Stover,TE,HOU,6,3.316666666666667,2.6666666666666665,0.6666666666666666,0.09142857142857143,0.02247191011235955,0.44,26.245037645448324,4.187429778280749,4.176803597758315
Jack Bech,WR,LV,14,3.0285714285714285,2.0714285714285716,0.0,0.07631578947368421,0.0,0.3975,23.72895277207392,4.113212344276404,4.105696417623968
Darius Cooper,WR,PHI,6,3.0333333333333337,1.8333333333333333,0.0,0.06285714285714286,0.0,0.25846153846153846,24.799452429842574,4.112484936836491,4.102686710248382
Ray Davis,RB,BUF,17,3.9470588235294124,0.7647058823529411,3.411764705882353,0.027139874739039668,0.10603290676416818,0.14294117647058824,26.806297056810404,4.097412513312091,4.108116945012985
Ben Sinnott,TE,WAS,9,3.1555555555555554,1.4444444444444444,0.0,0.06132075471698113,0.0,0.360625,24.240930869267626,4.095879581611754,4.099557696194216
Sterling Shepard,WR,TB,13,6.3076923076923075,4.076923076923077,0.3076923076923077,0.12709832134292565,0.011142061281337047,0.5615384615384615,33.57973990417522,4.083957843629627,4.079776325333295
Samaje Perine,RB,CIN,15,5.193333333333333,1.4,5.6,0.03932584269662921,0.25,0.3167996898594326,30.98425735797399,4.059895086322893,4.071510018686871
Noah Brown,WR,WAS,4,3.325,2.5,0.0,0.09523809523809523,0.0,0.41,30.677618069815196,4.048630815240587,4.041385420600712
Elijah Higgins,TE,ARI,17,3.4176470588235297,2.176470588235294,0.0,0.059967585089141004,0.0,0.4252941176470588,25.869952087611225,4.021982183538132,4.01574280694108
Kalel Mullings,RB,TEN,4,0.17500000000000002,0.0,0.75,0.0,0.02727272727272727,0.021111111111111115,23.93429158110883,3.9746612917394284,4.0047209207774515
Jaylin Lane,WR,WAS,15,3.4133333333333336,2.1333333333333333,0.06666666666666667,0.08163265306122448,0.00234192037470726,0.362,24.361396303901437,3.962298201047534,3.953535868840646
Van Jefferson,WR,TEN,14,5.0,3.7142857142857144,0.0,0.11981566820276497,0.0,0.585625,30.12457221081451,3.9618801668654546,3.958656594734201
Elijah Arroyo,TE,SEA,13,2.838461538461538,2.0,0.0,0.07669616519174041,0.0,0.39538461538461533,23.433264887063654,3.957651798662032,3.946871015107589
Terrell Jennings,RB,NE,6,2.5333333333333337,0.16666666666666666,3.8333333333333335,0.005988023952095809,0.12041884816753927,0.08285714285714287,25.683778234086244,3.957185766656634,3.9753368962442996
Zamir White,RB,LV,5,1.92,1.2,2.4,0.03821656050955414,0.09836065573770492,0.15833333333333333,26.978781656399725,3.89569975451084,3.9373945860822857
Brian Robinson,RB,SF,17,3.6764705882352944,0.7058823529411765,5.411764705882353,0.023032629558541268,0.19206680584551147,0.16705882352941176,27.471594798083505,3.8747678844707667,3.884060922436831
Treylon Burks,WR,WAS,8,3.625,2.75,0.0,0.11956521739130435,0.0,0.6012500000000001,26.466803559206024,3.819085083975472,3.8155781212755153
Tanner Hudson,TE,CIN,10,4.779999999999999,2.4,0.0,0.06486486486486487,0.0,0.14733333333333334,31.82751540041068,3.8016846605561887,3.8127800866643478
Zavier Scott,RB,MIN,11,3.563636363636364,1.4545454545454546,2.909090909090909,0.05161290322580645,0.11636363636363636,0.10187500000000001,27.15126625598905,3.719089332365082,3.766493008445898
Adam Trautman,TE,DEN,13,3.5,1.7692307692307692,0.0,0.05145413870246085,0.0,0.5729411764705883,29.593429158110883,3.7114333727406037,3.711912862788584
Nate Adkins,TE,DEN,6,2.8000000000000003,1.8333333333333333,0.0,0.049107142857142856,0.0,0.3277777777777778,27.173169062286107,3.666321743079942,3.6616949206788485
Robbie Ouzts,RB,SEA,4,0.0,0.0,0.0,0.0,0.0,0.3167996898594326,24.01095140314853,3.6579750611530075,3.705924202611744
Devin Culp,TE,TB,4,1.9,0.25,0.0,0.008403361344537815,0.0,0.06461538461538462,26.60369609856263,3.6485294904439494,3.6558995155901153
Jerome Ford,RB,CLE,13,3.353846153846154,2.4615384615384617,1.8461538461538463,0.07637231503579953,0.07384615384615385,0.3046153846153846,26.99520876112252,3.6355351134475007,3.718597055278156
Jahan Dotson,WR,PHI,15,3.3466666666666667,2.4,0.0,0.0851063829787234,0.0,0.5688235294117647,26.469541409993155,3.6302410597267114,3.623335144188971
Jeremy Ruckert,TE,NYJ,14,3.3500000000000005,2.0714285714285716,0.0,0.07611548556430446,0.0,0.4717647058823529,26.080766598220396,3.6302288712494213,3.622747355587599
Jeremy McNichols,RB,WAS,16,4.54375,1.9375,2.75,0.07908163265306123,0.09462365591397849,0.31941176470588234,30.70773442847365,3.602207848870883,3.6441171949359705
Josh Whyle,TE,GB,6,2.433333333333333,1.0,0.0,0.045112781954887216,0.0,0.39875,27.006160164271048,3.5686539213998936,3.5705100905592255
Trayveon Williams,RB,CLE,6,2.85,1.5,1.6666666666666667,0.05660377358490566,0.06993006993006994,0.20714285714285713,28.895277207392198,3.550596320744061,3.5994847758971504
JuJu Smith-Schuster,WR,KC,17,4.323529411764706,2.6470588235294117,0.0,0.08196721311475409,0.0,0.5723529411764706,29.79876796714579,3.5042702199135514,3.4952607313698207
Jalen Tolbert,WR,DAL,12,3.858333333333333,2.8333333333333335,0.0,0.08056872037914692,0.0,0.5130769230769231,27.534565366187543,3.4964607870707995,3.4879505209627837
Malik Heath,WR,GB,7,2.085714285714286,1.0,0.0,0.03255813953488372,0.0,0.3018181818181818,26.444900752908968,3.470300655797463,3.452557511389591
Beaux Collins,WR,NYG,4,1.125,1.5,0.0,0.04477611940298507,0.0,0.13777777777777778,23.734428473648187,3.458738500186498,3.4463406668503587
Khalil Herbert,RB,NYJ,5,1.32,0.8,3.2,0.025806451612903226,0.1322314049586777,0.13571428571428573,28.38877481177276,3.438028612627891,3.47600858518816
Anthony Firkser,TE,DET,5,2.66,2.0,0.0,0.05714285714285714,0.0,0.3971428571428572,31.5564681724846,3.4231581347125877,3.4166710776855607
LeQuint Allen Jr.,RB,JAX,16,1.55,0.6875,1.4375,0.02335456475583864,0.04956896551724138,0.22588235294117645,22.09719370294319,3.418210625702586,3.460402463686716
Nikko Remigio,WR,KC,14,0.3,0.07142857142857142,0.07142857142857142,0.002127659574468085,0.002785515320334262,0.032857142857142856,26.850102669404517,3.4154068492827805,3.383184647880468
Noah Gray,TE,KC,14,2.771428571428572,2.642857142857143,0.0,0.08277404921700224,0.0,0.52125,27.364818617385353,3.376806300968315,3.3525089602931044
Jalen Brooks,WR,ARI,5,1.6200000000000003,1.2,0.0,0.03592814371257485,0.0,0.3,26.34360027378508,3.3517530984592963,3.3374404460160623
Brenden Bates,TE,CLE,5,1.7600000000000002,1.0,0.0,0.03759398496240601,0.0,0.27,26.902121834360027,3.3480994744235293,3.3453144168780473
Dameon Pierce,RB,KC,5,0.72,0.2,2.8,0.0058823529411764705,0.09929078014184398,0.08399999999999999,26.55715263518138,3.3240110192530423,3.3620600537205476
Charlie Kolar,TE,BAL,13,2.784615384615385,1.1538461538461537,0.0,0.04792332268370607,0.0,0.4035294117647059,27.581108829568787,3.315292741698746,3.31813087260399
Tucker Fisk,TE,LAC,4,0.9750000000000001,1.0,0.0,0.028169014084507043,0.0,0.337,27.641341546885695,3.3056461174362353,3.2986078486962835
Julian Hill,TE,MIA,11,2.8181818181818183,1.8181818181818181,0.0,0.06944444444444445,0.0,0.55,26.171115674195757,3.28854926665477,3.277232438464162
Jimmy Horn Jr.,WR,CAR,10,2.87,1.5,0.8,0.06,0.02952029520295203,0.19230769230769232,23.994524298425734,3.2303699629560567,3.21252621526187
Curtis Samuel,WR,BUF,6,3.516666666666667,1.5,0.0,0.05325443786982249,0.0,0.39833333333333326,30.080766598220396,3.222541578851197,3.2074705214273997
Mitchell Tinsley,WR,CIN,8,3.95,3.0,0.0,0.08540925266903915,0.0,0.24647058823529414,26.986995208761122,3.1805424797548847,3.165543474098069
DeeJay Dallas,RB,JAX,5,0.42000000000000004,0.2,0.6,0.006622516556291391,0.02,0.06166666666666667,27.983572895277206,3.177860631535965,3.195645178717471
Tyler Conklin,TE,LAC,6,2.8833333333333333,1.6666666666666667,0.16666666666666666,0.045662100456621,0.006896551724137931,0.19230769230769232,31.11567419575633,3.1487824078266056,3.1480154857364124
Dont'e Thornton Jr.,WR,LV,11,2.1363636363636362,2.727272727272727,0.0,0.09404388714733543,0.0,0.4533333333333333,23.7782340862423,3.1447150121103435,3.134737187673556
Scott Miller,WR,PIT,5,3.04,2.8,0.0,0.08139534883720931,0.0,0.1930769230769231,29.111567419575632,3.1415581955949863,3.126836045240847
Jack Westover,TE,NE,4,0.25,0.5,0.0,0.01818181818181818,0.0,0.4629652479117348,27.255304585900067,3.1155040730537333,3.1070566404571216
Roschon Johnson,RB,CHI,6,0.2833333333333334,0.0,0.3333333333333333,0.0,0.010638297872340425,0.008571428571428572,25.607118412046542,3.0597639851518283,3.0635370315956063
Grant Calcaterra,TE,PHI,9,2.511111111111111,1.4444444444444444,0.0,0.053061224489795916,0.0,0.4026666666666667,27.76728268309377,3.029562470272552,3.0234338791799185
Nick Kallerup,TE,SEA,4,0.0,0.25,0.0,0.00909090909090909,0.0,0.23555555555555557,25.456536618754278,3.023419964222297,3.0164460797187385
Evan Hull,RB,NO,6,1.0666666666666667,0.16666666666666666,3.1666666666666665,0.0051813471502590676,0.12025316455696203,0.19166666666666665,25.872689938398356,3.0206104594840086,3.06271980341527
John FitzPatrick,TE,GB,11,2.290909090909091,1.3636363636363635,0.0,0.05084745762711865,0.0,0.3606666666666667,26.50513347022587,2.9944324620206824,2.9870083490575405
AJ Dillon,RB,PHI,6,1.5166666666666668,0.5,2.0,0.017857142857142856,0.0784313725490196,0.11857142857142858,28.358658453114305,2.9712530663475,3.003119644316357
Braxton Berrios,WR,HOU,4,2.4250000000000003,2.0,0.0,0.04790419161676647,0.0,0.19249999999999998,30.92950034223135,2.953153149385035,2.9370749562305716
Hunter Luepke,RB,DAL,14,2.642857142857143,1.0714285714285714,1.1428571428571428,0.030425963488843813,0.04040404040404041,0.21058823529411766,26.532511978097194,2.9411799872764766,2.992342101500195
Stone Smartt,TE,NYJ,6,2.033333333333333,1.5,0.0,0.058823529411764705,0.0,0.09866666666666667,27.93429158110883,2.920138696373183,2.9132410930570702
Jamari Thrash,WR,CLE,8,2.5875,1.875,0.0,0.05338078291814947,0.0,0.35111111111111115,25.724845995893222,2.8766515756585243,2.859341839670453
Drew Sample,TE,CIN,12,2.658333333333333,1.6666666666666667,0.08333333333333333,0.046296296296296294,0.003484320557491289,0.5358823529411765,30.401095140314855,2.8669778013540625,2.8576893099284435
Trevor Etienne,RB,CAR,17,0.8058823529411765,0.17647058823529413,1.1764705882352942,0.00625,0.04338394793926247,0.05588235294117647,22.171115674195757,2.8589589387041885,2.8950206445108284
Elijah Moore,WR,BUF,9,3.1777777777777776,1.8888888888888888,0.6666666666666666,0.06439393939393939,0.02197802197802198,0.31444444444444447,26.455852156057496,2.8433697860544562,2.825550044228187
Nyheim Hines,RB,NO,4,-0.05,0.0,0.5,0.0,0.01818181818181818,0.030000000000000002,29.82614647501711,2.832468220697196,2.8969599867801987
Konata Mumpfield,WR,LA,10,2.52,2.3,0.0,0.06686046511627906,0.0,0.32176470588235295,23.87953456536619,2.783899784435766,2.7684667295249143
Kalif Raymond,WR,DET,15,4.453333333333333,2.0,0.13333333333333333,0.06097560975609756,0.005141388174807198,0.366,32.09034907597536,2.772039448887231,2.751308121901114
Ross Dwelley,TE,DET,4,0.675,1.25,0.0,0.0390625,0.0,0.17272727272727273,31.62217659137577,2.766310804854167,2.7556261720394972
Ian Thomas,TE,LV,9,2.711111111111111,1.4444444444444444,0.0,0.04482758620689655,0.0,0.3593333333333334,30.261464750171115,2.7495442231772174,2.7465230844416277
Charlie Woerner,TE,ATL,7,1.8285714285714287,1.2857142857142858,0.0,0.041666666666666664,0.0,0.5082352941176471,28.90075290896646,2.708794199608888,2.6970952600052485
Will Shipley,RB,PHI,14,1.3928571428571428,0.8571428571428571,1.0,0.031088082901554404,0.03723404255319149,0.12466666666666668,24.032854209445585,2.690147944526662,2.7553526905967756
John Bates,TE,WAS,10,2.73,1.6,0.0,0.06477732793522267,0.0,0.514,28.843258042436688,2.6448984106536737,2.6357626425662053
Ronnie Rivers,RB,LA,6,0.7666666666666667,0.0,1.5,0.0,0.05113636363636364,0.024545454545454547,27.60848733744011,2.634057584340188,2.665177721723004
Isaiah Williams,WR,NYJ,15,4.046666666666667,2.4,0.2,0.09022556390977443,0.007614213197969543,0.36133333333333334,25.61259411362081,2.6118008611083443,2.5986969683589285
Tanner Conner,TE,MIA,8,2.2625,1.875,0.0,0.06198347107438017,0.0,0.3433333333333333,28.476386036960985,2.607380685058846,2.5907261313446304
Mason Kinsey,WR,TEN,6,1.1333333333333335,0.6666666666666666,0.0,0.020512820512820513,0.0,0.10900000000000001,28.032854209445585,2.5935639543288973,2.567803185669048
Demarcus Robinson,WR,SF,14,4.1571428571428575,2.5,0.07142857142857142,0.08433734939759036,0.0025188916876574307,0.46785714285714286,31.969883641341546,2.592360616587679,2.574438007675192
Jordan Whittington,WR,LA,15,2.4200000000000004,1.6666666666666667,0.2,0.04844961240310078,0.007653061224489796,0.4082352941176471,25.94113620807666,2.592300663540912,2.574251479857163
Jake Bobo,WR,SEA,5,0.8,0.4,0.0,0.014492753623188406,0.0,0.17,28.10130047912389,2.5783502848256377,2.555813284211661
Will Dissly,TE,LAC,8,2.5875000000000004,2.0,0.0,0.05860805860805861,0.0,0.3188888888888889,30.17385352498289,2.5753878194502624,2.561328004773462
Dareke Young,WR,SEA,8,0.85,0.375,0.0,0.013761467889908258,0.0,0.09444444444444446,27.26899383983573,2.551908024454857,2.519042135803044
Kaleb Johnson,RB,PIT,10,0.8800000000000001,0.2,2.8,0.007067137809187279,0.12556053811659193,0.091,23.07460643394935,2.529263513053187,2.585901972741879
Harrison Bryant,TE,HOU,5,0.54,1.2,0.0,0.03389830508474576,0.0,0.21250000000000002,28.383299110198493,2.493024898409541,2.477433019482079
Foster Moreau,TE,NO,7,1.842857142857143,1.4285714285714286,0.0,0.04065040650406504,0.0,0.3572727272727273,29.347022587268995,2.492292339366804,2.4797879855772518
Chris Brooks,RB,GB,17,1.9235294117647062,1.0,1.588235294117647,0.03695652173913044,0.054878048780487805,0.20058823529411765,26.663928815879533,2.486621066080589,2.5492141349894677
Jonathan Mingo,WR,DAL,5,0.7,1.0,0.0,0.028901734104046242,0.0,0.20666666666666667,25.39082819986311,2.4758431868292776,2.456044811602164
Ben Yurosek,TE,MIN,6,0.5666666666666667,0.5,0.0,0.017857142857142856,0.0,0.16583333333333333,24.484599589322382,2.4709259794254876,2.460944472616583
Xavier Smith,WR,LA,16,3.0187500000000003,1.5,0.0,0.043875685557586835,0.0,0.214375,28.969199178644764,2.470020148208179,2.4445878052871954
Chris Manhertz,TE,NYG,4,0.42500000000000004,0.5,0.0,0.021052631578947368,0.0,0.17823529411764708,34.417522245037645,2.468029694890328,2.4619778085525454
Brandin Cooks,WR,BUF,13,4.107692307692308,2.769230769230769,0.0,0.08933002481389578,0.0,0.5453333333333333,32.95824777549623,2.4595778447748327,2.442418822266065
Trent Sherfield,WR,ARI,4,1.275,1.25,0.0,0.03424657534246575,0.0,0.23666666666666666,30.537987679671456,2.4448898357548683,2.4257852485211164
D'Ernest Johnson,RB,NE,5,0.5,0.0,2.8,0.0,0.09210526315789473,0.08499999999999999,30.535249828884325,2.4360974201501984,2.4896294747093077
David Sills,WR,ATL,12,4.091666666666667,3.0,0.0,0.09944751381215469,0.0,0.5241176470588236,31.28542094455852,2.43337901050423,2.4180400462211136
Jalin Hyatt,WR,NYG,6,1.4166666666666667,2.3333333333333335,0.0,0.07179487179487179,0.0,0.29375,24.958247775496236,2.4270416743837515,2.4098905459542634
Xavier Weaver,WR,ARI,7,1.9571428571428573,1.8571428571428572,0.0,0.04693140794223827,0.0,0.41,25.911019849418206,2.4210517874916118,2.403354071102719
Tyler Badie,RB,DEN,16,2.2125,1.9375,0.5,0.056466302367941715,0.019002375296912115,0.175,27.589322381930184,2.415167838240094,2.5154689197227036
Malachi Corley,WR,CLE,12,2.6333333333333333,1.1666666666666667,1.0833333333333333,0.04361370716510903,0.041666666666666664,0.24923076923076926,24.473648186173854,2.40753741948535,2.3859282521141516
Luke Schoonmaker,TE,DAL,14,1.942857142857143,1.6428571428571428,0.0,0.04483430799220273,0.0,0.32941176470588235,27.95071868583162,2.398482931996467,2.3814031990594615
George Holani,RB,SEA,10,2.08,0.2,2.2,0.007662835249042145,0.07166123778501629,0.05545454545454545,26.73511293634497,2.3873076712693355,2.4359130730392407
Ray-Ray McCloud,WR,NYG,6,2.316666666666667,2.5,0.0,0.07731958762886598,0.0,0.5299999999999999,29.90280629705681,2.386349217509271,2.3707182197562378
Mo Alie-Cox,TE,IND,11,2.790909090909091,1.8181818181818181,0.0,0.05509641873278237,0.0,0.3905882352941176,32.97467488021903,2.3859600897804225,2.3770730354428005
Luke Farrell,TE,SF,13,2.269230769230769,1.0769230769230769,0.0,0.034912718204488775,0.0,0.3470588235294118,28.906228610540726,2.356797670622093,2.352975196891769
Rasheen Ali,RB,BAL,15,1.6133333333333333,0.7333333333333333,0.4666666666666667,0.03064066852367688,0.016018306636155607,0.13,25.56331279945243,2.3379361543626387,2.4070713041746665
Chris Moore,WR,WAS,10,3.8600000000000003,2.3,0.1,0.0954356846473029,0.0036363636363636364,0.4857142857142857,33.23477070499658,2.262157217399043,2.2414413826695885
Dylan Drummond,WR,ATL,6,1.8666666666666665,1.8333333333333333,0.0,0.06470588235294118,0.0,0.21111111111111114,26.647501711156742,2.224519461870513,2.2035100196875117
Savion Williams,WR,GB,12,2.1250000000000004,0.8333333333333334,0.9166666666666666,0.02967359050445104,0.03021978021978022,0.11499999999999999,24.799452429842574,2.2098812438364765,2.1821525668559136
Brycen Tremayne,WR,CAR,15,2.0,1.2,0.0,0.04128440366972477,0.0,0.253125,26.811772758384667,2.1727357218628294,2.1466986337234557
Brevyn Spann-Ford,TE,DAL,16,1.5,0.8125,0.0,0.022847100175746926,0.0,0.24882352941176467,26.704996577686515,2.1711697421948144,2.1629810338841384
Mason Tipton,WR,NO,8,2.5500000000000003,2.125,0.5,0.06028368794326241,0.020833333333333332,0.30214285714285716,25.95208761122519,2.160358058046551,2.1393436398547117
Taysom Hill,TE,NO,13,3.213846153846154,1.2307692307692308,4.0,0.03773584905660377,0.16149068322981366,0.24615384615384617,36.049281314168375,2.1557356389883555,2.164368480988469
Craig Reynolds,RB,DET,5,0.08,0.0,0.6,0.0,0.021897810218978103,0.008571428571428572,30.236824093086927,2.1302896170294425,2.197438246040635
Jack Stoll,TE,NO,9,1.8444444444444446,1.2222222222222223,0.0,0.03343465045592705,0.0,0.20866666666666667,28.61601642710472,2.0958128463320236,2.085711356460954
Andre Baccellia,WR,ARI,4,0.7,1.0,0.0,0.022857142857142857,0.0,0.27,29.672826830937716,2.0667588509711066,2.0461981724200804
Quintin Morris,TE,JAX,11,1.5909090909090908,0.8181818181818182,0.0,0.028037383177570093,0.0,0.23285714285714285,27.63586584531143,2.0486422138308726,2.0415824999933925
Josiah Deguara,TE,ARI,7,1.5857142857142856,0.7142857142857143,0.0,0.019011406844106463,0.0,0.10416666666666667,29.568788501026695,2.0478723863228243,2.045030846130919
Skyy Moore,WR,SF,17,0.8705882352941177,0.4117647058823529,0.11764705882352941,0.013435700575815739,0.0041753653444676405,0.1011764705882353,25.998631074606433,2.0466164917182175,2.013389144237096
Patrick Ricard,RB,BAL,5,0.42000000000000004,0.4,0.2,0.016260162601626018,0.005376344086021506,0.3167996898594326,32.290212183436005,2.0424845460830117,2.105688331178066
Pharaoh Brown,TE,ARI,5,0.42000000000000004,0.4,0.0,0.009433962264150943,0.0,0.13,32.35318275154004,2.0089083413311224,2.0012722440343165
James Proche,WR,TEN,6,2.0833333333333335,2.0,0.0,0.0625,0.0,0.29888888888888887,29.971252566735114,2.004328205299891,1.9817718575218417
Dante Pettis,WR,NO,8,2.4625000000000004,1.375,0.0,0.04198473282442748,0.0,0.22249999999999998,30.882956878850102,1.934162588929456,1.9031284271971005
Bo Melton,WR,GB,13,1.8615384615384618,1.0,0.38461538461538464,0.036931818181818184,0.013736263736263736,0.4718471705084331,27.315537303216974,1.8913287685449216,1.8682286975314195
David Martin-Robinson,TE,TEN,11,1.1818181818181819,0.5454545454545454,0.0,0.017964071856287425,0.0,0.12705882352941178,26.70773442847365,1.776594289448675,1.7696256703912416
Tahj Brooks,RB,CIN,12,0.5333333333333333,0.16666666666666666,1.3333333333333333,0.004889975550122249,0.058823529411764705,0.3167996898594326,24.32854209445585,1.7498615009939837,1.8202810634653375
Kameron Johnson,WR,TB,17,1.0411764705882351,0.4117647058823529,0.11764705882352941,0.012962962962962963,0.00423728813559322,0.09705882352941175,24.484599589322382,1.7495690171933322,1.716988697489894
Brayden Willis,TE,SF,6,0.0,0.16666666666666666,0.0,0.0045662100456621,0.0,0.028333333333333335,26.830937713894592,1.7230019690847367,1.7121384074337749
British Brooks,RB,HOU,8,0.9750000000000001,0.0,2.125,0.0,0.06938775510204082,0.06666666666666667,26.811772758384667,1.7211888711330499,1.7663308471412686
Austin Trammell,WR,JAX,6,1.2666666666666668,1.6666666666666667,0.0,0.06097560975609756,0.0,0.22666666666666668,28.186173853524984,1.6998355688053846,1.6747559354041759
Andrew Ogletree,TE,IND,11,1.1545454545454545,0.5454545454545454,0.0,0.016853932584269662,0.0,0.23666666666666666,28.12046543463381,1.6575812030138302,1.6491361628508816
DeAndre Hopkins,WR,BAL,17,3.9411764705882355,2.2941176470588234,0.0,0.09582309582309582,0.0,0.33,34.261464750171115,1.6549304061318448,1.6271132094534
Tim Patrick,WR,JAX,13,3.976923076923077,1.8461538461538463,0.0,0.060453400503778336,0.0,0.3175,32.79671457905544,1.6486701238274328,1.6205200754088889
Marquez Valdes-Scantling,WR,PIT,9,3.5555555555555554,3.2222222222222223,0.0,0.08734939759036145,0.0,0.48,31.917864476386036,1.639985319352263,1.6189497255232528
Gunner Olszewski,WR,NYG,16,2.3325000000000005,0.8125,0.0,0.027837259100642397,0.0,0.101875,29.78781656399726,1.6388323498621133,1.6034030760200348
Johnny Mundt,TE,JAX,12,1.675,1.5833333333333333,0.0,0.05459770114942529,0.0,0.358125,31.797399041752225,1.6201269784937926,1.5998371416209798
Tyler Lockett,WR,LV,17,3.9470588235294115,3.235294117647059,0.0,0.10763209393346379,0.0,0.5,33.949349760438054,1.6195543769479297,1.597911469928441
Tom Kennedy,WR,DET,6,1.2666666666666666,0.6666666666666666,0.0,0.018779342723004695,0.0,0.125,30.116358658453116,1.591863318150712,1.5608913923448406
Gage Larvadain,WR,CLE,13,1.1076923076923078,1.0769230769230769,0.07692307692307693,0.03763440860215054,0.00303951367781155,0.2361538461538462,23.685147159479808,1.51740012014002,1.4899705469618771
Durham Smythe,TE,CHI,7,0.9285714285714286,0.8571428571428571,0.0,0.027906976744186046,0.0,0.25411764705882356,31.08829568788501,1.4975754794055414,1.4830802562750176
Deven Thompkins,WR,ATL,7,0.8857142857142859,0.42857142857142855,0.14285714285714285,0.014018691588785047,0.004739336492890996,0.047142857142857146,26.715947980835043,1.4597504734216078,1.4254800383606112
Hassan Haskins,RB,LAC,11,0.9090909090909091,0.36363636363636365,1.5454545454545454,0.0103359173126615,0.06204379562043796,0.09999999999999999,26.78986995208761,1.4541099645610682,1.5325171962966941
Ameer Abdullah,RB,IND,13,2.9153846153846152,1.3076923076923077,1.0769230769230769,0.041463414634146344,0.04375,0.1053846153846154,33.242984257357975,1.4311215069588497,1.5104280638290444
Kylen Granson,TE,PHI,12,0.9166666666666666,0.75,0.0,0.02786377708978328,0.0,0.23411764705882354,28.45722108145106,1.3934111698415599,1.3780406299275327
Tyler Goodson,RB,IND,10,0.52,0.3,0.9,0.00967741935483871,0.036585365853658534,0.05,25.831622176591377,1.3679776687851162,1.451453183396149
Tai Felton,WR,MIN,12,0.4583333333333333,0.25,0.0,0.008928571428571428,0.0,0.04411764705882353,23.49075975359343,1.3431792734089356,1.3074551877672729
Cedrick Wilson Jr.,WR,MIA,6,1.5666666666666667,1.5,0.0,0.05806451612903226,0.0,0.355,30.806297056810404,1.3376029355303103,1.3113893334693068
Ashton Dulin,WR,IND,12,1.6666666666666667,0.8333333333333334,0.25,0.026737967914438502,0.009404388714733543,0.21333333333333335,29.322381930184804,1.333260923863616,1.29873114119449
Payne Durham,TE,TB,8,0.2625,0.5,0.0,0.01568627450980392,0.0,0.31764705882352945,26.236824093086927,1.2840862295553341,1.263020038715338
Sione Vaki,RB,DET,8,0.05,0.0,0.125,0.0,0.004545454545454545,0.0009090909090909091,25.114305270362767,1.2778763864272729,1.3469589818608214
Julius Chestnut,RB,TEN,16,0.25,0.125,0.6875,0.004016064257028112,0.03125,0.03882352941176471,25.872689938398356,1.238380277737778,1.3113818203767384
KeAndre Lambert-Smith,WR,LAC,10,1.61,1.2,0.0,0.0380952380952381,0.0,0.188,24.90075290896646,1.2268453854803,1.1968609623684463
Ryan Miller,WR,TB,9,1.2666666666666666,0.4444444444444444,0.0,0.013745704467353952,0.0,0.1453846153846154,26.55441478439425,1.1528986458386639,1.1173407965221092
Blake Whiteheart,TE,CLE,9,0.26666666666666666,0.6666666666666666,0.0,0.022058823529411766,0.0,0.23705882352941177,26.469541409993155,1.1506400412431015,1.1274800048417006
Kene Nwangwu,RB,NYJ,10,1.09,0.1,1.3,0.0040650406504065045,0.04905660377358491,0.04416666666666667,28.583162217659137,1.13469246189803,1.2014248255108084
Jacob Saylors,RB,DET,11,0.1,0.0,0.18181818181818182,0.0,0.007194244604316547,0.008125,26.507871321013006,1.1338805678149382,1.189096647163041
Isaac Guerendo,RB,SF,7,0.0,0.0,0.0,0.0,0.0,0.0,26.20123203285421,1.1330880803706238,1.2390007921835235
Colson Yankoff,TE,WAS,10,0.38,0.3,0.0,0.011583011583011582,0.0,0.12642857142857142,26.527036276522928,1.1321432285769495,1.117986687465283
Eric Saubert,TE,SEA,9,1.011111111111111,0.7777777777777778,0.0,0.029661016949152543,0.0,0.39545454545454545,32.33949349760438,1.0537712647404556,1.037590630559487
Ben Skowronek,WR,PIT,16,1.05625,0.375,0.0,0.0125,0.0,0.15411764705882353,29.204654346338124,0.9678123795295743,0.9283630733791659
Arian Smith,WR,NYJ,13,1.0384615384615385,1.2307692307692308,0.3076923076923077,0.04610951008645533,0.011299435028248588,0.3825,24.914442162902123,0.8927695464446419,0.8654213464462615
Xavier Gipson,WR,PHI,6,0.43333333333333335,0.3333333333333333,0.0,0.013333333333333334,0.0,0.021428571428571432,25.508555783709788,0.8805370709084361,0.8470754729983063
Raheem Mostert,RB,LV,12,2.45,1.0,1.8333333333333333,0.03571428571428571,0.08943089430894309,0.19999999999999998,34.42026009582478,0.8221614256628933,0.8960304430916441
Cameron Latu,TE,PHI,10,0.0,0.0,0.0,0.0,0.0,0.11066666666666668,26.543463381245722,0.7989746353863527,0.7847250908407304
Dylan Laube,RB,LV,17,0.33529411764705885,0.23529411764705882,0.4117647058823529,0.008113590263691683,0.019021739130434784,0.02882352941176471,26.740588637919235,0.7332460960418187,0.8411685418349201
Britain Covey,WR,PHI,6,0.6666666666666666,0.6666666666666666,0.0,0.023391812865497075,0.0,0.10333333333333333,29.481177275838466,0.6701482609243199,0.6350110663040758
Allen Lazard,WR,NYJ,9,2.5555555555555554,2.0,0.0,0.0636042402826855,0.0,0.39,30.748802190280628,0.5814012591937896,0.5509695967866808
DeAndre Carter,WR,CLE,4,0.0,0.0,0.0,0.0,0.0,0.0,33.41820670773443,0.5795012414491985,0.5461020510306418
Tylan Wallace,WR,BAL,11,1.3181818181818181,0.7272727272727273,0.0,0.0299625468164794,0.0,0.2307142857142857,27.329226557152634,0.4671737027402383,0.4311020565819996
Dare Ogunbowale,RB,HOU,14,1.7214285714285715,0.9285714285714286,0.7857142857142857,0.02857142857142857,0.028645833333333332,0.11176470588235295,32.35318275154004,0.45196995557977815,0.5631805319870995
Velus Jones Jr.,WR,SEA,5,0.64,0.0,0.8,0.0,0.02877697841726619,0.01875,29.333333333333332,0.3825907150933263,0.34749444465621915
Feleipe Franks,TE,ATL,10,0.04,0.0,0.2,0.0,0.007352941176470588,0.012941176470588235,28.71731690622861,0.3804192983992847,0.36753770844120837
Nick Westbrook-Ikhine,WR,MIA,13,1.5307692307692307,1.5384615384615385,0.0,0.05747126436781609,0.0,0.442,29.472963723477072,0.33798134698375737,0.30657157606902885
Dee Eskridge,WR,MIA,11,0.9272727272727272,0.6363636363636364,0.0,0.021806853582554516,0.0,0.11846153846153847,29.467488021902806,0.21802803150058558,0.17495024196805353
Reggie Gilliam,RB,BUF,11,0.43636363636363634,0.18181818181818182,0.18181818181818182,0.006622516556291391,0.005235602094240838,0.3167996898594326,29.05681040383299,0.128910452184132,0.23658911423339085
Ke'Shawn Williams,WR,CIN,11,0.22727272727272727,0.09090909090909091,0.18181818181818182,0.002967359050445104,0.007434944237918215,0.035454545454545454,24.70362765229295,-0.14520033537308752,-0.18910819502774423
Brady Russell,RB,SEA,10,0.0,0.1,0.0,0.0037313432835820895,0.0,0.3167996898594326,28.027378507871322,-0.1988723410115103,-0.0654007942641659
Adam Thielen,WR,PIT,14,2.8285714285714287,2.5,0.0,0.07865168539325842,0.0,0.394375,36.05201916495551,-0.24348196712263181,-0.2811168084868836
Travis Homer,RB,CHI,8,-0.025,0.0,0.125,0.0,0.003875968992248062,0.006999999999999999,28.093086926762492,-0.42971165190647453,-0.2741202123919943
Derius Davis,WR,LAC,11,0.3181818181818182,0.2727272727272727,0.18181818181818182,0.008571428571428572,0.006309148264984227,0.11090909090909093,25.9958932238193,-0.7336651606579663,-0.7788762712976203
Anthony Gould,WR,IND,11,0.23636363636363636,0.18181818181818182,0.0,0.006042296072507553,0.0,0.08727272727272727,25.429158110882955,-0.7735699985788713,-0.8192457686311165
Devin Duvernay,WR,CHI,17,0.2705882352941177,0.29411764705882354,0.0,0.009398496240601503,0.0,0.03529411764705882,28.993839835728952,-1.2831336441448693,-1.3355915624157033
Laquon Treadwell,WR,IND,6,0.0,0.0,0.0,0.0,0.0,0.05900000000000001,31.241615331964407,-1.342113107237067,-1.38952109635469
LaJohntay Wester,WR,BAL,14,0.0,0.0,0.0,0.0,0.0,0.061764705882352944,24.451745379876797,-1.5318938994930624,-1.580961796862332
Myles Price,WR,MIN,16,0.0,0.0,0.0,0.0,0.0,0.018125000000000002,24.733744010951405,-1.6737344561870353,-1.7247129610725471
Simi Fehoko,WR,ARI,7,0.0,0.0,0.0,0.0,0.0,0.0625,28.84599589322382,-1.8370104225523813,-1.8881888222119296
Alex Bachman,WR,LV,11,0.29090909090909095,0.2727272727272727,0.0,0.00964630225080386,0.0,0.06307692307692309,30.28336755646817,-1.9601762766991326,-2.0160237713923994
KhaDarel Hodge,WR,ATL,8,0.7625,1.25,0.0,0.03731343283582089,0.0,0.10583333333333333,32.68446269678302,-2.071186981808422,-2.12590586080891
Charlie Jones,WR,CIN,14,0.42857142857142855,0.07142857142857142,0.0,0.001976284584980237,0.0,0.02142857142857143,27.865845311430526,-2.3442056925299513,-2.400247425397146
Jamal Agnew,WR,ATL,11,0.0,0.0,0.0,0.0,0.0,0.0018181818181818182,31.43874058863792,-3.7700189582475474,-3.8368999939160844
